[26-May-2026 00:06:01 UTC] 🔔 [MERC_LOG] Inicializado logger diario: /var/www/html/wp-content/merc_logs/merc-debug-2026-05-26.log
[26-May-2026 00:06:03 UTC] PHP Warning:  Cannot modify header information - headers already sent by (output started at /var/www/html/wp-content/plugins/merc-finance/includes/ajax.php:137) in /var/www/html/wp-includes/pluggable.php on line 1450
[26-May-2026 00:06:03 UTC] PHP Warning:  Cannot modify header information - headers already sent by (output started at /var/www/html/wp-content/plugins/merc-finance/includes/ajax.php:137) in /var/www/html/wp-includes/pluggable.php on line 1453
[26-May-2026 00:06:03 UTC] 🔔 [MERC_LOG] Inicializado logger diario: /var/www/html/wp-content/merc_logs/merc-debug-2026-05-26.log
[26-May-2026 00:06:04 UTC] PHP Warning:  Cannot modify header information - headers already sent by (output started at /var/www/html/wp-content/plugins/merc-finance/includes/ajax.php:137) in /var/www/html/wp-includes/pluggable.php on line 1450
[26-May-2026 00:06:04 UTC] PHP Warning:  Cannot modify header information - headers already sent by (output started at /var/www/html/wp-content/plugins/merc-finance/includes/ajax.php:137) in /var/www/html/wp-includes/pluggable.php on line 1453
[26-May-2026 00:06:05 UTC] 🔔 [MERC_LOG] Inicializado logger diario: /var/www/html/wp-content/merc_logs/merc-debug-2026-05-26.log
[26-May-2026 00:06:09 UTC] 🔵 [FILTER] filter_shipment_by_date_and_tiendaname llamado
[26-May-2026 00:06:09 UTC] 🔵 [FILTER] Usuario actual: 109
[26-May-2026 00:06:09 UTC] 🔵 [FILTER] Args iniciales: {"post_type":"wpcargo_shipment","post_status":"publish","posts_per_page":"500","paged":1,"s":"","meta_query":{"relation":"AND","0":[]},"date_query":[{"after":"2026-03-27","before":"2026-05-26","inclusive":true}]}
[26-May-2026 00:06:09 UTC] 🔵 [FILTER] GET params: Array
(
)

[26-May-2026 00:06:09 UTC] 🔵 [FILTER] Sin parámetros de fecha, aplicando HOY por defecto: 2026-05-25
[26-May-2026 00:06:09 UTC] 🔵 [FILTER] Fecha desde: '2026-05-25' | Fecha hasta: '2026-05-25'
[26-May-2026 00:06:09 UTC] 🔵 [FILTER] has_from: true | has_to: true
[26-May-2026 00:06:09 UTC] 🔵 [FILTER] REMOVIENDO date_query para evitar conflicto
[26-May-2026 00:06:09 UTC] 🔵 [FILTER] SQL Query: 
            SELECT DISTINCT p.ID 
            FROM wp_posts p
            INNER JOIN wp_postmeta pm ON p.ID = pm.post_id
            WHERE p.post_type = 'wpcargo_shipment'
            AND pm.meta_key IN ('wpcargo_pickup_date_picker', 'wpcargo_pickup_date', 'calendarenvio', 'wpcargo_fecha_envio')
            AND (STR_TO_DATE(pm.meta_value, '%d/%m/%Y') >= STR_TO_DATE('2026-05-25', '%Y-%m-%d') AND STR_TO_DATE(pm.meta_value, '%d/%m/%Y') <= STR_TO_DATE('2026-05-25', '%Y-%m-%d'))
        
[26-May-2026 00:06:09 UTC] 🔵 [FILTER] IDs encontrados por fecha: 1
[26-May-2026 00:06:09 UTC] 🔵 [FILTER] Primeros 10 IDs: 27491
[26-May-2026 00:06:09 UTC] 🔵 [FILTER] post__in no existe, creando nuevo
[26-May-2026 00:06:09 UTC] 🔵 [FILTER] post_status cambiado a array para incluir estados normales (EXCLUYENDO trash)
[26-May-2026 00:06:09 UTC] 🔵 [FILTER] Args finales: {"post_type":"wpcargo_shipment","post_status":["publish","draft","pending","private"],"posts_per_page":"500","paged":1,"s":"","meta_query":{"relation":"AND","0":[]},"post__in":["27491"]}
[26-May-2026 00:06:13 UTC] 🔔 [MERC_LOG] Inicializado logger diario: /var/www/html/wp-content/merc_logs/merc-debug-2026-05-26.log
[26-May-2026 00:06:14 UTC] PHP Warning:  Cannot modify header information - headers already sent by (output started at /var/www/html/wp-content/plugins/merc-finance/includes/ajax.php:137) in /var/www/html/wp-login.php on line 515
[26-May-2026 00:06:14 UTC] PHP Warning:  Cannot modify header information - headers already sent by (output started at /var/www/html/wp-content/plugins/merc-finance/includes/ajax.php:137) in /var/www/html/wp-login.php on line 531
[26-May-2026 00:06:14 UTC] PHP Warning:  Cannot modify header information - headers already sent by (output started at /var/www/html/wp-content/plugins/merc-finance/includes/ajax.php:137) in /var/www/html/wp-includes/functions.php on line 7144
[26-May-2026 00:06:14 UTC] PHP Warning:  Cannot modify header information - headers already sent by (output started at /var/www/html/wp-content/plugins/merc-finance/includes/ajax.php:137) in /var/www/html/wp-includes/functions.php on line 7168
[26-May-2026 00:06:18 UTC] 🔔 [MERC_LOG] Inicializado logger diario: /var/www/html/wp-content/merc_logs/merc-debug-2026-05-26.log
[26-May-2026 00:06:18 UTC] PHP Warning:  Cannot modify header information - headers already sent by (output started at /var/www/html/wp-content/plugins/merc-finance/includes/ajax.php:137) in /var/www/html/wp-login.php on line 515
[26-May-2026 00:06:18 UTC] PHP Warning:  Cannot modify header information - headers already sent by (output started at /var/www/html/wp-content/plugins/merc-finance/includes/ajax.php:137) in /var/www/html/wp-login.php on line 531
[26-May-2026 00:06:18 UTC] PHP Warning:  Cannot modify header information - headers already sent by (output started at /var/www/html/wp-content/plugins/merc-finance/includes/ajax.php:137) in /var/www/html/wp-includes/functions.php on line 7144
[26-May-2026 00:06:18 UTC] PHP Warning:  Cannot modify header information - headers already sent by (output started at /var/www/html/wp-content/plugins/merc-finance/includes/ajax.php:137) in /var/www/html/wp-includes/functions.php on line 7168
[26-May-2026 00:06:19 UTC] PHP Warning:  Cannot modify header information - headers already sent by (output started at /var/www/html/wp-content/plugins/merc-finance/includes/ajax.php:137) in /var/www/html/wp-includes/pluggable.php on line 1108
[26-May-2026 00:06:19 UTC] PHP Warning:  Cannot modify header information - headers already sent by (output started at /var/www/html/wp-content/plugins/merc-finance/includes/ajax.php:137) in /var/www/html/wp-includes/pluggable.php on line 1109
[26-May-2026 00:06:19 UTC] PHP Warning:  Cannot modify header information - headers already sent by (output started at /var/www/html/wp-content/plugins/merc-finance/includes/ajax.php:137) in /var/www/html/wp-includes/pluggable.php on line 1110
[26-May-2026 00:06:19 UTC] PHP Warning:  Cannot modify header information - headers already sent by (output started at /var/www/html/wp-content/plugins/merc-finance/includes/ajax.php:137) in /var/www/html/wp-includes/pluggable.php on line 1450
[26-May-2026 00:06:19 UTC] PHP Warning:  Cannot modify header information - headers already sent by (output started at /var/www/html/wp-content/plugins/merc-finance/includes/ajax.php:137) in /var/www/html/wp-includes/pluggable.php on line 1453
[26-May-2026 00:06:19 UTC] 🔔 [MERC_LOG] Inicializado logger diario: /var/www/html/wp-content/merc_logs/merc-debug-2026-05-26.log
[26-May-2026 00:06:19 UTC] PHP Warning:  Cannot modify header information - headers already sent by (output started at /var/www/html/wp-content/plugins/merc-finance/includes/ajax.php:137) in /var/www/html/wp-includes/pluggable.php on line 1450
[26-May-2026 00:06:19 UTC] PHP Warning:  Cannot modify header information - headers already sent by (output started at /var/www/html/wp-content/plugins/merc-finance/includes/ajax.php:137) in /var/www/html/wp-includes/pluggable.php on line 1453
[26-May-2026 00:07:54 UTC] 🔔 [MERC_LOG] Inicializado logger diario: /var/www/html/wp-content/merc_logs/merc-debug-2026-05-26.log
[26-May-2026 00:07:56 UTC] 🔵 [FILTER] filter_shipment_by_date_and_tiendaname llamado
[26-May-2026 00:07:56 UTC] 🔵 [FILTER] Usuario actual: 109
[26-May-2026 00:07:56 UTC] 🔵 [FILTER] Args iniciales: {"post_type":"wpcargo_shipment","post_status":"publish","posts_per_page":"500","paged":1,"s":"","meta_query":{"relation":"AND","0":[]},"date_query":[{"after":"2026-03-27","before":"2026-05-26","inclusive":true}]}
[26-May-2026 00:07:56 UTC] 🔵 [FILTER] GET params: Array
(
)

[26-May-2026 00:07:56 UTC] 🔵 [FILTER] Sin parámetros de fecha, aplicando HOY por defecto: 2026-05-25
[26-May-2026 00:07:56 UTC] 🔵 [FILTER] Fecha desde: '2026-05-25' | Fecha hasta: '2026-05-25'
[26-May-2026 00:07:56 UTC] 🔵 [FILTER] has_from: true | has_to: true
[26-May-2026 00:07:56 UTC] 🔵 [FILTER] REMOVIENDO date_query para evitar conflicto
[26-May-2026 00:07:56 UTC] 🔵 [FILTER] SQL Query: 
            SELECT DISTINCT p.ID 
            FROM wp_posts p
            INNER JOIN wp_postmeta pm ON p.ID = pm.post_id
            WHERE p.post_type = 'wpcargo_shipment'
            AND pm.meta_key IN ('wpcargo_pickup_date_picker', 'wpcargo_pickup_date', 'calendarenvio', 'wpcargo_fecha_envio')
            AND (STR_TO_DATE(pm.meta_value, '%d/%m/%Y') >= STR_TO_DATE('2026-05-25', '%Y-%m-%d') AND STR_TO_DATE(pm.meta_value, '%d/%m/%Y') <= STR_TO_DATE('2026-05-25', '%Y-%m-%d'))
        
[26-May-2026 00:07:57 UTC] 🔵 [FILTER] IDs encontrados por fecha: 1
[26-May-2026 00:07:57 UTC] 🔵 [FILTER] Primeros 10 IDs: 27491
[26-May-2026 00:07:57 UTC] 🔵 [FILTER] post__in no existe, creando nuevo
[26-May-2026 00:07:57 UTC] 🔵 [FILTER] post_status cambiado a array para incluir estados normales (EXCLUYENDO trash)
[26-May-2026 00:07:57 UTC] 🔵 [FILTER] Args finales: {"post_type":"wpcargo_shipment","post_status":["publish","draft","pending","private"],"posts_per_page":"500","paged":1,"s":"","meta_query":{"relation":"AND","0":[]},"post__in":["27491"]}
[26-May-2026 00:07:59 UTC] 🔔 [MERC_LOG] Inicializado logger diario: /var/www/html/wp-content/merc_logs/merc-debug-2026-05-26.log
[26-May-2026 00:07:59 UTC] PHP Warning:  Cannot modify header information - headers already sent by (output started at /var/www/html/wp-content/plugins/merc-finance/includes/ajax.php:137) in /var/www/html/wp-login.php on line 515
[26-May-2026 00:07:59 UTC] PHP Warning:  Cannot modify header information - headers already sent by (output started at /var/www/html/wp-content/plugins/merc-finance/includes/ajax.php:137) in /var/www/html/wp-login.php on line 531
[26-May-2026 00:07:59 UTC] PHP Warning:  Cannot modify header information - headers already sent by (output started at /var/www/html/wp-content/plugins/merc-finance/includes/ajax.php:137) in /var/www/html/wp-includes/functions.php on line 7144
[26-May-2026 00:07:59 UTC] PHP Warning:  Cannot modify header information - headers already sent by (output started at /var/www/html/wp-content/plugins/merc-finance/includes/ajax.php:137) in /var/www/html/wp-includes/functions.php on line 7168
[26-May-2026 00:07:59 UTC] PHP Warning:  Cannot modify header information - headers already sent by (output started at /var/www/html/wp-content/plugins/merc-finance/includes/ajax.php:137) in /var/www/html/wp-includes/pluggable.php on line 1137
[26-May-2026 00:07:59 UTC] PHP Warning:  Cannot modify header information - headers already sent by (output started at /var/www/html/wp-content/plugins/merc-finance/includes/ajax.php:137) in /var/www/html/wp-includes/pluggable.php on line 1138
[26-May-2026 00:07:59 UTC] PHP Warning:  Cannot modify header information - headers already sent by (output started at /var/www/html/wp-content/plugins/merc-finance/includes/ajax.php:137) in /var/www/html/wp-includes/pluggable.php on line 1139
[26-May-2026 00:07:59 UTC] PHP Warning:  Cannot modify header information - headers already sent by (output started at /var/www/html/wp-content/plugins/merc-finance/includes/ajax.php:137) in /var/www/html/wp-includes/pluggable.php on line 1140
[26-May-2026 00:07:59 UTC] PHP Warning:  Cannot modify header information - headers already sent by (output started at /var/www/html/wp-content/plugins/merc-finance/includes/ajax.php:137) in /var/www/html/wp-includes/pluggable.php on line 1141
[26-May-2026 00:07:59 UTC] PHP Warning:  Cannot modify header information - headers already sent by (output started at /var/www/html/wp-content/plugins/merc-finance/includes/ajax.php:137) in /var/www/html/wp-includes/pluggable.php on line 1142
[26-May-2026 00:07:59 UTC] PHP Warning:  Cannot modify header information - headers already sent by (output started at /var/www/html/wp-content/plugins/merc-finance/includes/ajax.php:137) in /var/www/html/wp-includes/pluggable.php on line 1145
[26-May-2026 00:07:59 UTC] PHP Warning:  Cannot modify header information - headers already sent by (output started at /var/www/html/wp-content/plugins/merc-finance/includes/ajax.php:137) in /var/www/html/wp-includes/pluggable.php on line 1146
[26-May-2026 00:07:59 UTC] PHP Warning:  Cannot modify header information - headers already sent by (output started at /var/www/html/wp-content/plugins/merc-finance/includes/ajax.php:137) in /var/www/html/wp-includes/pluggable.php on line 1149
[26-May-2026 00:07:59 UTC] PHP Warning:  Cannot modify header information - headers already sent by (output started at /var/www/html/wp-content/plugins/merc-finance/includes/ajax.php:137) in /var/www/html/wp-includes/pluggable.php on line 1150
[26-May-2026 00:07:59 UTC] PHP Warning:  Cannot modify header information - headers already sent by (output started at /var/www/html/wp-content/plugins/merc-finance/includes/ajax.php:137) in /var/www/html/wp-includes/pluggable.php on line 1151
[26-May-2026 00:07:59 UTC] PHP Warning:  Cannot modify header information - headers already sent by (output started at /var/www/html/wp-content/plugins/merc-finance/includes/ajax.php:137) in /var/www/html/wp-includes/pluggable.php on line 1152
[26-May-2026 00:07:59 UTC] PHP Warning:  Cannot modify header information - headers already sent by (output started at /var/www/html/wp-content/plugins/merc-finance/includes/ajax.php:137) in /var/www/html/wp-includes/pluggable.php on line 1155
[26-May-2026 00:07:59 UTC] PHP Warning:  Cannot modify header information - headers already sent by (output started at /var/www/html/wp-content/plugins/merc-finance/includes/ajax.php:137) in /var/www/html/wp-includes/pluggable.php on line 1156
[26-May-2026 00:07:59 UTC] PHP Warning:  Cannot modify header information - headers already sent by (output started at /var/www/html/wp-content/plugins/merc-finance/includes/ajax.php:137) in /var/www/html/wp-includes/pluggable.php on line 1157
[26-May-2026 00:07:59 UTC] PHP Warning:  Cannot modify header information - headers already sent by (output started at /var/www/html/wp-content/plugins/merc-finance/includes/ajax.php:137) in /var/www/html/wp-includes/pluggable.php on line 1158
[26-May-2026 00:07:59 UTC] PHP Warning:  Cannot modify header information - headers already sent by (output started at /var/www/html/wp-content/plugins/merc-finance/includes/ajax.php:137) in /var/www/html/wp-includes/pluggable.php on line 1161
[26-May-2026 00:07:59 UTC] PHP Warning:  Cannot modify header information - headers already sent by (output started at /var/www/html/wp-content/plugins/merc-finance/includes/ajax.php:137) in /var/www/html/wp-includes/pluggable.php on line 1450
[26-May-2026 00:07:59 UTC] PHP Warning:  Cannot modify header information - headers already sent by (output started at /var/www/html/wp-content/plugins/merc-finance/includes/ajax.php:137) in /var/www/html/wp-includes/pluggable.php on line 1453
[26-May-2026 00:07:59 UTC] 🔔 [MERC_LOG] Inicializado logger diario: /var/www/html/wp-content/merc_logs/merc-debug-2026-05-26.log
[26-May-2026 00:08:00 UTC] PHP Warning:  Cannot modify header information - headers already sent by (output started at /var/www/html/wp-content/plugins/merc-finance/includes/ajax.php:137) in /var/www/html/wp-includes/pluggable.php on line 1450
[26-May-2026 00:08:00 UTC] PHP Warning:  Cannot modify header information - headers already sent by (output started at /var/www/html/wp-content/plugins/merc-finance/includes/ajax.php:137) in /var/www/html/wp-includes/pluggable.php on line 1453
[26-May-2026 00:08:08 UTC] 🔔 [MERC_LOG] Inicializado logger diario: /var/www/html/wp-content/merc_logs/merc-debug-2026-05-26.log
[26-May-2026 00:08:13 UTC] 🔔 [MERC_LOG] Inicializado logger diario: /var/www/html/wp-content/merc_logs/merc-debug-2026-05-26.log
[26-May-2026 00:08:21 UTC] 🔔 [MERC_LOG] Inicializado logger diario: /var/www/html/wp-content/merc_logs/merc-debug-2026-05-26.log
[26-May-2026 00:08:22 UTC] PHP Warning:  Cannot modify header information - headers already sent by (output started at /var/www/html/wp-content/plugins/merc-finance/includes/ajax.php:137) in /var/www/html/wp-login.php on line 515
[26-May-2026 00:08:22 UTC] PHP Warning:  Cannot modify header information - headers already sent by (output started at /var/www/html/wp-content/plugins/merc-finance/includes/ajax.php:137) in /var/www/html/wp-login.php on line 531
[26-May-2026 00:08:22 UTC] PHP Warning:  Cannot modify header information - headers already sent by (output started at /var/www/html/wp-content/plugins/merc-finance/includes/ajax.php:137) in /var/www/html/wp-includes/functions.php on line 7144
[26-May-2026 00:08:22 UTC] PHP Warning:  Cannot modify header information - headers already sent by (output started at /var/www/html/wp-content/plugins/merc-finance/includes/ajax.php:137) in /var/www/html/wp-includes/functions.php on line 7168
[26-May-2026 00:08:22 UTC] PHP Warning:  Cannot modify header information - headers already sent by (output started at /var/www/html/wp-content/plugins/merc-finance/includes/ajax.php:137) in /var/www/html/wp-includes/pluggable.php on line 1108
[26-May-2026 00:08:22 UTC] PHP Warning:  Cannot modify header information - headers already sent by (output started at /var/www/html/wp-content/plugins/merc-finance/includes/ajax.php:137) in /var/www/html/wp-includes/pluggable.php on line 1109
[26-May-2026 00:08:22 UTC] PHP Warning:  Cannot modify header information - headers already sent by (output started at /var/www/html/wp-content/plugins/merc-finance/includes/ajax.php:137) in /var/www/html/wp-includes/pluggable.php on line 1110
[26-May-2026 00:08:22 UTC] PHP Warning:  Cannot modify header information - headers already sent by (output started at /var/www/html/wp-content/plugins/merc-finance/includes/ajax.php:137) in /var/www/html/wp-includes/pluggable.php on line 1450
[26-May-2026 00:08:22 UTC] PHP Warning:  Cannot modify header information - headers already sent by (output started at /var/www/html/wp-content/plugins/merc-finance/includes/ajax.php:137) in /var/www/html/wp-includes/pluggable.php on line 1453
[26-May-2026 00:08:22 UTC] 🔔 [MERC_LOG] Inicializado logger diario: /var/www/html/wp-content/merc_logs/merc-debug-2026-05-26.log
[26-May-2026 00:08:22 UTC] PHP Warning:  Cannot modify header information - headers already sent by (output started at /var/www/html/wp-content/plugins/merc-finance/includes/ajax.php:137) in /var/www/html/wp-includes/pluggable.php on line 1450
[26-May-2026 00:08:22 UTC] PHP Warning:  Cannot modify header information - headers already sent by (output started at /var/www/html/wp-content/plugins/merc-finance/includes/ajax.php:137) in /var/www/html/wp-includes/pluggable.php on line 1453
[26-May-2026 00:08:30 UTC] 🔔 [MERC_LOG] Inicializado logger diario: /var/www/html/wp-content/merc_logs/merc-debug-2026-05-26.log
[26-May-2026 00:08:51 UTC] 🔔 [MERC_LOG] Inicializado logger diario: /var/www/html/wp-content/merc_logs/merc-debug-2026-05-26.log
[26-May-2026 00:08:56 UTC] 🔔 [MERC_LOG] Inicializado logger diario: /var/www/html/wp-content/merc_logs/merc-debug-2026-05-26.log
[26-May-2026 00:13:14 UTC] 🔔 [MERC_LOG] Inicializado logger diario: /var/www/html/wp-content/merc_logs/merc-debug-2026-05-26.log
[26-May-2026 00:13:22 UTC] 🔔 [MERC_LOG] Inicializado logger diario: /var/www/html/wp-content/merc_logs/merc-debug-2026-05-26.log
[26-May-2026 00:13:30 UTC] 🔔 [MERC_LOG] Inicializado logger diario: /var/www/html/wp-content/merc_logs/merc-debug-2026-05-26.log
[26-May-2026 00:13:31 UTC] PHP Warning:  Cannot modify header information - headers already sent by (output started at /var/www/html/wp-content/plugins/merc-finance/includes/ajax.php:137) in /var/www/html/wp-login.php on line 515
[26-May-2026 00:13:31 UTC] PHP Warning:  Cannot modify header information - headers already sent by (output started at /var/www/html/wp-content/plugins/merc-finance/includes/ajax.php:137) in /var/www/html/wp-login.php on line 531
[26-May-2026 00:13:31 UTC] PHP Warning:  Cannot modify header information - headers already sent by (output started at /var/www/html/wp-content/plugins/merc-finance/includes/ajax.php:137) in /var/www/html/wp-includes/functions.php on line 7144
[26-May-2026 00:13:31 UTC] PHP Warning:  Cannot modify header information - headers already sent by (output started at /var/www/html/wp-content/plugins/merc-finance/includes/ajax.php:137) in /var/www/html/wp-includes/functions.php on line 7168
[26-May-2026 00:13:31 UTC] PHP Warning:  Cannot modify header information - headers already sent by (output started at /var/www/html/wp-content/plugins/merc-finance/includes/ajax.php:137) in /var/www/html/wp-includes/pluggable.php on line 1108
[26-May-2026 00:13:31 UTC] PHP Warning:  Cannot modify header information - headers already sent by (output started at /var/www/html/wp-content/plugins/merc-finance/includes/ajax.php:137) in /var/www/html/wp-includes/pluggable.php on line 1109
[26-May-2026 00:13:31 UTC] PHP Warning:  Cannot modify header information - headers already sent by (output started at /var/www/html/wp-content/plugins/merc-finance/includes/ajax.php:137) in /var/www/html/wp-includes/pluggable.php on line 1110
[26-May-2026 00:13:31 UTC] PHP Warning:  Cannot modify header information - headers already sent by (output started at /var/www/html/wp-content/plugins/merc-finance/includes/ajax.php:137) in /var/www/html/wp-includes/pluggable.php on line 1450
[26-May-2026 00:13:31 UTC] PHP Warning:  Cannot modify header information - headers already sent by (output started at /var/www/html/wp-content/plugins/merc-finance/includes/ajax.php:137) in /var/www/html/wp-includes/pluggable.php on line 1453
[26-May-2026 00:13:31 UTC] 🔔 [MERC_LOG] Inicializado logger diario: /var/www/html/wp-content/merc_logs/merc-debug-2026-05-26.log
[26-May-2026 00:13:32 UTC] PHP Warning:  Cannot modify header information - headers already sent by (output started at /var/www/html/wp-content/plugins/merc-finance/includes/ajax.php:137) in /var/www/html/wp-includes/pluggable.php on line 1450
[26-May-2026 00:13:32 UTC] PHP Warning:  Cannot modify header information - headers already sent by (output started at /var/www/html/wp-content/plugins/merc-finance/includes/ajax.php:137) in /var/www/html/wp-includes/pluggable.php on line 1453
[26-May-2026 00:15:30 UTC] 🔔 [MERC_LOG] Inicializado logger diario: /var/www/html/wp-content/merc_logs/merc-debug-2026-05-26.log
[26-May-2026 00:15:37 UTC] 🔔 [MERC_LOG] Inicializado logger diario: /var/www/html/wp-content/merc_logs/merc-debug-2026-05-26.log
[26-May-2026 00:15:45 UTC] 🔔 [MERC_LOG] Inicializado logger diario: /var/www/html/wp-content/merc_logs/merc-debug-2026-05-26.log
[26-May-2026 00:15:45 UTC] PHP Warning:  Cannot modify header information - headers already sent by (output started at /var/www/html/wp-content/plugins/merc-finance/includes/ajax.php:137) in /var/www/html/wp-login.php on line 515
[26-May-2026 00:15:45 UTC] PHP Warning:  Cannot modify header information - headers already sent by (output started at /var/www/html/wp-content/plugins/merc-finance/includes/ajax.php:137) in /var/www/html/wp-login.php on line 531
[26-May-2026 00:15:45 UTC] PHP Warning:  Cannot modify header information - headers already sent by (output started at /var/www/html/wp-content/plugins/merc-finance/includes/ajax.php:137) in /var/www/html/wp-includes/functions.php on line 7144
[26-May-2026 00:15:45 UTC] PHP Warning:  Cannot modify header information - headers already sent by (output started at /var/www/html/wp-content/plugins/merc-finance/includes/ajax.php:137) in /var/www/html/wp-includes/functions.php on line 7168
[26-May-2026 00:15:46 UTC] PHP Warning:  Cannot modify header information - headers already sent by (output started at /var/www/html/wp-content/plugins/merc-finance/includes/ajax.php:137) in /var/www/html/wp-includes/pluggable.php on line 1108
[26-May-2026 00:15:46 UTC] PHP Warning:  Cannot modify header information - headers already sent by (output started at /var/www/html/wp-content/plugins/merc-finance/includes/ajax.php:137) in /var/www/html/wp-includes/pluggable.php on line 1109
[26-May-2026 00:15:46 UTC] PHP Warning:  Cannot modify header information - headers already sent by (output started at /var/www/html/wp-content/plugins/merc-finance/includes/ajax.php:137) in /var/www/html/wp-includes/pluggable.php on line 1110
[26-May-2026 00:15:46 UTC] PHP Warning:  Cannot modify header information - headers already sent by (output started at /var/www/html/wp-content/plugins/merc-finance/includes/ajax.php:137) in /var/www/html/wp-includes/pluggable.php on line 1450
[26-May-2026 00:15:46 UTC] PHP Warning:  Cannot modify header information - headers already sent by (output started at /var/www/html/wp-content/plugins/merc-finance/includes/ajax.php:137) in /var/www/html/wp-includes/pluggable.php on line 1453
[26-May-2026 00:15:46 UTC] 🔔 [MERC_LOG] Inicializado logger diario: /var/www/html/wp-content/merc_logs/merc-debug-2026-05-26.log
[26-May-2026 00:15:46 UTC] PHP Warning:  Cannot modify header information - headers already sent by (output started at /var/www/html/wp-content/plugins/merc-finance/includes/ajax.php:137) in /var/www/html/wp-includes/pluggable.php on line 1450
[26-May-2026 00:15:46 UTC] PHP Warning:  Cannot modify header information - headers already sent by (output started at /var/www/html/wp-content/plugins/merc-finance/includes/ajax.php:137) in /var/www/html/wp-includes/pluggable.php on line 1453
[26-May-2026 00:16:42 UTC] 🔔 [MERC_LOG] Inicializado logger diario: /var/www/html/wp-content/merc_logs/merc-debug-2026-05-26.log
[26-May-2026 00:16:48 UTC] 🔔 [MERC_LOG] Inicializado logger diario: /var/www/html/wp-content/merc_logs/merc-debug-2026-05-26.log
[26-May-2026 00:16:59 UTC] 🔔 [MERC_LOG] Inicializado logger diario: /var/www/html/wp-content/merc_logs/merc-debug-2026-05-26.log
[26-May-2026 00:17:00 UTC] PHP Warning:  Cannot modify header information - headers already sent by (output started at /var/www/html/wp-content/plugins/merc-finance/includes/ajax.php:137) in /var/www/html/wp-login.php on line 515
[26-May-2026 00:17:00 UTC] PHP Warning:  Cannot modify header information - headers already sent by (output started at /var/www/html/wp-content/plugins/merc-finance/includes/ajax.php:137) in /var/www/html/wp-login.php on line 531
[26-May-2026 00:17:00 UTC] PHP Warning:  Cannot modify header information - headers already sent by (output started at /var/www/html/wp-content/plugins/merc-finance/includes/ajax.php:137) in /var/www/html/wp-includes/functions.php on line 7144
[26-May-2026 00:17:00 UTC] PHP Warning:  Cannot modify header information - headers already sent by (output started at /var/www/html/wp-content/plugins/merc-finance/includes/ajax.php:137) in /var/www/html/wp-includes/functions.php on line 7168
[26-May-2026 00:17:00 UTC] PHP Warning:  Cannot modify header information - headers already sent by (output started at /var/www/html/wp-content/plugins/merc-finance/includes/ajax.php:137) in /var/www/html/wp-includes/pluggable.php on line 1108
[26-May-2026 00:17:00 UTC] PHP Warning:  Cannot modify header information - headers already sent by (output started at /var/www/html/wp-content/plugins/merc-finance/includes/ajax.php:137) in /var/www/html/wp-includes/pluggable.php on line 1109
[26-May-2026 00:17:00 UTC] PHP Warning:  Cannot modify header information - headers already sent by (output started at /var/www/html/wp-content/plugins/merc-finance/includes/ajax.php:137) in /var/www/html/wp-includes/pluggable.php on line 1110
[26-May-2026 00:17:00 UTC] PHP Warning:  Cannot modify header information - headers already sent by (output started at /var/www/html/wp-content/plugins/merc-finance/includes/ajax.php:137) in /var/www/html/wp-includes/pluggable.php on line 1450
[26-May-2026 00:17:00 UTC] PHP Warning:  Cannot modify header information - headers already sent by (output started at /var/www/html/wp-content/plugins/merc-finance/includes/ajax.php:137) in /var/www/html/wp-includes/pluggable.php on line 1453
[26-May-2026 00:17:00 UTC] 🔔 [MERC_LOG] Inicializado logger diario: /var/www/html/wp-content/merc_logs/merc-debug-2026-05-26.log
[26-May-2026 00:17:01 UTC] PHP Warning:  Cannot modify header information - headers already sent by (output started at /var/www/html/wp-content/plugins/merc-finance/includes/ajax.php:137) in /var/www/html/wp-includes/pluggable.php on line 1450
[26-May-2026 00:17:01 UTC] PHP Warning:  Cannot modify header information - headers already sent by (output started at /var/www/html/wp-content/plugins/merc-finance/includes/ajax.php:137) in /var/www/html/wp-includes/pluggable.php on line 1453
[26-May-2026 00:56:08 UTC] 🔔 [MERC_LOG] Inicializado logger diario: /var/www/html/wp-content/merc_logs/merc-debug-2026-05-26.log
[26-May-2026 00:56:28 UTC] 🔔 [MERC_LOG] Inicializado logger diario: /var/www/html/wp-content/merc_logs/merc-debug-2026-05-26.log
[26-May-2026 00:56:29 UTC] PHP Warning:  Cannot modify header information - headers already sent by (output started at /var/www/html/wp-content/plugins/merc-finance/includes/ajax.php:137) in /var/www/html/wp-login.php on line 515
[26-May-2026 00:56:29 UTC] PHP Warning:  Cannot modify header information - headers already sent by (output started at /var/www/html/wp-content/plugins/merc-finance/includes/ajax.php:137) in /var/www/html/wp-login.php on line 531
[26-May-2026 00:56:29 UTC] PHP Warning:  Cannot modify header information - headers already sent by (output started at /var/www/html/wp-content/plugins/merc-finance/includes/ajax.php:137) in /var/www/html/wp-includes/functions.php on line 7144
[26-May-2026 00:56:29 UTC] PHP Warning:  Cannot modify header information - headers already sent by (output started at /var/www/html/wp-content/plugins/merc-finance/includes/ajax.php:137) in /var/www/html/wp-includes/functions.php on line 7168
[26-May-2026 00:56:30 UTC] PHP Warning:  Cannot modify header information - headers already sent by (output started at /var/www/html/wp-content/plugins/merc-finance/includes/ajax.php:137) in /var/www/html/wp-includes/pluggable.php on line 1108
[26-May-2026 00:56:30 UTC] PHP Warning:  Cannot modify header information - headers already sent by (output started at /var/www/html/wp-content/plugins/merc-finance/includes/ajax.php:137) in /var/www/html/wp-includes/pluggable.php on line 1109
[26-May-2026 00:56:30 UTC] PHP Warning:  Cannot modify header information - headers already sent by (output started at /var/www/html/wp-content/plugins/merc-finance/includes/ajax.php:137) in /var/www/html/wp-includes/pluggable.php on line 1110
[26-May-2026 00:58:58 UTC] 🔔 [MERC_LOG] Inicializado logger diario: /var/www/html/wp-content/merc_logs/merc-debug-2026-05-26.log
[26-May-2026 00:58:59 UTC] PHP Warning:  Cannot modify header information - headers already sent by (output started at /var/www/html/wp-content/plugins/merc-finance/includes/ajax.php:137) in /var/www/html/wp-login.php on line 515
[26-May-2026 00:58:59 UTC] PHP Warning:  Cannot modify header information - headers already sent by (output started at /var/www/html/wp-content/plugins/merc-finance/includes/ajax.php:137) in /var/www/html/wp-login.php on line 531
[26-May-2026 00:58:59 UTC] PHP Warning:  Cannot modify header information - headers already sent by (output started at /var/www/html/wp-content/plugins/merc-finance/includes/ajax.php:137) in /var/www/html/wp-includes/functions.php on line 7144
[26-May-2026 00:58:59 UTC] PHP Warning:  Cannot modify header information - headers already sent by (output started at /var/www/html/wp-content/plugins/merc-finance/includes/ajax.php:137) in /var/www/html/wp-includes/functions.php on line 7168
[26-May-2026 00:58:59 UTC] PHP Warning:  Cannot modify header information - headers already sent by (output started at /var/www/html/wp-content/plugins/merc-finance/includes/ajax.php:137) in /var/www/html/wp-includes/pluggable.php on line 1450
[26-May-2026 00:58:59 UTC] PHP Warning:  Cannot modify header information - headers already sent by (output started at /var/www/html/wp-content/plugins/merc-finance/includes/ajax.php:137) in /var/www/html/wp-includes/pluggable.php on line 1453
[26-May-2026 00:59:00 UTC] 🔔 [MERC_LOG] Inicializado logger diario: /var/www/html/wp-content/merc_logs/merc-debug-2026-05-26.log
[26-May-2026 00:59:00 UTC] PHP Warning:  Cannot modify header information - headers already sent by (output started at /var/www/html/wp-content/plugins/merc-finance/includes/ajax.php:137) in /var/www/html/wp-includes/pluggable.php on line 1450
[26-May-2026 00:59:00 UTC] PHP Warning:  Cannot modify header information - headers already sent by (output started at /var/www/html/wp-content/plugins/merc-finance/includes/ajax.php:137) in /var/www/html/wp-includes/pluggable.php on line 1453
[26-May-2026 00:59:04 UTC] 🔔 [MERC_LOG] Inicializado logger diario: /var/www/html/wp-content/merc_logs/merc-debug-2026-05-26.log
[26-May-2026 00:59:12 UTC] 🔔 [MERC_LOG] Inicializado logger diario: /var/www/html/wp-content/merc_logs/merc-debug-2026-05-26.log
[26-May-2026 00:59:13 UTC] PHP Warning:  Cannot modify header information - headers already sent by (output started at /var/www/html/wp-content/plugins/merc-finance/includes/ajax.php:137) in /var/www/html/wp-login.php on line 515
[26-May-2026 00:59:13 UTC] PHP Warning:  Cannot modify header information - headers already sent by (output started at /var/www/html/wp-content/plugins/merc-finance/includes/ajax.php:137) in /var/www/html/wp-login.php on line 531
[26-May-2026 00:59:13 UTC] PHP Warning:  Cannot modify header information - headers already sent by (output started at /var/www/html/wp-content/plugins/merc-finance/includes/ajax.php:137) in /var/www/html/wp-includes/functions.php on line 7144
[26-May-2026 00:59:13 UTC] PHP Warning:  Cannot modify header information - headers already sent by (output started at /var/www/html/wp-content/plugins/merc-finance/includes/ajax.php:137) in /var/www/html/wp-includes/functions.php on line 7168
[26-May-2026 00:59:13 UTC] PHP Warning:  Cannot modify header information - headers already sent by (output started at /var/www/html/wp-content/plugins/merc-finance/includes/ajax.php:137) in /var/www/html/wp-includes/pluggable.php on line 1450
[26-May-2026 00:59:13 UTC] PHP Warning:  Cannot modify header information - headers already sent by (output started at /var/www/html/wp-content/plugins/merc-finance/includes/ajax.php:137) in /var/www/html/wp-includes/pluggable.php on line 1453
[26-May-2026 00:59:13 UTC] 🔔 [MERC_LOG] Inicializado logger diario: /var/www/html/wp-content/merc_logs/merc-debug-2026-05-26.log
[26-May-2026 00:59:13 UTC] PHP Warning:  Cannot modify header information - headers already sent by (output started at /var/www/html/wp-content/plugins/merc-finance/includes/ajax.php:137) in /var/www/html/wp-includes/pluggable.php on line 1450
[26-May-2026 00:59:13 UTC] PHP Warning:  Cannot modify header information - headers already sent by (output started at /var/www/html/wp-content/plugins/merc-finance/includes/ajax.php:137) in /var/www/html/wp-includes/pluggable.php on line 1453
[26-May-2026 01:02:17 UTC] 🔔 [MERC_LOG] Inicializado logger diario: /var/www/html/wp-content/merc_logs/merc-debug-2026-05-26.log
[26-May-2026 01:02:17 UTC] PHP Warning:  Cannot modify header information - headers already sent by (output started at /var/www/html/wp-content/plugins/merc-finance/includes/ajax.php:137) in /var/www/html/wp-login.php on line 515
[26-May-2026 01:02:17 UTC] PHP Warning:  Cannot modify header information - headers already sent by (output started at /var/www/html/wp-content/plugins/merc-finance/includes/ajax.php:137) in /var/www/html/wp-login.php on line 531
[26-May-2026 01:02:17 UTC] PHP Warning:  Cannot modify header information - headers already sent by (output started at /var/www/html/wp-content/plugins/merc-finance/includes/ajax.php:137) in /var/www/html/wp-includes/functions.php on line 7144
[26-May-2026 01:02:17 UTC] PHP Warning:  Cannot modify header information - headers already sent by (output started at /var/www/html/wp-content/plugins/merc-finance/includes/ajax.php:137) in /var/www/html/wp-includes/functions.php on line 7168
[26-May-2026 01:02:17 UTC] PHP Warning:  Cannot modify header information - headers already sent by (output started at /var/www/html/wp-content/plugins/merc-finance/includes/ajax.php:137) in /var/www/html/wp-includes/pluggable.php on line 1450
[26-May-2026 01:02:17 UTC] PHP Warning:  Cannot modify header information - headers already sent by (output started at /var/www/html/wp-content/plugins/merc-finance/includes/ajax.php:137) in /var/www/html/wp-includes/pluggable.php on line 1453
[26-May-2026 01:02:18 UTC] 🔔 [MERC_LOG] Inicializado logger diario: /var/www/html/wp-content/merc_logs/merc-debug-2026-05-26.log
[26-May-2026 01:02:18 UTC] PHP Warning:  Cannot modify header information - headers already sent by (output started at /var/www/html/wp-content/plugins/merc-finance/includes/ajax.php:137) in /var/www/html/wp-includes/pluggable.php on line 1450
[26-May-2026 01:02:18 UTC] PHP Warning:  Cannot modify header information - headers already sent by (output started at /var/www/html/wp-content/plugins/merc-finance/includes/ajax.php:137) in /var/www/html/wp-includes/pluggable.php on line 1453
[26-May-2026 01:04:50 UTC] 🔔 [MERC_LOG] Inicializado logger diario: /var/www/html/wp-content/merc_logs/merc-debug-2026-05-26.log
[26-May-2026 01:04:50 UTC] MERC_DEBUG - fallback merc_get_shipment_customer_id registered
[26-May-2026 01:04:52 UTC] 🔔 [MERC_LOG] Inicializado logger diario: /var/www/html/wp-content/merc_logs/merc-debug-2026-05-26.log
[26-May-2026 01:04:52 UTC] MERC_DEBUG - fallback merc_get_shipment_customer_id registered
[26-May-2026 01:05:02 UTC] 🔔 [MERC_LOG] Inicializado logger diario: /var/www/html/wp-content/merc_logs/merc-debug-2026-05-26.log
[26-May-2026 01:05:02 UTC] MERC_DEBUG - fallback merc_get_shipment_customer_id registered
[26-May-2026 01:05:03 UTC] 🔔 [MERC_LOG] Inicializado logger diario: /var/www/html/wp-content/merc_logs/merc-debug-2026-05-26.log
[26-May-2026 01:05:03 UTC] MERC_DEBUG - fallback merc_get_shipment_customer_id registered
[26-May-2026 01:05:12 UTC] 🔔 [MERC_LOG] Inicializado logger diario: /var/www/html/wp-content/merc_logs/merc-debug-2026-05-26.log
[26-May-2026 01:05:12 UTC] MERC_DEBUG - fallback merc_get_shipment_customer_id registered
[26-May-2026 01:05:14 UTC] 🔔 [MERC_LOG] Inicializado logger diario: /var/www/html/wp-content/merc_logs/merc-debug-2026-05-26.log
[26-May-2026 01:05:14 UTC] MERC_DEBUG - fallback merc_get_shipment_customer_id registered
[26-May-2026 01:05:14 UTC] 🔔 [MERC_LOG] Inicializado logger diario: /var/www/html/wp-content/merc_logs/merc-debug-2026-05-26.log
[26-May-2026 01:05:14 UTC] MERC_DEBUG - fallback merc_get_shipment_customer_id registered
[26-May-2026 01:05:19 UTC] 🔔 [MERC_LOG] Inicializado logger diario: /var/www/html/wp-content/merc_logs/merc-debug-2026-05-26.log
[26-May-2026 01:05:19 UTC] MERC_DEBUG - fallback merc_get_shipment_customer_id registered
[26-May-2026 01:05:19 UTC] 🔔 [MERC_LOG] Inicializado logger diario: /var/www/html/wp-content/merc_logs/merc-debug-2026-05-26.log
[26-May-2026 01:05:19 UTC] MERC_DEBUG - fallback merc_get_shipment_customer_id registered
[26-May-2026 01:05:50 UTC] 🔔 [MERC_LOG] Inicializado logger diario: /var/www/html/wp-content/merc_logs/merc-debug-2026-05-26.log
[26-May-2026 01:05:50 UTC] MERC_DEBUG - fallback merc_get_shipment_customer_id registered
[26-May-2026 01:05:57 UTC] 🔔 [MERC_LOG] Inicializado logger diario: /var/www/html/wp-content/merc_logs/merc-debug-2026-05-26.log
[26-May-2026 01:05:57 UTC] MERC_DEBUG - fallback merc_get_shipment_customer_id registered
[26-May-2026 01:06:02 UTC] 🔔 [MERC_LOG] Inicializado logger diario: /var/www/html/wp-content/merc_logs/merc-debug-2026-05-26.log
[26-May-2026 01:06:02 UTC] MERC_DEBUG - fallback merc_get_shipment_customer_id registered
[26-May-2026 01:06:03 UTC] 🔔 [MERC_LOG] Inicializado logger diario: /var/www/html/wp-content/merc_logs/merc-debug-2026-05-26.log
[26-May-2026 01:06:03 UTC] MERC_DEBUG - fallback merc_get_shipment_customer_id registered
[26-May-2026 01:06:13 UTC] 🔔 [MERC_LOG] Inicializado logger diario: /var/www/html/wp-content/merc_logs/merc-debug-2026-05-26.log
[26-May-2026 01:06:13 UTC] MERC_DEBUG - fallback merc_get_shipment_customer_id registered
[26-May-2026 01:06:14 UTC] 🔔 [MERC_LOG] Inicializado logger diario: /var/www/html/wp-content/merc_logs/merc-debug-2026-05-26.log
[26-May-2026 01:06:14 UTC] MERC_DEBUG - fallback merc_get_shipment_customer_id registered
[26-May-2026 01:08:35 UTC] 🔔 [MERC_LOG] Inicializado logger diario: /var/www/html/wp-content/merc_logs/merc-debug-2026-05-26.log
[26-May-2026 01:08:35 UTC] MERC_DEBUG - fallback merc_get_shipment_customer_id registered
[26-May-2026 01:08:47 UTC] 🔔 [MERC_LOG] Inicializado logger diario: /var/www/html/wp-content/merc_logs/merc-debug-2026-05-26.log
[26-May-2026 01:08:47 UTC] MERC_DEBUG - fallback merc_get_shipment_customer_id registered
[26-May-2026 01:08:56 UTC] 🔔 [MERC_LOG] Inicializado logger diario: /var/www/html/wp-content/merc_logs/merc-debug-2026-05-26.log
[26-May-2026 01:08:56 UTC] MERC_DEBUG - fallback merc_get_shipment_customer_id registered
[26-May-2026 01:08:57 UTC] 🔔 [MERC_LOG] Inicializado logger diario: /var/www/html/wp-content/merc_logs/merc-debug-2026-05-26.log
[26-May-2026 01:08:57 UTC] MERC_DEBUG - fallback merc_get_shipment_customer_id registered
[26-May-2026 01:08:57 UTC] PHP Notice:  La función as_next_scheduled_action ha sido llamada <strong>de forma incorrecta</strong>. as_next_scheduled_action() was called before the Action Scheduler data store was initialized Por favor, ve <a href="https://developer.wordpress.org/advanced-administration/debug/debug-wordpress/">depuración en WordPress</a> para más información. (Este mensaje fue añadido en la versión 3.1.6). in /var/www/html/wp-includes/functions.php on line 6121
[26-May-2026 01:09:00 UTC] PHP Warning:  Undefined variable $tipo_vista in /var/www/html/wp-content/themes/blocksy-child/functions.php on line 7944
[26-May-2026 01:09:01 UTC] MERC_ADMIN_RESUMEN - date_query="AND ( 
        EXISTS( 
            SELECT 1 FROM wp_postmeta pm_pickup 
            WHERE pm_pickup.post_id = p.ID 
              AND pm_pickup.meta_key IN ('wpcargo_pickup_date_picker','wpcargo_pickup_date','calendarenvio','wpcargo_fecha_envio')
              AND (
                    (STR_TO_DATE(pm_pickup.meta_value, '%%d/%%m/%%Y') >= STR_TO_DATE('2026-05-25', '%%Y-%%m-%%d') AND STR_TO_DATE(pm_pickup.meta_value, '%%d/%%m/%%Y') <= STR_TO_DATE('2026-05-25', '%%Y-%%m-%%d'))
                 OR (STR_TO_DATE(pm_pickup.meta_value, '%%Y-%%m-%%d') >= STR_TO_DATE('2026-05-25', '%%Y-%%m-%%d') AND STR_TO_DATE(pm_pickup.meta_value, '%%Y-%%m-%%d') <= STR_TO_DATE('2026-05-25', '%%Y-%%m-%%d'))
                 OR (pm_pickup.meta_value BETWEEN '2026-05-25' AND '2026-05-25')
                 OR (pm_pickup.meta_value LIKE '2026-05-25%')
              )
        )
        OR (p.post_date BETWEEN '2026-05-25 00:00:00' AND '2026-05-25 23:59:59')
    )"
[26-May-2026 01:09:01 UTC] MERC_ADMIN_RESUMEN - NO SHIPMENTS returned for date_query, attempting fallback by pickup meta
[26-May-2026 01:09:02 UTC] MERC_ADMIN_RESUMEN - fallback also returned NO shipments; attempting fallback by post_date range
[26-May-2026 01:09:02 UTC] MERC_ADMIN_RESUMEN_SAMPLE - id=31835 post_date=2026-05-24 11:34:58 metas={"wpcargo_pickup_date_picker":"24\/05\/2026","wpcargo_pickup_date":"","calendarenvio":"","wpcargo_fecha_envio":"","post_date":"2026-05-24 11:34:58"}
[26-May-2026 01:09:02 UTC] MERC_ADMIN_RESUMEN_SAMPLE - id=31834 post_date=2026-05-07 07:40:18 metas={"wpcargo_pickup_date_picker":"07\/05\/2026","wpcargo_pickup_date":"","calendarenvio":"","wpcargo_fecha_envio":"","post_date":"2026-05-07 07:40:18"}
[26-May-2026 01:09:02 UTC] MERC_ADMIN_RESUMEN_SAMPLE - id=31833 post_date=2026-05-07 07:37:10 metas={"wpcargo_pickup_date_picker":"07\/05\/2026","wpcargo_pickup_date":"","calendarenvio":"","wpcargo_fecha_envio":"","post_date":"2026-05-07 07:37:10"}
[26-May-2026 01:09:02 UTC] MERC_ADMIN_RESUMEN_SAMPLE - id=31832 post_date=2026-05-07 07:30:18 metas={"wpcargo_pickup_date_picker":"07\/05\/2026","wpcargo_pickup_date":"","calendarenvio":"","wpcargo_fecha_envio":"","post_date":"2026-05-07 07:30:18"}
[26-May-2026 01:09:02 UTC] MERC_ADMIN_RESUMEN_SAMPLE - id=31831 post_date=2026-05-07 07:19:40 metas={"wpcargo_pickup_date_picker":"07\/05\/2026","wpcargo_pickup_date":"","calendarenvio":"","wpcargo_fecha_envio":"","post_date":"2026-05-07 07:19:40"}
[26-May-2026 01:09:02 UTC] MERC_ADMIN_RESUMEN_SAMPLE - id=31830 post_date=2026-05-07 07:15:00 metas={"wpcargo_pickup_date_picker":"07\/05\/2026","wpcargo_pickup_date":"","calendarenvio":"","wpcargo_fecha_envio":"","post_date":"2026-05-07 07:15:00"}
[26-May-2026 01:09:02 UTC] MERC_ADMIN_RESUMEN_SAMPLE - id=31829 post_date=2026-05-07 07:14:15 metas={"wpcargo_pickup_date_picker":"07\/05\/2026","wpcargo_pickup_date":"","calendarenvio":"","wpcargo_fecha_envio":"","post_date":"2026-05-07 07:14:15"}
[26-May-2026 01:09:02 UTC] MERC_ADMIN_RESUMEN_SAMPLE - id=31828 post_date=2026-05-07 07:12:28 metas={"wpcargo_pickup_date_picker":"07\/05\/2026","wpcargo_pickup_date":"","calendarenvio":"","wpcargo_fecha_envio":"","post_date":"2026-05-07 07:12:28"}
[26-May-2026 01:09:02 UTC] MERC_ADMIN_RESUMEN_SAMPLE - id=31827 post_date=2026-05-07 07:10:08 metas={"wpcargo_pickup_date_picker":"07\/05\/2026","wpcargo_pickup_date":"","calendarenvio":"","wpcargo_fecha_envio":"","post_date":"2026-05-07 07:10:08"}
[26-May-2026 01:09:02 UTC] MERC_ADMIN_RESUMEN_SAMPLE - id=31826 post_date=2026-05-07 07:09:01 metas={"wpcargo_pickup_date_picker":"07\/05\/2026","wpcargo_pickup_date":"","calendarenvio":"","wpcargo_fecha_envio":"","post_date":"2026-05-07 07:09:01"}
[26-May-2026 01:09:02 UTC] MERC_ADMIN_RESUMEN_SAMPLE - id=31825 post_date=2026-05-07 07:08:04 metas={"wpcargo_pickup_date_picker":"07\/05\/2026","wpcargo_pickup_date":"","calendarenvio":"","wpcargo_fecha_envio":"","post_date":"2026-05-07 07:08:04"}
[26-May-2026 01:09:02 UTC] MERC_ADMIN_RESUMEN_SAMPLE - id=31824 post_date=2026-05-07 07:05:37 metas={"wpcargo_pickup_date_picker":"07\/05\/2026","wpcargo_pickup_date":"","calendarenvio":"","wpcargo_fecha_envio":"","post_date":"2026-05-07 07:05:37"}
[26-May-2026 01:09:02 UTC] MERC_ADMIN_RESUMEN_SAMPLE - id=31823 post_date=2026-05-07 07:04:42 metas={"wpcargo_pickup_date_picker":"07\/05\/2026","wpcargo_pickup_date":"","calendarenvio":"","wpcargo_fecha_envio":"","post_date":"2026-05-07 07:04:42"}
[26-May-2026 01:09:02 UTC] MERC_ADMIN_RESUMEN_SAMPLE - id=31822 post_date=2026-05-07 07:03:50 metas={"wpcargo_pickup_date_picker":"07\/05\/2026","wpcargo_pickup_date":"","calendarenvio":"","wpcargo_fecha_envio":"","post_date":"2026-05-07 07:03:50"}
[26-May-2026 01:09:02 UTC] MERC_ADMIN_RESUMEN_SAMPLE - id=31821 post_date=2026-05-07 06:20:16 metas={"wpcargo_pickup_date_picker":"07\/05\/2026","wpcargo_pickup_date":"","calendarenvio":"","wpcargo_fecha_envio":"","post_date":"2026-05-07 06:20:16"}
[26-May-2026 01:09:02 UTC] MERC_ADMIN_RESUMEN_SAMPLE - id=31820 post_date=2026-05-07 06:17:05 metas={"wpcargo_pickup_date_picker":"07\/05\/2026","wpcargo_pickup_date":"","calendarenvio":"","wpcargo_fecha_envio":"","post_date":"2026-05-07 06:17:05"}
[26-May-2026 01:09:02 UTC] MERC_ADMIN_RESUMEN_SAMPLE - id=31819 post_date=2026-05-07 03:45:00 metas={"wpcargo_pickup_date_picker":"07\/05\/2026","wpcargo_pickup_date":"","calendarenvio":"","wpcargo_fecha_envio":"","post_date":"2026-05-07 03:45:00"}
[26-May-2026 01:09:02 UTC] MERC_ADMIN_RESUMEN_SAMPLE - id=31818 post_date=2026-05-07 02:24:51 metas={"wpcargo_pickup_date_picker":"07\/05\/2026","wpcargo_pickup_date":"","calendarenvio":"","wpcargo_fecha_envio":"","post_date":"2026-05-07 02:24:51"}
[26-May-2026 01:09:02 UTC] MERC_ADMIN_RESUMEN_SAMPLE - id=31817 post_date=2026-05-07 02:23:53 metas={"wpcargo_pickup_date_picker":"07\/05\/2026","wpcargo_pickup_date":"","calendarenvio":"","wpcargo_fecha_envio":"","post_date":"2026-05-07 02:23:53"}
[26-May-2026 01:09:02 UTC] MERC_ADMIN_RESUMEN_SAMPLE - id=31816 post_date=2026-05-07 02:23:07 metas={"wpcargo_pickup_date_picker":"07\/05\/2026","wpcargo_pickup_date":"","calendarenvio":"","wpcargo_fecha_envio":"","post_date":"2026-05-07 02:23:07"}
[26-May-2026 01:09:02 UTC] MERC_ADMIN_RESUMEN - trying post_date fallback with start=2026-05-25 00:00:00 end=2026-05-25 23:59:59
[26-May-2026 01:09:03 UTC] 🔍 [MERC_ADMIN_CARDS] drivers_sql: SELECT pm_entrega.meta_value AS driver_id, COUNT(DISTINCT p.ID) AS total_entregas FROM wp_posts p LEFT JOIN wp_postmeta pm_entrega ON p.ID = pm_entrega.post_id AND pm_entrega.meta_key = 'wpcargo_motorizo_entrega' WHERE p.post_type = 'wpcargo_shipment' AND p.post_status = 'publish' AND pm_entrega.meta_value IS NOT NULL AND EXISTS( SELECT 1 FROM wp_postmeta pm_pickup WHERE pm_pickup.post_id = p.ID AND pm_pickup.meta_key = 'wpcargo_pickup_date_picker' AND ( STR_TO_DATE(pm_pickup.meta_value, '%d/%m/%Y') >= STR_TO_DATE('2026-05-25', '%Y-%m-%d') AND STR_TO_DATE(pm_pickup.meta_value, '%d/%m/%Y') <= STR_TO_DATE('2026-05-25', '%Y-%m-%d') ) ) GROUP BY pm_entrega.meta_value ORDER BY total_entregas DESC
[26-May-2026 01:09:03 UTC] 🔍 [MERC_ADMIN_CARDS] sample_ids_count: 0
[26-May-2026 01:09:03 UTC] 🔍 [MERC_ADMIN_CARDS] sample_ids EMPTY for date_query
[26-May-2026 01:09:03 UTC] 🔍 [MERC_ADMIN_CARDS] drivers_count: 0
[26-May-2026 01:09:08 UTC] 🔔 [MERC_LOG] Inicializado logger diario: /var/www/html/wp-content/merc_logs/merc-debug-2026-05-26.log
[26-May-2026 01:09:08 UTC] MERC_DEBUG - fallback merc_get_shipment_customer_id registered
[26-May-2026 01:09:11 UTC] 🔵 [FILTER] filter_shipment_by_date_and_tiendaname llamado
[26-May-2026 01:09:11 UTC] 🔵 [FILTER] Usuario actual: 109
[26-May-2026 01:09:11 UTC] 🔵 [FILTER] Args iniciales: {"post_type":"wpcargo_shipment","post_status":"publish","posts_per_page":"500","paged":1,"s":"","meta_query":{"relation":"AND","0":[]},"date_query":[{"after":"2026-03-27","before":"2026-05-26","inclusive":true}]}
[26-May-2026 01:09:11 UTC] 🔵 [FILTER] GET params: Array
(
)

[26-May-2026 01:09:11 UTC] 🔵 [FILTER] Sin parámetros de fecha, aplicando HOY por defecto: 2026-05-25
[26-May-2026 01:09:11 UTC] 🔵 [FILTER] Fecha desde: '2026-05-25' | Fecha hasta: '2026-05-25'
[26-May-2026 01:09:11 UTC] 🔵 [FILTER] has_from: true | has_to: true
[26-May-2026 01:09:11 UTC] 🔵 [FILTER] REMOVIENDO date_query para evitar conflicto
[26-May-2026 01:09:11 UTC] 🔵 [FILTER] SQL Query: 
            SELECT DISTINCT p.ID 
            FROM wp_posts p
            INNER JOIN wp_postmeta pm ON p.ID = pm.post_id
            WHERE p.post_type = 'wpcargo_shipment'
            AND pm.meta_key IN ('wpcargo_pickup_date_picker', 'wpcargo_pickup_date', 'calendarenvio', 'wpcargo_fecha_envio')
            AND (STR_TO_DATE(pm.meta_value, '%d/%m/%Y') >= STR_TO_DATE('2026-05-25', '%Y-%m-%d') AND STR_TO_DATE(pm.meta_value, '%d/%m/%Y') <= STR_TO_DATE('2026-05-25', '%Y-%m-%d'))
        
[26-May-2026 01:09:11 UTC] 🔵 [FILTER] IDs encontrados por fecha: 1
[26-May-2026 01:09:11 UTC] 🔵 [FILTER] Primeros 10 IDs: 27491
[26-May-2026 01:09:11 UTC] 🔵 [FILTER] post__in no existe, creando nuevo
[26-May-2026 01:09:11 UTC] 🔵 [FILTER] post_status cambiado a array para incluir estados normales (EXCLUYENDO trash)
[26-May-2026 01:09:11 UTC] 🔵 [FILTER] Args finales: {"post_type":"wpcargo_shipment","post_status":["publish","draft","pending","private"],"posts_per_page":"500","paged":1,"s":"","meta_query":{"relation":"AND","0":[]},"post__in":["27491"]}
[26-May-2026 01:09:14 UTC] 🔔 [MERC_LOG] Inicializado logger diario: /var/www/html/wp-content/merc_logs/merc-debug-2026-05-26.log
[26-May-2026 01:09:14 UTC] MERC_DEBUG - fallback merc_get_shipment_customer_id registered
[26-May-2026 01:09:17 UTC] PHP Warning:  Undefined variable $tipo_vista in /var/www/html/wp-content/themes/blocksy-child/functions.php on line 7944
[26-May-2026 01:09:18 UTC] MERC_ADMIN_RESUMEN - date_query="AND ( 
        EXISTS( 
            SELECT 1 FROM wp_postmeta pm_pickup 
            WHERE pm_pickup.post_id = p.ID 
              AND pm_pickup.meta_key IN ('wpcargo_pickup_date_picker','wpcargo_pickup_date','calendarenvio','wpcargo_fecha_envio')
              AND (
                    (STR_TO_DATE(pm_pickup.meta_value, '%%d/%%m/%%Y') >= STR_TO_DATE('2026-05-25', '%%Y-%%m-%%d') AND STR_TO_DATE(pm_pickup.meta_value, '%%d/%%m/%%Y') <= STR_TO_DATE('2026-05-25', '%%Y-%%m-%%d'))
                 OR (STR_TO_DATE(pm_pickup.meta_value, '%%Y-%%m-%%d') >= STR_TO_DATE('2026-05-25', '%%Y-%%m-%%d') AND STR_TO_DATE(pm_pickup.meta_value, '%%Y-%%m-%%d') <= STR_TO_DATE('2026-05-25', '%%Y-%%m-%%d'))
                 OR (pm_pickup.meta_value BETWEEN '2026-05-25' AND '2026-05-25')
                 OR (pm_pickup.meta_value LIKE '2026-05-25%')
              )
        )
        OR (p.post_date BETWEEN '2026-05-25 00:00:00' AND '2026-05-25 23:59:59')
    )"
[26-May-2026 01:09:18 UTC] MERC_ADMIN_RESUMEN - NO SHIPMENTS returned for date_query, attempting fallback by pickup meta
[26-May-2026 01:09:19 UTC] MERC_ADMIN_RESUMEN - fallback also returned NO shipments; attempting fallback by post_date range
[26-May-2026 01:09:19 UTC] MERC_ADMIN_RESUMEN_SAMPLE - id=31835 post_date=2026-05-24 11:34:58 metas={"wpcargo_pickup_date_picker":"24\/05\/2026","wpcargo_pickup_date":"","calendarenvio":"","wpcargo_fecha_envio":"","post_date":"2026-05-24 11:34:58"}
[26-May-2026 01:09:19 UTC] MERC_ADMIN_RESUMEN_SAMPLE - id=31834 post_date=2026-05-07 07:40:18 metas={"wpcargo_pickup_date_picker":"07\/05\/2026","wpcargo_pickup_date":"","calendarenvio":"","wpcargo_fecha_envio":"","post_date":"2026-05-07 07:40:18"}
[26-May-2026 01:09:19 UTC] MERC_ADMIN_RESUMEN_SAMPLE - id=31833 post_date=2026-05-07 07:37:10 metas={"wpcargo_pickup_date_picker":"07\/05\/2026","wpcargo_pickup_date":"","calendarenvio":"","wpcargo_fecha_envio":"","post_date":"2026-05-07 07:37:10"}
[26-May-2026 01:09:19 UTC] MERC_ADMIN_RESUMEN_SAMPLE - id=31832 post_date=2026-05-07 07:30:18 metas={"wpcargo_pickup_date_picker":"07\/05\/2026","wpcargo_pickup_date":"","calendarenvio":"","wpcargo_fecha_envio":"","post_date":"2026-05-07 07:30:18"}
[26-May-2026 01:09:19 UTC] MERC_ADMIN_RESUMEN_SAMPLE - id=31831 post_date=2026-05-07 07:19:40 metas={"wpcargo_pickup_date_picker":"07\/05\/2026","wpcargo_pickup_date":"","calendarenvio":"","wpcargo_fecha_envio":"","post_date":"2026-05-07 07:19:40"}
[26-May-2026 01:09:19 UTC] MERC_ADMIN_RESUMEN_SAMPLE - id=31830 post_date=2026-05-07 07:15:00 metas={"wpcargo_pickup_date_picker":"07\/05\/2026","wpcargo_pickup_date":"","calendarenvio":"","wpcargo_fecha_envio":"","post_date":"2026-05-07 07:15:00"}
[26-May-2026 01:09:19 UTC] MERC_ADMIN_RESUMEN_SAMPLE - id=31829 post_date=2026-05-07 07:14:15 metas={"wpcargo_pickup_date_picker":"07\/05\/2026","wpcargo_pickup_date":"","calendarenvio":"","wpcargo_fecha_envio":"","post_date":"2026-05-07 07:14:15"}
[26-May-2026 01:09:19 UTC] MERC_ADMIN_RESUMEN_SAMPLE - id=31828 post_date=2026-05-07 07:12:28 metas={"wpcargo_pickup_date_picker":"07\/05\/2026","wpcargo_pickup_date":"","calendarenvio":"","wpcargo_fecha_envio":"","post_date":"2026-05-07 07:12:28"}
[26-May-2026 01:09:19 UTC] MERC_ADMIN_RESUMEN_SAMPLE - id=31827 post_date=2026-05-07 07:10:08 metas={"wpcargo_pickup_date_picker":"07\/05\/2026","wpcargo_pickup_date":"","calendarenvio":"","wpcargo_fecha_envio":"","post_date":"2026-05-07 07:10:08"}
[26-May-2026 01:09:19 UTC] MERC_ADMIN_RESUMEN_SAMPLE - id=31826 post_date=2026-05-07 07:09:01 metas={"wpcargo_pickup_date_picker":"07\/05\/2026","wpcargo_pickup_date":"","calendarenvio":"","wpcargo_fecha_envio":"","post_date":"2026-05-07 07:09:01"}
[26-May-2026 01:09:19 UTC] MERC_ADMIN_RESUMEN_SAMPLE - id=31825 post_date=2026-05-07 07:08:04 metas={"wpcargo_pickup_date_picker":"07\/05\/2026","wpcargo_pickup_date":"","calendarenvio":"","wpcargo_fecha_envio":"","post_date":"2026-05-07 07:08:04"}
[26-May-2026 01:09:19 UTC] MERC_ADMIN_RESUMEN_SAMPLE - id=31824 post_date=2026-05-07 07:05:37 metas={"wpcargo_pickup_date_picker":"07\/05\/2026","wpcargo_pickup_date":"","calendarenvio":"","wpcargo_fecha_envio":"","post_date":"2026-05-07 07:05:37"}
[26-May-2026 01:09:19 UTC] MERC_ADMIN_RESUMEN_SAMPLE - id=31823 post_date=2026-05-07 07:04:42 metas={"wpcargo_pickup_date_picker":"07\/05\/2026","wpcargo_pickup_date":"","calendarenvio":"","wpcargo_fecha_envio":"","post_date":"2026-05-07 07:04:42"}
[26-May-2026 01:09:19 UTC] MERC_ADMIN_RESUMEN_SAMPLE - id=31822 post_date=2026-05-07 07:03:50 metas={"wpcargo_pickup_date_picker":"07\/05\/2026","wpcargo_pickup_date":"","calendarenvio":"","wpcargo_fecha_envio":"","post_date":"2026-05-07 07:03:50"}
[26-May-2026 01:09:19 UTC] MERC_ADMIN_RESUMEN_SAMPLE - id=31821 post_date=2026-05-07 06:20:16 metas={"wpcargo_pickup_date_picker":"07\/05\/2026","wpcargo_pickup_date":"","calendarenvio":"","wpcargo_fecha_envio":"","post_date":"2026-05-07 06:20:16"}
[26-May-2026 01:09:19 UTC] MERC_ADMIN_RESUMEN_SAMPLE - id=31820 post_date=2026-05-07 06:17:05 metas={"wpcargo_pickup_date_picker":"07\/05\/2026","wpcargo_pickup_date":"","calendarenvio":"","wpcargo_fecha_envio":"","post_date":"2026-05-07 06:17:05"}
[26-May-2026 01:09:19 UTC] MERC_ADMIN_RESUMEN_SAMPLE - id=31819 post_date=2026-05-07 03:45:00 metas={"wpcargo_pickup_date_picker":"07\/05\/2026","wpcargo_pickup_date":"","calendarenvio":"","wpcargo_fecha_envio":"","post_date":"2026-05-07 03:45:00"}
[26-May-2026 01:09:19 UTC] MERC_ADMIN_RESUMEN_SAMPLE - id=31818 post_date=2026-05-07 02:24:51 metas={"wpcargo_pickup_date_picker":"07\/05\/2026","wpcargo_pickup_date":"","calendarenvio":"","wpcargo_fecha_envio":"","post_date":"2026-05-07 02:24:51"}
[26-May-2026 01:09:19 UTC] MERC_ADMIN_RESUMEN_SAMPLE - id=31817 post_date=2026-05-07 02:23:53 metas={"wpcargo_pickup_date_picker":"07\/05\/2026","wpcargo_pickup_date":"","calendarenvio":"","wpcargo_fecha_envio":"","post_date":"2026-05-07 02:23:53"}
[26-May-2026 01:09:19 UTC] MERC_ADMIN_RESUMEN_SAMPLE - id=31816 post_date=2026-05-07 02:23:07 metas={"wpcargo_pickup_date_picker":"07\/05\/2026","wpcargo_pickup_date":"","calendarenvio":"","wpcargo_fecha_envio":"","post_date":"2026-05-07 02:23:07"}
[26-May-2026 01:09:19 UTC] MERC_ADMIN_RESUMEN - trying post_date fallback with start=2026-05-25 00:00:00 end=2026-05-25 23:59:59
[26-May-2026 01:09:19 UTC] 🔍 [MERC_ADMIN_CARDS] drivers_sql: SELECT pm_entrega.meta_value AS driver_id, COUNT(DISTINCT p.ID) AS total_entregas FROM wp_posts p LEFT JOIN wp_postmeta pm_entrega ON p.ID = pm_entrega.post_id AND pm_entrega.meta_key = 'wpcargo_motorizo_entrega' WHERE p.post_type = 'wpcargo_shipment' AND p.post_status = 'publish' AND pm_entrega.meta_value IS NOT NULL AND EXISTS( SELECT 1 FROM wp_postmeta pm_pickup WHERE pm_pickup.post_id = p.ID AND pm_pickup.meta_key = 'wpcargo_pickup_date_picker' AND ( STR_TO_DATE(pm_pickup.meta_value, '%d/%m/%Y') >= STR_TO_DATE('2026-05-25', '%Y-%m-%d') AND STR_TO_DATE(pm_pickup.meta_value, '%d/%m/%Y') <= STR_TO_DATE('2026-05-25', '%Y-%m-%d') ) ) GROUP BY pm_entrega.meta_value ORDER BY total_entregas DESC
[26-May-2026 01:09:19 UTC] 🔍 [MERC_ADMIN_CARDS] sample_ids_count: 0
[26-May-2026 01:09:19 UTC] 🔍 [MERC_ADMIN_CARDS] sample_ids EMPTY for date_query
[26-May-2026 01:09:19 UTC] 🔍 [MERC_ADMIN_CARDS] drivers_count: 0
[26-May-2026 01:09:46 UTC] 🔔 [MERC_LOG] Inicializado logger diario: /var/www/html/wp-content/merc_logs/merc-debug-2026-05-26.log
[26-May-2026 01:09:46 UTC] MERC_DEBUG - fallback merc_get_shipment_customer_id registered
[26-May-2026 01:09:55 UTC] 🔔 [MERC_LOG] Inicializado logger diario: /var/www/html/wp-content/merc_logs/merc-debug-2026-05-26.log
[26-May-2026 01:09:55 UTC] MERC_DEBUG - fallback merc_get_shipment_customer_id registered
[26-May-2026 01:10:04 UTC] 🔔 [MERC_LOG] Inicializado logger diario: /var/www/html/wp-content/merc_logs/merc-debug-2026-05-26.log
[26-May-2026 01:10:04 UTC] MERC_DEBUG - fallback merc_get_shipment_customer_id registered
[26-May-2026 01:10:05 UTC] 🔔 [MERC_LOG] Inicializado logger diario: /var/www/html/wp-content/merc_logs/merc-debug-2026-05-26.log
[26-May-2026 01:10:05 UTC] MERC_DEBUG - fallback merc_get_shipment_customer_id registered
[26-May-2026 01:10:08 UTC] PHP Warning:  Undefined variable $tipo_vista in /var/www/html/wp-content/themes/blocksy-child/functions.php on line 7944
[26-May-2026 01:10:15 UTC] MERC_ADMIN_RESUMEN - date_query="AND ( 
        EXISTS( 
            SELECT 1 FROM wp_postmeta pm_pickup 
            WHERE pm_pickup.post_id = p.ID 
              AND pm_pickup.meta_key IN ('wpcargo_pickup_date_picker','wpcargo_pickup_date','calendarenvio','wpcargo_fecha_envio')
              AND (
                    (STR_TO_DATE(pm_pickup.meta_value, '%%d/%%m/%%Y') >= STR_TO_DATE('2026-05-25', '%%Y-%%m-%%d') AND STR_TO_DATE(pm_pickup.meta_value, '%%d/%%m/%%Y') <= STR_TO_DATE('2026-05-25', '%%Y-%%m-%%d'))
                 OR (STR_TO_DATE(pm_pickup.meta_value, '%%Y-%%m-%%d') >= STR_TO_DATE('2026-05-25', '%%Y-%%m-%%d') AND STR_TO_DATE(pm_pickup.meta_value, '%%Y-%%m-%%d') <= STR_TO_DATE('2026-05-25', '%%Y-%%m-%%d'))
                 OR (pm_pickup.meta_value BETWEEN '2026-05-25' AND '2026-05-25')
                 OR (pm_pickup.meta_value LIKE '2026-05-25%')
              )
        )
        OR (p.post_date BETWEEN '2026-05-25 00:00:00' AND '2026-05-25 23:59:59')
    )"
[26-May-2026 01:10:15 UTC] MERC_ADMIN_RESUMEN - NO SHIPMENTS returned for date_query, attempting fallback by pickup meta
[26-May-2026 01:10:19 UTC] MERC_ADMIN_RESUMEN - fallback also returned NO shipments; attempting fallback by post_date range
[26-May-2026 01:10:19 UTC] MERC_ADMIN_RESUMEN_SAMPLE - id=31835 post_date=2026-05-24 11:34:58 metas={"wpcargo_pickup_date_picker":"24\/05\/2026","wpcargo_pickup_date":"","calendarenvio":"","wpcargo_fecha_envio":"","post_date":"2026-05-24 11:34:58"}
[26-May-2026 01:10:19 UTC] MERC_ADMIN_RESUMEN_SAMPLE - id=31834 post_date=2026-05-07 07:40:18 metas={"wpcargo_pickup_date_picker":"07\/05\/2026","wpcargo_pickup_date":"","calendarenvio":"","wpcargo_fecha_envio":"","post_date":"2026-05-07 07:40:18"}
[26-May-2026 01:10:19 UTC] MERC_ADMIN_RESUMEN_SAMPLE - id=31833 post_date=2026-05-07 07:37:10 metas={"wpcargo_pickup_date_picker":"07\/05\/2026","wpcargo_pickup_date":"","calendarenvio":"","wpcargo_fecha_envio":"","post_date":"2026-05-07 07:37:10"}
[26-May-2026 01:10:19 UTC] MERC_ADMIN_RESUMEN_SAMPLE - id=31832 post_date=2026-05-07 07:30:18 metas={"wpcargo_pickup_date_picker":"07\/05\/2026","wpcargo_pickup_date":"","calendarenvio":"","wpcargo_fecha_envio":"","post_date":"2026-05-07 07:30:18"}
[26-May-2026 01:10:19 UTC] MERC_ADMIN_RESUMEN_SAMPLE - id=31831 post_date=2026-05-07 07:19:40 metas={"wpcargo_pickup_date_picker":"07\/05\/2026","wpcargo_pickup_date":"","calendarenvio":"","wpcargo_fecha_envio":"","post_date":"2026-05-07 07:19:40"}
[26-May-2026 01:10:19 UTC] MERC_ADMIN_RESUMEN_SAMPLE - id=31830 post_date=2026-05-07 07:15:00 metas={"wpcargo_pickup_date_picker":"07\/05\/2026","wpcargo_pickup_date":"","calendarenvio":"","wpcargo_fecha_envio":"","post_date":"2026-05-07 07:15:00"}
[26-May-2026 01:10:19 UTC] MERC_ADMIN_RESUMEN_SAMPLE - id=31829 post_date=2026-05-07 07:14:15 metas={"wpcargo_pickup_date_picker":"07\/05\/2026","wpcargo_pickup_date":"","calendarenvio":"","wpcargo_fecha_envio":"","post_date":"2026-05-07 07:14:15"}
[26-May-2026 01:10:19 UTC] MERC_ADMIN_RESUMEN_SAMPLE - id=31828 post_date=2026-05-07 07:12:28 metas={"wpcargo_pickup_date_picker":"07\/05\/2026","wpcargo_pickup_date":"","calendarenvio":"","wpcargo_fecha_envio":"","post_date":"2026-05-07 07:12:28"}
[26-May-2026 01:10:19 UTC] MERC_ADMIN_RESUMEN_SAMPLE - id=31827 post_date=2026-05-07 07:10:08 metas={"wpcargo_pickup_date_picker":"07\/05\/2026","wpcargo_pickup_date":"","calendarenvio":"","wpcargo_fecha_envio":"","post_date":"2026-05-07 07:10:08"}
[26-May-2026 01:10:19 UTC] MERC_ADMIN_RESUMEN_SAMPLE - id=31826 post_date=2026-05-07 07:09:01 metas={"wpcargo_pickup_date_picker":"07\/05\/2026","wpcargo_pickup_date":"","calendarenvio":"","wpcargo_fecha_envio":"","post_date":"2026-05-07 07:09:01"}
[26-May-2026 01:10:19 UTC] MERC_ADMIN_RESUMEN_SAMPLE - id=31825 post_date=2026-05-07 07:08:04 metas={"wpcargo_pickup_date_picker":"07\/05\/2026","wpcargo_pickup_date":"","calendarenvio":"","wpcargo_fecha_envio":"","post_date":"2026-05-07 07:08:04"}
[26-May-2026 01:10:19 UTC] MERC_ADMIN_RESUMEN_SAMPLE - id=31824 post_date=2026-05-07 07:05:37 metas={"wpcargo_pickup_date_picker":"07\/05\/2026","wpcargo_pickup_date":"","calendarenvio":"","wpcargo_fecha_envio":"","post_date":"2026-05-07 07:05:37"}
[26-May-2026 01:10:19 UTC] MERC_ADMIN_RESUMEN_SAMPLE - id=31823 post_date=2026-05-07 07:04:42 metas={"wpcargo_pickup_date_picker":"07\/05\/2026","wpcargo_pickup_date":"","calendarenvio":"","wpcargo_fecha_envio":"","post_date":"2026-05-07 07:04:42"}
[26-May-2026 01:10:19 UTC] MERC_ADMIN_RESUMEN_SAMPLE - id=31822 post_date=2026-05-07 07:03:50 metas={"wpcargo_pickup_date_picker":"07\/05\/2026","wpcargo_pickup_date":"","calendarenvio":"","wpcargo_fecha_envio":"","post_date":"2026-05-07 07:03:50"}
[26-May-2026 01:10:19 UTC] MERC_ADMIN_RESUMEN_SAMPLE - id=31821 post_date=2026-05-07 06:20:16 metas={"wpcargo_pickup_date_picker":"07\/05\/2026","wpcargo_pickup_date":"","calendarenvio":"","wpcargo_fecha_envio":"","post_date":"2026-05-07 06:20:16"}
[26-May-2026 01:10:19 UTC] MERC_ADMIN_RESUMEN_SAMPLE - id=31820 post_date=2026-05-07 06:17:05 metas={"wpcargo_pickup_date_picker":"07\/05\/2026","wpcargo_pickup_date":"","calendarenvio":"","wpcargo_fecha_envio":"","post_date":"2026-05-07 06:17:05"}
[26-May-2026 01:10:19 UTC] MERC_ADMIN_RESUMEN_SAMPLE - id=31819 post_date=2026-05-07 03:45:00 metas={"wpcargo_pickup_date_picker":"07\/05\/2026","wpcargo_pickup_date":"","calendarenvio":"","wpcargo_fecha_envio":"","post_date":"2026-05-07 03:45:00"}
[26-May-2026 01:10:19 UTC] MERC_ADMIN_RESUMEN_SAMPLE - id=31818 post_date=2026-05-07 02:24:51 metas={"wpcargo_pickup_date_picker":"07\/05\/2026","wpcargo_pickup_date":"","calendarenvio":"","wpcargo_fecha_envio":"","post_date":"2026-05-07 02:24:51"}
[26-May-2026 01:10:19 UTC] MERC_ADMIN_RESUMEN_SAMPLE - id=31817 post_date=2026-05-07 02:23:53 metas={"wpcargo_pickup_date_picker":"07\/05\/2026","wpcargo_pickup_date":"","calendarenvio":"","wpcargo_fecha_envio":"","post_date":"2026-05-07 02:23:53"}
[26-May-2026 01:10:19 UTC] MERC_ADMIN_RESUMEN_SAMPLE - id=31816 post_date=2026-05-07 02:23:07 metas={"wpcargo_pickup_date_picker":"07\/05\/2026","wpcargo_pickup_date":"","calendarenvio":"","wpcargo_fecha_envio":"","post_date":"2026-05-07 02:23:07"}
[26-May-2026 01:10:19 UTC] MERC_ADMIN_RESUMEN - trying post_date fallback with start=2026-05-25 00:00:00 end=2026-05-25 23:59:59
[26-May-2026 01:10:19 UTC] 🔍 [MERC_ADMIN_CARDS] drivers_sql: SELECT pm_entrega.meta_value AS driver_id, COUNT(DISTINCT p.ID) AS total_entregas FROM wp_posts p LEFT JOIN wp_postmeta pm_entrega ON p.ID = pm_entrega.post_id AND pm_entrega.meta_key = 'wpcargo_motorizo_entrega' WHERE p.post_type = 'wpcargo_shipment' AND p.post_status = 'publish' AND pm_entrega.meta_value IS NOT NULL AND EXISTS( SELECT 1 FROM wp_postmeta pm_pickup WHERE pm_pickup.post_id = p.ID AND pm_pickup.meta_key = 'wpcargo_pickup_date_picker' AND ( STR_TO_DATE(pm_pickup.meta_value, '%d/%m/%Y') >= STR_TO_DATE('2026-05-25', '%Y-%m-%d') AND STR_TO_DATE(pm_pickup.meta_value, '%d/%m/%Y') <= STR_TO_DATE('2026-05-25', '%Y-%m-%d') ) ) GROUP BY pm_entrega.meta_value ORDER BY total_entregas DESC
[26-May-2026 01:10:19 UTC] 🔍 [MERC_ADMIN_CARDS] sample_ids_count: 0
[26-May-2026 01:10:19 UTC] 🔍 [MERC_ADMIN_CARDS] sample_ids EMPTY for date_query
[26-May-2026 01:10:20 UTC] 🔍 [MERC_ADMIN_CARDS] drivers_count: 0
[26-May-2026 01:10:28 UTC] 🔔 [MERC_LOG] Inicializado logger diario: /var/www/html/wp-content/merc_logs/merc-debug-2026-05-26.log
[26-May-2026 01:10:28 UTC] MERC_DEBUG - fallback merc_get_shipment_customer_id registered
[26-May-2026 01:10:31 UTC] 🔵 [FILTER] filter_shipment_by_date_and_tiendaname llamado
[26-May-2026 01:10:31 UTC] 🔵 [FILTER] Usuario actual: 109
[26-May-2026 01:10:31 UTC] 🔵 [FILTER] Args iniciales: {"post_type":"wpcargo_shipment","post_status":"publish","posts_per_page":"500","paged":1,"s":"","meta_query":{"relation":"AND","0":[]},"date_query":[{"after":"2026-03-27","before":"2026-05-26","inclusive":true}]}
[26-May-2026 01:10:31 UTC] 🔵 [FILTER] GET params: Array
(
)

[26-May-2026 01:10:31 UTC] 🔵 [FILTER] Sin parámetros de fecha, aplicando HOY por defecto: 2026-05-25
[26-May-2026 01:10:31 UTC] 🔵 [FILTER] Fecha desde: '2026-05-25' | Fecha hasta: '2026-05-25'
[26-May-2026 01:10:31 UTC] 🔵 [FILTER] has_from: true | has_to: true
[26-May-2026 01:10:31 UTC] 🔵 [FILTER] REMOVIENDO date_query para evitar conflicto
[26-May-2026 01:10:31 UTC] 🔵 [FILTER] SQL Query: 
            SELECT DISTINCT p.ID 
            FROM wp_posts p
            INNER JOIN wp_postmeta pm ON p.ID = pm.post_id
            WHERE p.post_type = 'wpcargo_shipment'
            AND pm.meta_key IN ('wpcargo_pickup_date_picker', 'wpcargo_pickup_date', 'calendarenvio', 'wpcargo_fecha_envio')
            AND (STR_TO_DATE(pm.meta_value, '%d/%m/%Y') >= STR_TO_DATE('2026-05-25', '%Y-%m-%d') AND STR_TO_DATE(pm.meta_value, '%d/%m/%Y') <= STR_TO_DATE('2026-05-25', '%Y-%m-%d'))
        
[26-May-2026 01:10:31 UTC] 🔵 [FILTER] IDs encontrados por fecha: 1
[26-May-2026 01:10:31 UTC] 🔵 [FILTER] Primeros 10 IDs: 27491
[26-May-2026 01:10:31 UTC] 🔵 [FILTER] post__in no existe, creando nuevo
[26-May-2026 01:10:31 UTC] 🔵 [FILTER] post_status cambiado a array para incluir estados normales (EXCLUYENDO trash)
[26-May-2026 01:10:31 UTC] 🔵 [FILTER] Args finales: {"post_type":"wpcargo_shipment","post_status":["publish","draft","pending","private"],"posts_per_page":"500","paged":1,"s":"","meta_query":{"relation":"AND","0":[]},"post__in":["27491"]}
[26-May-2026 01:11:41 UTC] 🔔 [MERC_LOG] Inicializado logger diario: /var/www/html/wp-content/merc_logs/merc-debug-2026-05-26.log
[26-May-2026 01:11:41 UTC] MERC_DEBUG - fallback merc_get_shipment_customer_id registered
[26-May-2026 01:11:42 UTC] 🔔 [MERC_LOG] Inicializado logger diario: /var/www/html/wp-content/merc_logs/merc-debug-2026-05-26.log
[26-May-2026 01:11:42 UTC] MERC_DEBUG - fallback merc_get_shipment_customer_id registered
[26-May-2026 01:11:49 UTC] 🔔 [MERC_LOG] Inicializado logger diario: /var/www/html/wp-content/merc_logs/merc-debug-2026-05-26.log
[26-May-2026 01:11:49 UTC] MERC_DEBUG - fallback merc_get_shipment_customer_id registered
[26-May-2026 01:11:54 UTC] PHP Warning:  The URL https://wp-update.hostinger.io/?action=get_metadata&amp;slug=hostinger-easy-onboarding&amp;installed_version=2.1.17&amp;php=8.2.17&amp;locale=es_ES&amp;checking_for_updates=1 does not point to a valid metadata file. HTTP response code is 403 (expected: 200) in /var/www/html/wp-content/plugins/hostinger-ai-assistant/vendor/yahnis-elsts/plugin-update-checker/Puc/v5p6/UpdateChecker.php on line 533
[26-May-2026 01:11:54 UTC] PHP Warning:  The URL https://wp-update.hostinger.io/?action=get_metadata&amp;slug=hostinger-ai-assistant&amp;installed_version=3.0.33&amp;php=8.2.17&amp;locale=es_ES&amp;checking_for_updates=1 does not point to a valid metadata file. HTTP response code is 403 (expected: 200) in /var/www/html/wp-content/plugins/hostinger-ai-assistant/vendor/yahnis-elsts/plugin-update-checker/Puc/v5p6/UpdateChecker.php on line 533
[26-May-2026 01:12:08 UTC] 🔔 [MERC_LOG] Inicializado logger diario: /var/www/html/wp-content/merc_logs/merc-debug-2026-05-26.log
[26-May-2026 01:12:08 UTC] MERC_DEBUG - fallback merc_get_shipment_customer_id registered
[26-May-2026 01:12:08 UTC] 🔔 [MERC_LOG] Inicializado logger diario: /var/www/html/wp-content/merc_logs/merc-debug-2026-05-26.log
[26-May-2026 01:12:08 UTC] MERC_DEBUG - fallback merc_get_shipment_customer_id registered
[26-May-2026 01:13:08 UTC] 🔔 [MERC_LOG] Inicializado logger diario: /var/www/html/wp-content/merc_logs/merc-debug-2026-05-26.log
[26-May-2026 01:13:08 UTC] MERC_DEBUG - fallback merc_get_shipment_customer_id registered
[26-May-2026 01:15:08 UTC] 🔔 [MERC_LOG] Inicializado logger diario: /var/www/html/wp-content/merc_logs/merc-debug-2026-05-26.log
[26-May-2026 01:15:08 UTC] MERC_DEBUG - fallback merc_get_shipment_customer_id registered
[26-May-2026 01:17:10 UTC] 🔔 [MERC_LOG] Inicializado logger diario: /var/www/html/wp-content/merc_logs/merc-debug-2026-05-26.log
[26-May-2026 01:17:10 UTC] MERC_DEBUG - fallback merc_get_shipment_customer_id registered
[26-May-2026 01:30:49 UTC] 🔔 [MERC_LOG] Inicializado logger diario: /var/www/html/wp-content/merc_logs/merc-debug-2026-05-26.log
[26-May-2026 01:30:51 UTC] 🔔 [MERC_LOG] Inicializado logger diario: /var/www/html/wp-content/merc_logs/merc-debug-2026-05-26.log
[26-May-2026 01:30:55 UTC] PHP Warning:  Undefined variable $tipo_vista in /var/www/html/wp-content/themes/blocksy-child/functions.php on line 7944
[26-May-2026 01:30:57 UTC] MERC_ADMIN_RESUMEN - date_query="AND ( 
        EXISTS( 
            SELECT 1 FROM wp_postmeta pm_pickup 
            WHERE pm_pickup.post_id = p.ID 
              AND pm_pickup.meta_key IN ('wpcargo_pickup_date_picker','wpcargo_pickup_date','calendarenvio','wpcargo_fecha_envio')
              AND (
                    (STR_TO_DATE(pm_pickup.meta_value, '%%d/%%m/%%Y') >= STR_TO_DATE('2026-05-25', '%%Y-%%m-%%d') AND STR_TO_DATE(pm_pickup.meta_value, '%%d/%%m/%%Y') <= STR_TO_DATE('2026-05-25', '%%Y-%%m-%%d'))
                 OR (STR_TO_DATE(pm_pickup.meta_value, '%%Y-%%m-%%d') >= STR_TO_DATE('2026-05-25', '%%Y-%%m-%%d') AND STR_TO_DATE(pm_pickup.meta_value, '%%Y-%%m-%%d') <= STR_TO_DATE('2026-05-25', '%%Y-%%m-%%d'))
                 OR (pm_pickup.meta_value BETWEEN '2026-05-25' AND '2026-05-25')
                 OR (pm_pickup.meta_value LIKE '2026-05-25%')
              )
        )
        OR (p.post_date BETWEEN '2026-05-25 00:00:00' AND '2026-05-25 23:59:59')
    )"
[26-May-2026 01:30:57 UTC] MERC_ADMIN_RESUMEN - NO SHIPMENTS returned for date_query, attempting fallback by pickup meta
[26-May-2026 01:30:59 UTC] MERC_ADMIN_RESUMEN - fallback also returned NO shipments; attempting fallback by post_date range
[26-May-2026 01:30:59 UTC] MERC_ADMIN_RESUMEN_SAMPLE - id=31835 post_date=2026-05-24 11:34:58 metas={"wpcargo_pickup_date_picker":"24\/05\/2026","wpcargo_pickup_date":"","calendarenvio":"","wpcargo_fecha_envio":"","post_date":"2026-05-24 11:34:58"}
[26-May-2026 01:30:59 UTC] MERC_ADMIN_RESUMEN_SAMPLE - id=31834 post_date=2026-05-07 07:40:18 metas={"wpcargo_pickup_date_picker":"07\/05\/2026","wpcargo_pickup_date":"","calendarenvio":"","wpcargo_fecha_envio":"","post_date":"2026-05-07 07:40:18"}
[26-May-2026 01:30:59 UTC] MERC_ADMIN_RESUMEN_SAMPLE - id=31833 post_date=2026-05-07 07:37:10 metas={"wpcargo_pickup_date_picker":"07\/05\/2026","wpcargo_pickup_date":"","calendarenvio":"","wpcargo_fecha_envio":"","post_date":"2026-05-07 07:37:10"}
[26-May-2026 01:30:59 UTC] MERC_ADMIN_RESUMEN_SAMPLE - id=31832 post_date=2026-05-07 07:30:18 metas={"wpcargo_pickup_date_picker":"07\/05\/2026","wpcargo_pickup_date":"","calendarenvio":"","wpcargo_fecha_envio":"","post_date":"2026-05-07 07:30:18"}
[26-May-2026 01:30:59 UTC] MERC_ADMIN_RESUMEN_SAMPLE - id=31831 post_date=2026-05-07 07:19:40 metas={"wpcargo_pickup_date_picker":"07\/05\/2026","wpcargo_pickup_date":"","calendarenvio":"","wpcargo_fecha_envio":"","post_date":"2026-05-07 07:19:40"}
[26-May-2026 01:30:59 UTC] MERC_ADMIN_RESUMEN_SAMPLE - id=31830 post_date=2026-05-07 07:15:00 metas={"wpcargo_pickup_date_picker":"07\/05\/2026","wpcargo_pickup_date":"","calendarenvio":"","wpcargo_fecha_envio":"","post_date":"2026-05-07 07:15:00"}
[26-May-2026 01:30:59 UTC] MERC_ADMIN_RESUMEN_SAMPLE - id=31829 post_date=2026-05-07 07:14:15 metas={"wpcargo_pickup_date_picker":"07\/05\/2026","wpcargo_pickup_date":"","calendarenvio":"","wpcargo_fecha_envio":"","post_date":"2026-05-07 07:14:15"}
[26-May-2026 01:30:59 UTC] MERC_ADMIN_RESUMEN_SAMPLE - id=31828 post_date=2026-05-07 07:12:28 metas={"wpcargo_pickup_date_picker":"07\/05\/2026","wpcargo_pickup_date":"","calendarenvio":"","wpcargo_fecha_envio":"","post_date":"2026-05-07 07:12:28"}
[26-May-2026 01:30:59 UTC] MERC_ADMIN_RESUMEN_SAMPLE - id=31827 post_date=2026-05-07 07:10:08 metas={"wpcargo_pickup_date_picker":"07\/05\/2026","wpcargo_pickup_date":"","calendarenvio":"","wpcargo_fecha_envio":"","post_date":"2026-05-07 07:10:08"}
[26-May-2026 01:30:59 UTC] MERC_ADMIN_RESUMEN_SAMPLE - id=31826 post_date=2026-05-07 07:09:01 metas={"wpcargo_pickup_date_picker":"07\/05\/2026","wpcargo_pickup_date":"","calendarenvio":"","wpcargo_fecha_envio":"","post_date":"2026-05-07 07:09:01"}
[26-May-2026 01:30:59 UTC] MERC_ADMIN_RESUMEN_SAMPLE - id=31825 post_date=2026-05-07 07:08:04 metas={"wpcargo_pickup_date_picker":"07\/05\/2026","wpcargo_pickup_date":"","calendarenvio":"","wpcargo_fecha_envio":"","post_date":"2026-05-07 07:08:04"}
[26-May-2026 01:30:59 UTC] MERC_ADMIN_RESUMEN_SAMPLE - id=31824 post_date=2026-05-07 07:05:37 metas={"wpcargo_pickup_date_picker":"07\/05\/2026","wpcargo_pickup_date":"","calendarenvio":"","wpcargo_fecha_envio":"","post_date":"2026-05-07 07:05:37"}
[26-May-2026 01:30:59 UTC] MERC_ADMIN_RESUMEN_SAMPLE - id=31823 post_date=2026-05-07 07:04:42 metas={"wpcargo_pickup_date_picker":"07\/05\/2026","wpcargo_pickup_date":"","calendarenvio":"","wpcargo_fecha_envio":"","post_date":"2026-05-07 07:04:42"}
[26-May-2026 01:30:59 UTC] MERC_ADMIN_RESUMEN_SAMPLE - id=31822 post_date=2026-05-07 07:03:50 metas={"wpcargo_pickup_date_picker":"07\/05\/2026","wpcargo_pickup_date":"","calendarenvio":"","wpcargo_fecha_envio":"","post_date":"2026-05-07 07:03:50"}
[26-May-2026 01:30:59 UTC] MERC_ADMIN_RESUMEN_SAMPLE - id=31821 post_date=2026-05-07 06:20:16 metas={"wpcargo_pickup_date_picker":"07\/05\/2026","wpcargo_pickup_date":"","calendarenvio":"","wpcargo_fecha_envio":"","post_date":"2026-05-07 06:20:16"}
[26-May-2026 01:30:59 UTC] MERC_ADMIN_RESUMEN_SAMPLE - id=31820 post_date=2026-05-07 06:17:05 metas={"wpcargo_pickup_date_picker":"07\/05\/2026","wpcargo_pickup_date":"","calendarenvio":"","wpcargo_fecha_envio":"","post_date":"2026-05-07 06:17:05"}
[26-May-2026 01:30:59 UTC] MERC_ADMIN_RESUMEN_SAMPLE - id=31819 post_date=2026-05-07 03:45:00 metas={"wpcargo_pickup_date_picker":"07\/05\/2026","wpcargo_pickup_date":"","calendarenvio":"","wpcargo_fecha_envio":"","post_date":"2026-05-07 03:45:00"}
[26-May-2026 01:30:59 UTC] MERC_ADMIN_RESUMEN_SAMPLE - id=31818 post_date=2026-05-07 02:24:51 metas={"wpcargo_pickup_date_picker":"07\/05\/2026","wpcargo_pickup_date":"","calendarenvio":"","wpcargo_fecha_envio":"","post_date":"2026-05-07 02:24:51"}
[26-May-2026 01:30:59 UTC] MERC_ADMIN_RESUMEN_SAMPLE - id=31817 post_date=2026-05-07 02:23:53 metas={"wpcargo_pickup_date_picker":"07\/05\/2026","wpcargo_pickup_date":"","calendarenvio":"","wpcargo_fecha_envio":"","post_date":"2026-05-07 02:23:53"}
[26-May-2026 01:30:59 UTC] MERC_ADMIN_RESUMEN_SAMPLE - id=31816 post_date=2026-05-07 02:23:07 metas={"wpcargo_pickup_date_picker":"07\/05\/2026","wpcargo_pickup_date":"","calendarenvio":"","wpcargo_fecha_envio":"","post_date":"2026-05-07 02:23:07"}
[26-May-2026 01:30:59 UTC] MERC_ADMIN_RESUMEN - trying post_date fallback with start=2026-05-25 00:00:00 end=2026-05-25 23:59:59
[26-May-2026 01:31:00 UTC] 🔍 [MERC_ADMIN_CARDS] drivers_sql: SELECT pm_entrega.meta_value AS driver_id, COUNT(DISTINCT p.ID) AS total_entregas FROM wp_posts p LEFT JOIN wp_postmeta pm_entrega ON p.ID = pm_entrega.post_id AND pm_entrega.meta_key = 'wpcargo_motorizo_entrega' WHERE p.post_type = 'wpcargo_shipment' AND p.post_status = 'publish' AND pm_entrega.meta_value IS NOT NULL AND EXISTS( SELECT 1 FROM wp_postmeta pm_pickup WHERE pm_pickup.post_id = p.ID AND pm_pickup.meta_key = 'wpcargo_pickup_date_picker' AND ( STR_TO_DATE(pm_pickup.meta_value, '%d/%m/%Y') >= STR_TO_DATE('2026-05-25', '%Y-%m-%d') AND STR_TO_DATE(pm_pickup.meta_value, '%d/%m/%Y') <= STR_TO_DATE('2026-05-25', '%Y-%m-%d') ) ) GROUP BY pm_entrega.meta_value ORDER BY total_entregas DESC
[26-May-2026 01:31:00 UTC] 🔍 [MERC_ADMIN_CARDS] sample_ids_count: 0
[26-May-2026 01:31:00 UTC] 🔍 [MERC_ADMIN_CARDS] sample_ids EMPTY for date_query
[26-May-2026 01:31:02 UTC] 🔍 [MERC_ADMIN_CARDS] drivers_count: 0
[26-May-2026 01:31:08 UTC] 🔔 [MERC_LOG] Inicializado logger diario: /var/www/html/wp-content/merc_logs/merc-debug-2026-05-26.log
[26-May-2026 01:31:09 UTC] 🔔 [MERC_LOG] Inicializado logger diario: /var/www/html/wp-content/merc_logs/merc-debug-2026-05-26.log
[26-May-2026 01:31:16 UTC] 🔔 [MERC_LOG] Inicializado logger diario: /var/www/html/wp-content/merc_logs/merc-debug-2026-05-26.log
[26-May-2026 01:31:20 UTC] 🔔 [MERC_LOG] Inicializado logger diario: /var/www/html/wp-content/merc_logs/merc-debug-2026-05-26.log
[26-May-2026 01:31:30 UTC] 🔔 [MERC_LOG] Inicializado logger diario: /var/www/html/wp-content/merc_logs/merc-debug-2026-05-26.log
[26-May-2026 01:31:31 UTC] 🔔 [MERC_LOG] Inicializado logger diario: /var/www/html/wp-content/merc_logs/merc-debug-2026-05-26.log
[26-May-2026 01:31:34 UTC] 🔵 [FILTER] filter_shipment_by_date_and_tiendaname llamado
[26-May-2026 01:31:34 UTC] 🔵 [FILTER] Usuario actual: 109
[26-May-2026 01:31:34 UTC] 🔵 [FILTER] Args iniciales: {"post_type":"wpcargo_shipment","post_status":"publish","posts_per_page":"500","paged":1,"s":"","meta_query":{"relation":"AND","0":[]},"date_query":[{"after":"2026-03-27","before":"2026-05-26","inclusive":true}]}
[26-May-2026 01:31:34 UTC] 🔵 [FILTER] GET params: Array
(
)

[26-May-2026 01:31:34 UTC] 🔵 [FILTER] Sin parámetros de fecha, aplicando HOY por defecto: 2026-05-25
[26-May-2026 01:31:34 UTC] 🔵 [FILTER] Fecha desde: '2026-05-25' | Fecha hasta: '2026-05-25'
[26-May-2026 01:31:34 UTC] 🔵 [FILTER] has_from: true | has_to: true
[26-May-2026 01:31:34 UTC] 🔵 [FILTER] REMOVIENDO date_query para evitar conflicto
[26-May-2026 01:31:34 UTC] 🔵 [FILTER] SQL Query: 
            SELECT DISTINCT p.ID 
            FROM wp_posts p
            INNER JOIN wp_postmeta pm ON p.ID = pm.post_id
            WHERE p.post_type = 'wpcargo_shipment'
            AND pm.meta_key IN ('wpcargo_pickup_date_picker', 'wpcargo_pickup_date', 'calendarenvio', 'wpcargo_fecha_envio')
            AND (STR_TO_DATE(pm.meta_value, '%d/%m/%Y') >= STR_TO_DATE('2026-05-25', '%Y-%m-%d') AND STR_TO_DATE(pm.meta_value, '%d/%m/%Y') <= STR_TO_DATE('2026-05-25', '%Y-%m-%d'))
        
[26-May-2026 01:31:34 UTC] 🔵 [FILTER] IDs encontrados por fecha: 1
[26-May-2026 01:31:34 UTC] 🔵 [FILTER] Primeros 10 IDs: 27491
[26-May-2026 01:31:34 UTC] 🔵 [FILTER] post__in no existe, creando nuevo
[26-May-2026 01:31:34 UTC] 🔵 [FILTER] post_status cambiado a array para incluir estados normales (EXCLUYENDO trash)
[26-May-2026 01:31:34 UTC] 🔵 [FILTER] Args finales: {"post_type":"wpcargo_shipment","post_status":["publish","draft","pending","private"],"posts_per_page":"500","paged":1,"s":"","meta_query":{"relation":"AND","0":[]},"post__in":["27491"]}
[26-May-2026 01:38:32 UTC] 🔔 [MERC_LOG] Inicializado logger diario: /var/www/html/wp-content/merc_logs/merc-debug-2026-05-26.log
[26-May-2026 01:38:32 UTC] 🔔 [MERC_LOG] Inicializado logger diario: /var/www/html/wp-content/merc_logs/merc-debug-2026-05-26.log
[26-May-2026 01:39:45 UTC] 🔔 [MERC_LOG] Inicializado logger diario: /var/www/html/wp-content/merc_logs/merc-debug-2026-05-26.log
[26-May-2026 01:39:57 UTC] 🔔 [MERC_LOG] Inicializado logger diario: /var/www/html/wp-content/merc_logs/merc-debug-2026-05-26.log
[26-May-2026 01:40:08 UTC] 🔔 [MERC_LOG] Inicializado logger diario: /var/www/html/wp-content/merc_logs/merc-debug-2026-05-26.log
[26-May-2026 01:40:09 UTC] 🔔 [MERC_LOG] Inicializado logger diario: /var/www/html/wp-content/merc_logs/merc-debug-2026-05-26.log
[26-May-2026 01:40:11 UTC] 🔵 [FILTER] filter_shipment_by_date_and_tiendaname llamado
[26-May-2026 01:40:11 UTC] 🔵 [FILTER] Usuario actual: 109
[26-May-2026 01:40:11 UTC] 🔵 [FILTER] Args iniciales: {"post_type":"wpcargo_shipment","post_status":"publish","posts_per_page":"500","paged":1,"s":"","meta_query":{"relation":"AND","0":[]},"date_query":[{"after":"2026-03-27","before":"2026-05-26","inclusive":true}]}
[26-May-2026 01:40:11 UTC] 🔵 [FILTER] GET params: Array
(
)

[26-May-2026 01:40:11 UTC] 🔵 [FILTER] Sin parámetros de fecha, aplicando HOY por defecto: 2026-05-25
[26-May-2026 01:40:11 UTC] 🔵 [FILTER] Fecha desde: '2026-05-25' | Fecha hasta: '2026-05-25'
[26-May-2026 01:40:11 UTC] 🔵 [FILTER] has_from: true | has_to: true
[26-May-2026 01:40:11 UTC] 🔵 [FILTER] REMOVIENDO date_query para evitar conflicto
[26-May-2026 01:40:11 UTC] 🔵 [FILTER] SQL Query: 
            SELECT DISTINCT p.ID 
            FROM wp_posts p
            INNER JOIN wp_postmeta pm ON p.ID = pm.post_id
            WHERE p.post_type = 'wpcargo_shipment'
            AND pm.meta_key IN ('wpcargo_pickup_date_picker', 'wpcargo_pickup_date', 'calendarenvio', 'wpcargo_fecha_envio')
            AND (STR_TO_DATE(pm.meta_value, '%d/%m/%Y') >= STR_TO_DATE('2026-05-25', '%Y-%m-%d') AND STR_TO_DATE(pm.meta_value, '%d/%m/%Y') <= STR_TO_DATE('2026-05-25', '%Y-%m-%d'))
        
[26-May-2026 01:40:11 UTC] 🔵 [FILTER] IDs encontrados por fecha: 1
[26-May-2026 01:40:11 UTC] 🔵 [FILTER] Primeros 10 IDs: 27491
[26-May-2026 01:40:11 UTC] 🔵 [FILTER] post__in no existe, creando nuevo
[26-May-2026 01:40:11 UTC] 🔵 [FILTER] post_status cambiado a array para incluir estados normales (EXCLUYENDO trash)
[26-May-2026 01:40:11 UTC] 🔵 [FILTER] Args finales: {"post_type":"wpcargo_shipment","post_status":["publish","draft","pending","private"],"posts_per_page":"500","paged":1,"s":"","meta_query":{"relation":"AND","0":[]},"post__in":["27491"]}
[26-May-2026 01:40:23 UTC] 🔔 [MERC_LOG] Inicializado logger diario: /var/www/html/wp-content/merc_logs/merc-debug-2026-05-26.log
[26-May-2026 01:40:25 UTC] 🔔 [MERC_LOG] Inicializado logger diario: /var/www/html/wp-content/merc_logs/merc-debug-2026-05-26.log
[26-May-2026 01:41:12 UTC] 🔔 [MERC_LOG] Inicializado logger diario: /var/www/html/wp-content/merc_logs/merc-debug-2026-05-26.log
[26-May-2026 01:41:13 UTC] 🔔 [MERC_LOG] Inicializado logger diario: /var/www/html/wp-content/merc_logs/merc-debug-2026-05-26.log
[26-May-2026 01:41:20 UTC] 🔔 [MERC_LOG] Inicializado logger diario: /var/www/html/wp-content/merc_logs/merc-debug-2026-05-26.log
[26-May-2026 01:41:28 UTC] 🔔 [MERC_LOG] Inicializado logger diario: /var/www/html/wp-content/merc_logs/merc-debug-2026-05-26.log
[26-May-2026 01:41:30 UTC] 🔔 [MERC_LOG] Inicializado logger diario: /var/www/html/wp-content/merc_logs/merc-debug-2026-05-26.log
[26-May-2026 01:43:11 UTC] 🔔 [MERC_LOG] Inicializado logger diario: /var/www/html/wp-content/merc_logs/merc-debug-2026-05-26.log
[26-May-2026 01:45:10 UTC] 🔔 [MERC_LOG] Inicializado logger diario: /var/www/html/wp-content/merc_logs/merc-debug-2026-05-26.log
[26-May-2026 01:47:11 UTC] 🔔 [MERC_LOG] Inicializado logger diario: /var/www/html/wp-content/merc_logs/merc-debug-2026-05-26.log
[26-May-2026 01:48:10 UTC] 🔔 [MERC_LOG] Inicializado logger diario: /var/www/html/wp-content/merc_logs/merc-debug-2026-05-26.log
[26-May-2026 01:48:13 UTC] 🔔 [MERC_LOG] Inicializado logger diario: /var/www/html/wp-content/merc_logs/merc-debug-2026-05-26.log
[26-May-2026 01:48:13 UTC] 🔵 [FILTER] filter_shipment_by_date_and_tiendaname llamado
[26-May-2026 01:48:13 UTC] 🔵 [FILTER] Usuario actual: 109
[26-May-2026 01:48:13 UTC] 🔵 [FILTER] Args iniciales: {"post_type":"wpcargo_shipment","post_status":"publish","posts_per_page":"500","paged":1,"s":"","meta_query":{"relation":"AND","0":[]},"date_query":[{"after":"2026-03-27","before":"2026-05-26","inclusive":true}]}
[26-May-2026 01:48:13 UTC] 🔵 [FILTER] GET params: Array
(
)

[26-May-2026 01:48:13 UTC] 🔵 [FILTER] Sin parámetros de fecha, aplicando HOY por defecto: 2026-05-25
[26-May-2026 01:48:13 UTC] 🔵 [FILTER] Fecha desde: '2026-05-25' | Fecha hasta: '2026-05-25'
[26-May-2026 01:48:13 UTC] 🔵 [FILTER] has_from: true | has_to: true
[26-May-2026 01:48:13 UTC] 🔵 [FILTER] REMOVIENDO date_query para evitar conflicto
[26-May-2026 01:48:13 UTC] 🔵 [FILTER] SQL Query: 
            SELECT DISTINCT p.ID 
            FROM wp_posts p
            INNER JOIN wp_postmeta pm ON p.ID = pm.post_id
            WHERE p.post_type = 'wpcargo_shipment'
            AND pm.meta_key IN ('wpcargo_pickup_date_picker', 'wpcargo_pickup_date', 'calendarenvio', 'wpcargo_fecha_envio')
            AND (STR_TO_DATE(pm.meta_value, '%d/%m/%Y') >= STR_TO_DATE('2026-05-25', '%Y-%m-%d') AND STR_TO_DATE(pm.meta_value, '%d/%m/%Y') <= STR_TO_DATE('2026-05-25', '%Y-%m-%d'))
        
[26-May-2026 01:48:13 UTC] 🔵 [FILTER] IDs encontrados por fecha: 1
[26-May-2026 01:48:13 UTC] 🔵 [FILTER] Primeros 10 IDs: 27491
[26-May-2026 01:48:13 UTC] 🔵 [FILTER] post__in no existe, creando nuevo
[26-May-2026 01:48:13 UTC] 🔵 [FILTER] post_status cambiado a array para incluir estados normales (EXCLUYENDO trash)
[26-May-2026 01:48:13 UTC] 🔵 [FILTER] Args finales: {"post_type":"wpcargo_shipment","post_status":["publish","draft","pending","private"],"posts_per_page":"500","paged":1,"s":"","meta_query":{"relation":"AND","0":[]},"post__in":["27491"]}
[26-May-2026 01:48:17 UTC] 🔔 [MERC_LOG] Inicializado logger diario: /var/www/html/wp-content/merc_logs/merc-debug-2026-05-26.log
[26-May-2026 01:48:19 UTC] PHP Warning:  Undefined variable $tipo_vista in /var/www/html/wp-content/themes/blocksy-child/functions.php on line 7944
[26-May-2026 01:48:20 UTC] MERC_ADMIN_RESUMEN - date_query="AND ( 
        EXISTS( 
            SELECT 1 FROM wp_postmeta pm_pickup 
            WHERE pm_pickup.post_id = p.ID 
              AND pm_pickup.meta_key IN ('wpcargo_pickup_date_picker','wpcargo_pickup_date','calendarenvio','wpcargo_fecha_envio')
              AND (
                    (STR_TO_DATE(pm_pickup.meta_value, '%%d/%%m/%%Y') >= STR_TO_DATE('2026-05-25', '%%Y-%%m-%%d') AND STR_TO_DATE(pm_pickup.meta_value, '%%d/%%m/%%Y') <= STR_TO_DATE('2026-05-25', '%%Y-%%m-%%d'))
                 OR (STR_TO_DATE(pm_pickup.meta_value, '%%Y-%%m-%%d') >= STR_TO_DATE('2026-05-25', '%%Y-%%m-%%d') AND STR_TO_DATE(pm_pickup.meta_value, '%%Y-%%m-%%d') <= STR_TO_DATE('2026-05-25', '%%Y-%%m-%%d'))
                 OR (pm_pickup.meta_value BETWEEN '2026-05-25' AND '2026-05-25')
                 OR (pm_pickup.meta_value LIKE '2026-05-25%')
              )
        )
        OR (p.post_date BETWEEN '2026-05-25 00:00:00' AND '2026-05-25 23:59:59')
    )"
[26-May-2026 01:48:20 UTC] MERC_ADMIN_RESUMEN - NO SHIPMENTS returned for date_query, attempting fallback by pickup meta
[26-May-2026 01:48:21 UTC] MERC_ADMIN_RESUMEN - fallback also returned NO shipments; attempting fallback by post_date range
[26-May-2026 01:48:21 UTC] MERC_ADMIN_RESUMEN_SAMPLE - id=31835 post_date=2026-05-24 11:34:58 metas={"wpcargo_pickup_date_picker":"24\/05\/2026","wpcargo_pickup_date":"","calendarenvio":"","wpcargo_fecha_envio":"","post_date":"2026-05-24 11:34:58"}
[26-May-2026 01:48:21 UTC] MERC_ADMIN_RESUMEN_SAMPLE - id=31834 post_date=2026-05-07 07:40:18 metas={"wpcargo_pickup_date_picker":"07\/05\/2026","wpcargo_pickup_date":"","calendarenvio":"","wpcargo_fecha_envio":"","post_date":"2026-05-07 07:40:18"}
[26-May-2026 01:48:21 UTC] MERC_ADMIN_RESUMEN_SAMPLE - id=31833 post_date=2026-05-07 07:37:10 metas={"wpcargo_pickup_date_picker":"07\/05\/2026","wpcargo_pickup_date":"","calendarenvio":"","wpcargo_fecha_envio":"","post_date":"2026-05-07 07:37:10"}
[26-May-2026 01:48:21 UTC] MERC_ADMIN_RESUMEN_SAMPLE - id=31832 post_date=2026-05-07 07:30:18 metas={"wpcargo_pickup_date_picker":"07\/05\/2026","wpcargo_pickup_date":"","calendarenvio":"","wpcargo_fecha_envio":"","post_date":"2026-05-07 07:30:18"}
[26-May-2026 01:48:21 UTC] MERC_ADMIN_RESUMEN_SAMPLE - id=31831 post_date=2026-05-07 07:19:40 metas={"wpcargo_pickup_date_picker":"07\/05\/2026","wpcargo_pickup_date":"","calendarenvio":"","wpcargo_fecha_envio":"","post_date":"2026-05-07 07:19:40"}
[26-May-2026 01:48:21 UTC] MERC_ADMIN_RESUMEN_SAMPLE - id=31830 post_date=2026-05-07 07:15:00 metas={"wpcargo_pickup_date_picker":"07\/05\/2026","wpcargo_pickup_date":"","calendarenvio":"","wpcargo_fecha_envio":"","post_date":"2026-05-07 07:15:00"}
[26-May-2026 01:48:21 UTC] MERC_ADMIN_RESUMEN_SAMPLE - id=31829 post_date=2026-05-07 07:14:15 metas={"wpcargo_pickup_date_picker":"07\/05\/2026","wpcargo_pickup_date":"","calendarenvio":"","wpcargo_fecha_envio":"","post_date":"2026-05-07 07:14:15"}
[26-May-2026 01:48:21 UTC] MERC_ADMIN_RESUMEN_SAMPLE - id=31828 post_date=2026-05-07 07:12:28 metas={"wpcargo_pickup_date_picker":"07\/05\/2026","wpcargo_pickup_date":"","calendarenvio":"","wpcargo_fecha_envio":"","post_date":"2026-05-07 07:12:28"}
[26-May-2026 01:48:21 UTC] MERC_ADMIN_RESUMEN_SAMPLE - id=31827 post_date=2026-05-07 07:10:08 metas={"wpcargo_pickup_date_picker":"07\/05\/2026","wpcargo_pickup_date":"","calendarenvio":"","wpcargo_fecha_envio":"","post_date":"2026-05-07 07:10:08"}
[26-May-2026 01:48:21 UTC] MERC_ADMIN_RESUMEN_SAMPLE - id=31826 post_date=2026-05-07 07:09:01 metas={"wpcargo_pickup_date_picker":"07\/05\/2026","wpcargo_pickup_date":"","calendarenvio":"","wpcargo_fecha_envio":"","post_date":"2026-05-07 07:09:01"}
[26-May-2026 01:48:21 UTC] MERC_ADMIN_RESUMEN_SAMPLE - id=31825 post_date=2026-05-07 07:08:04 metas={"wpcargo_pickup_date_picker":"07\/05\/2026","wpcargo_pickup_date":"","calendarenvio":"","wpcargo_fecha_envio":"","post_date":"2026-05-07 07:08:04"}
[26-May-2026 01:48:21 UTC] MERC_ADMIN_RESUMEN_SAMPLE - id=31824 post_date=2026-05-07 07:05:37 metas={"wpcargo_pickup_date_picker":"07\/05\/2026","wpcargo_pickup_date":"","calendarenvio":"","wpcargo_fecha_envio":"","post_date":"2026-05-07 07:05:37"}
[26-May-2026 01:48:21 UTC] MERC_ADMIN_RESUMEN_SAMPLE - id=31823 post_date=2026-05-07 07:04:42 metas={"wpcargo_pickup_date_picker":"07\/05\/2026","wpcargo_pickup_date":"","calendarenvio":"","wpcargo_fecha_envio":"","post_date":"2026-05-07 07:04:42"}
[26-May-2026 01:48:21 UTC] MERC_ADMIN_RESUMEN_SAMPLE - id=31822 post_date=2026-05-07 07:03:50 metas={"wpcargo_pickup_date_picker":"07\/05\/2026","wpcargo_pickup_date":"","calendarenvio":"","wpcargo_fecha_envio":"","post_date":"2026-05-07 07:03:50"}
[26-May-2026 01:48:21 UTC] MERC_ADMIN_RESUMEN_SAMPLE - id=31821 post_date=2026-05-07 06:20:16 metas={"wpcargo_pickup_date_picker":"07\/05\/2026","wpcargo_pickup_date":"","calendarenvio":"","wpcargo_fecha_envio":"","post_date":"2026-05-07 06:20:16"}
[26-May-2026 01:48:21 UTC] MERC_ADMIN_RESUMEN_SAMPLE - id=31820 post_date=2026-05-07 06:17:05 metas={"wpcargo_pickup_date_picker":"07\/05\/2026","wpcargo_pickup_date":"","calendarenvio":"","wpcargo_fecha_envio":"","post_date":"2026-05-07 06:17:05"}
[26-May-2026 01:48:21 UTC] MERC_ADMIN_RESUMEN_SAMPLE - id=31819 post_date=2026-05-07 03:45:00 metas={"wpcargo_pickup_date_picker":"07\/05\/2026","wpcargo_pickup_date":"","calendarenvio":"","wpcargo_fecha_envio":"","post_date":"2026-05-07 03:45:00"}
[26-May-2026 01:48:21 UTC] MERC_ADMIN_RESUMEN_SAMPLE - id=31818 post_date=2026-05-07 02:24:51 metas={"wpcargo_pickup_date_picker":"07\/05\/2026","wpcargo_pickup_date":"","calendarenvio":"","wpcargo_fecha_envio":"","post_date":"2026-05-07 02:24:51"}
[26-May-2026 01:48:21 UTC] MERC_ADMIN_RESUMEN_SAMPLE - id=31817 post_date=2026-05-07 02:23:53 metas={"wpcargo_pickup_date_picker":"07\/05\/2026","wpcargo_pickup_date":"","calendarenvio":"","wpcargo_fecha_envio":"","post_date":"2026-05-07 02:23:53"}
[26-May-2026 01:48:21 UTC] MERC_ADMIN_RESUMEN_SAMPLE - id=31816 post_date=2026-05-07 02:23:07 metas={"wpcargo_pickup_date_picker":"07\/05\/2026","wpcargo_pickup_date":"","calendarenvio":"","wpcargo_fecha_envio":"","post_date":"2026-05-07 02:23:07"}
[26-May-2026 01:48:21 UTC] MERC_ADMIN_RESUMEN - trying post_date fallback with start=2026-05-25 00:00:00 end=2026-05-25 23:59:59
[26-May-2026 01:48:22 UTC] 🔍 [MERC_ADMIN_CARDS] drivers_sql: SELECT pm_entrega.meta_value AS driver_id, COUNT(DISTINCT p.ID) AS total_entregas FROM wp_posts p LEFT JOIN wp_postmeta pm_entrega ON p.ID = pm_entrega.post_id AND pm_entrega.meta_key = 'wpcargo_motorizo_entrega' WHERE p.post_type = 'wpcargo_shipment' AND p.post_status = 'publish' AND pm_entrega.meta_value IS NOT NULL AND EXISTS( SELECT 1 FROM wp_postmeta pm_pickup WHERE pm_pickup.post_id = p.ID AND pm_pickup.meta_key = 'wpcargo_pickup_date_picker' AND ( STR_TO_DATE(pm_pickup.meta_value, '%d/%m/%Y') >= STR_TO_DATE('2026-05-25', '%Y-%m-%d') AND STR_TO_DATE(pm_pickup.meta_value, '%d/%m/%Y') <= STR_TO_DATE('2026-05-25', '%Y-%m-%d') ) ) GROUP BY pm_entrega.meta_value ORDER BY total_entregas DESC
[26-May-2026 01:48:22 UTC] 🔍 [MERC_ADMIN_CARDS] sample_ids_count: 0
[26-May-2026 01:48:22 UTC] 🔍 [MERC_ADMIN_CARDS] sample_ids EMPTY for date_query
[26-May-2026 01:48:22 UTC] 🔍 [MERC_ADMIN_CARDS] drivers_count: 0
[26-May-2026 01:48:48 UTC] 🔔 [MERC_LOG] Inicializado logger diario: /var/www/html/wp-content/merc_logs/merc-debug-2026-05-26.log
[26-May-2026 01:48:49 UTC] 🔔 [MERC_LOG] Inicializado logger diario: /var/www/html/wp-content/merc_logs/merc-debug-2026-05-26.log
[26-May-2026 01:48:57 UTC] 🔔 [MERC_LOG] Inicializado logger diario: /var/www/html/wp-content/merc_logs/merc-debug-2026-05-26.log
[26-May-2026 01:49:07 UTC] 🔔 [MERC_LOG] Inicializado logger diario: /var/www/html/wp-content/merc_logs/merc-debug-2026-05-26.log
[26-May-2026 01:49:08 UTC] 🔔 [MERC_LOG] Inicializado logger diario: /var/www/html/wp-content/merc_logs/merc-debug-2026-05-26.log
[26-May-2026 01:49:10 UTC] 🔵 [FILTER] filter_shipment_by_date_and_tiendaname llamado
[26-May-2026 01:49:10 UTC] 🔵 [FILTER] Usuario actual: 109
[26-May-2026 01:49:10 UTC] 🔵 [FILTER] Args iniciales: {"post_type":"wpcargo_shipment","post_status":"publish","posts_per_page":"500","paged":1,"s":"","meta_query":{"relation":"AND","0":[]},"date_query":[{"after":"2026-03-27","before":"2026-05-26","inclusive":true}]}
[26-May-2026 01:49:10 UTC] 🔵 [FILTER] GET params: Array
(
)

[26-May-2026 01:49:10 UTC] 🔵 [FILTER] Sin parámetros de fecha, aplicando HOY por defecto: 2026-05-25
[26-May-2026 01:49:10 UTC] 🔵 [FILTER] Fecha desde: '2026-05-25' | Fecha hasta: '2026-05-25'
[26-May-2026 01:49:10 UTC] 🔵 [FILTER] has_from: true | has_to: true
[26-May-2026 01:49:10 UTC] 🔵 [FILTER] REMOVIENDO date_query para evitar conflicto
[26-May-2026 01:49:10 UTC] 🔵 [FILTER] SQL Query: 
            SELECT DISTINCT p.ID 
            FROM wp_posts p
            INNER JOIN wp_postmeta pm ON p.ID = pm.post_id
            WHERE p.post_type = 'wpcargo_shipment'
            AND pm.meta_key IN ('wpcargo_pickup_date_picker', 'wpcargo_pickup_date', 'calendarenvio', 'wpcargo_fecha_envio')
            AND (STR_TO_DATE(pm.meta_value, '%d/%m/%Y') >= STR_TO_DATE('2026-05-25', '%Y-%m-%d') AND STR_TO_DATE(pm.meta_value, '%d/%m/%Y') <= STR_TO_DATE('2026-05-25', '%Y-%m-%d'))
        
[26-May-2026 01:49:10 UTC] 🔵 [FILTER] IDs encontrados por fecha: 1
[26-May-2026 01:49:10 UTC] 🔵 [FILTER] Primeros 10 IDs: 27491
[26-May-2026 01:49:10 UTC] 🔵 [FILTER] post__in no existe, creando nuevo
[26-May-2026 01:49:10 UTC] 🔵 [FILTER] post_status cambiado a array para incluir estados normales (EXCLUYENDO trash)
[26-May-2026 01:49:10 UTC] 🔵 [FILTER] Args finales: {"post_type":"wpcargo_shipment","post_status":["publish","draft","pending","private"],"posts_per_page":"500","paged":1,"s":"","meta_query":{"relation":"AND","0":[]},"post__in":["27491"]}
[26-May-2026 01:49:14 UTC] 🔔 [MERC_LOG] Inicializado logger diario: /var/www/html/wp-content/merc_logs/merc-debug-2026-05-26.log
[26-May-2026 01:49:15 UTC] 🔔 [MERC_LOG] Inicializado logger diario: /var/www/html/wp-content/merc_logs/merc-debug-2026-05-26.log
[26-May-2026 01:49:19 UTC] 🔔 [MERC_LOG] Inicializado logger diario: /var/www/html/wp-content/merc_logs/merc-debug-2026-05-26.log
[26-May-2026 01:49:22 UTC] 🔔 [MERC_LOG] Inicializado logger diario: /var/www/html/wp-content/merc_logs/merc-debug-2026-05-26.log
[26-May-2026 01:49:32 UTC] 🔔 [MERC_LOG] Inicializado logger diario: /var/www/html/wp-content/merc_logs/merc-debug-2026-05-26.log
[26-May-2026 01:49:32 UTC] 🔔 [MERC_LOG] Inicializado logger diario: /var/www/html/wp-content/merc_logs/merc-debug-2026-05-26.log
[26-May-2026 01:49:34 UTC] 🔵 [FILTER] filter_shipment_by_date_and_tiendaname llamado
[26-May-2026 01:49:34 UTC] 🔵 [FILTER] Usuario actual: 120
[26-May-2026 01:49:34 UTC] 🔵 [FILTER] Args iniciales: {"post_type":"wpcargo_shipment","post_status":"publish","posts_per_page":10,"paged":1,"s":"","meta_query":{"relation":"AND","0":{"__assignment":{"key":"wpcargo_driver","value":120,"compare":"="}}},"date_query":[{"after":"2026-05-25","before":"2026-05-25","inclusive":true}]}
[26-May-2026 01:49:34 UTC] 🔵 [FILTER] GET params: Array
(
)

[26-May-2026 01:49:34 UTC] 🔵 [FILTER] Sin parámetros de fecha, aplicando HOY por defecto: 2026-05-25
[26-May-2026 01:49:34 UTC] 🔵 [FILTER] Fecha desde: '2026-05-25' | Fecha hasta: '2026-05-25'
[26-May-2026 01:49:34 UTC] 🔵 [FILTER] has_from: true | has_to: true
[26-May-2026 01:49:34 UTC] 🔵 [FILTER] REMOVIENDO date_query para evitar conflicto
[26-May-2026 01:49:34 UTC] 🔵 [FILTER] SQL Query: 
            SELECT DISTINCT p.ID 
            FROM wp_posts p
            INNER JOIN wp_postmeta pm ON p.ID = pm.post_id
            WHERE p.post_type = 'wpcargo_shipment'
            AND pm.meta_key IN ('wpcargo_pickup_date_picker', 'wpcargo_pickup_date', 'calendarenvio', 'wpcargo_fecha_envio')
            AND (STR_TO_DATE(pm.meta_value, '%d/%m/%Y') >= STR_TO_DATE('2026-05-25', '%Y-%m-%d') AND STR_TO_DATE(pm.meta_value, '%d/%m/%Y') <= STR_TO_DATE('2026-05-25', '%Y-%m-%d'))
        
[26-May-2026 01:49:34 UTC] 🔵 [FILTER] IDs encontrados por fecha: 1
[26-May-2026 01:49:34 UTC] 🔵 [FILTER] Primeros 10 IDs: 27491
[26-May-2026 01:49:34 UTC] 🔵 [FILTER] post__in no existe, creando nuevo
[26-May-2026 01:49:34 UTC] 🔵 [FILTER] post_status cambiado a array para incluir estados normales (EXCLUYENDO trash)
[26-May-2026 01:49:34 UTC] 🔵 [FILTER] Args finales: {"post_type":"wpcargo_shipment","post_status":["publish","draft","pending","private"],"posts_per_page":10,"paged":1,"s":"","meta_query":{"relation":"AND","0":{"__assignment":{"key":"wpcargo_driver","value":120,"compare":"="}}},"post__in":["27491"]}
[26-May-2026 01:49:39 UTC] 🔔 [MERC_LOG] Inicializado logger diario: /var/www/html/wp-content/merc_logs/merc-debug-2026-05-26.log
[26-May-2026 01:49:39 UTC] 🔔 [MERC_LOG] Inicializado logger diario: /var/www/html/wp-content/merc_logs/merc-debug-2026-05-26.log
[26-May-2026 01:49:46 UTC] 🔔 [MERC_LOG] Inicializado logger diario: /var/www/html/wp-content/merc_logs/merc-debug-2026-05-26.log
[26-May-2026 01:50:06 UTC] 🔔 [MERC_LOG] Inicializado logger diario: /var/www/html/wp-content/merc_logs/merc-debug-2026-05-26.log
[26-May-2026 01:50:06 UTC] 🔔 [MERC_LOG] Inicializado logger diario: /var/www/html/wp-content/merc_logs/merc-debug-2026-05-26.log
[26-May-2026 01:50:09 UTC] =====================================
[26-May-2026 01:50:09 UTC] 🔍 VERIFICANDO BLOQUEO - Cliente: #517 | Fecha: 2026-05-25
[26-May-2026 01:50:09 UTC] URL actual: /dashboard/
[26-May-2026 01:50:09 UTC] =====================================
[26-May-2026 01:50:09 UTC] 🔎 SQL Query: 
        SELECT 
            p.ID, 
            p.post_date,
            pm_status.meta_value as estado,
            pm_pago.meta_value as estado_pago,
            pm_fecha_reprog.meta_value as fecha_reprogramada
        FROM wp_posts p
        LEFT JOIN wp_postmeta pm_shipper 
            ON p.ID = pm_shipper.post_id 
            AND pm_shipper.meta_key = 'registered_shipper'
        LEFT JOIN wp_postmeta pm_status 
            ON p.ID = pm_status.post_id 
            AND pm_status.meta_key = 'wpcargo_status'
        LEFT JOIN wp_postmeta pm_pago 
            ON p.ID = pm_pago.post_id 
            AND pm_pago.meta_key = 'wpcargo_estado_pago_remitente'
        LEFT JOIN wp_postmeta pm_fecha_reprog 
            ON p.ID = pm_fecha_reprog.post_id 
            AND pm_fecha_reprog.meta_key = 'wpcargo_pickup_date_picker'
        WHERE p.post_type = 'wpcargo_shipment'
        AND p.post_status = 'publish'
        AND pm_shipper.meta_value = '517'
    
[26-May-2026 01:50:09 UTC] 📊 Total envíos del cliente (sin filtrar): 1
[26-May-2026 01:50:09 UTC]    📅 Envío #31835: post_date_raw='2026-05-24 11:34:58' | fecha_reprog_raw='24/05/2026' | fecha_efectiva='2026-05-24' | hoy='2026-05-25'
[26-May-2026 01:50:09 UTC]       ❌ NO incluido (fecha no coincide)
[26-May-2026 01:50:09 UTC] 📦 Total envíos encontrados para HOY: 0
[26-May-2026 01:50:09 UTC] ✅ PERMITIDO: Cliente #517 sin envíos hoy - Puede crear
[26-May-2026 01:50:09 UTC] =====================================
[26-May-2026 01:50:09 UTC] =====================================
[26-May-2026 01:50:09 UTC] 🔍 VERIFICANDO BLOQUEO - Cliente: #517 | Fecha: 2026-05-25
[26-May-2026 01:50:09 UTC] URL actual: /dashboard/
[26-May-2026 01:50:09 UTC] =====================================
[26-May-2026 01:50:09 UTC] 🔎 SQL Query: 
        SELECT 
            p.ID, 
            p.post_date,
            pm_status.meta_value as estado,
            pm_pago.meta_value as estado_pago,
            pm_fecha_reprog.meta_value as fecha_reprogramada
        FROM wp_posts p
        LEFT JOIN wp_postmeta pm_shipper 
            ON p.ID = pm_shipper.post_id 
            AND pm_shipper.meta_key = 'registered_shipper'
        LEFT JOIN wp_postmeta pm_status 
            ON p.ID = pm_status.post_id 
            AND pm_status.meta_key = 'wpcargo_status'
        LEFT JOIN wp_postmeta pm_pago 
            ON p.ID = pm_pago.post_id 
            AND pm_pago.meta_key = 'wpcargo_estado_pago_remitente'
        LEFT JOIN wp_postmeta pm_fecha_reprog 
            ON p.ID = pm_fecha_reprog.post_id 
            AND pm_fecha_reprog.meta_key = 'wpcargo_pickup_date_picker'
        WHERE p.post_type = 'wpcargo_shipment'
        AND p.post_status = 'publish'
        AND pm_shipper.meta_value = '517'
    
[26-May-2026 01:50:09 UTC] 📊 Total envíos del cliente (sin filtrar): 1
[26-May-2026 01:50:09 UTC]    📅 Envío #31835: post_date_raw='2026-05-24 11:34:58' | fecha_reprog_raw='24/05/2026' | fecha_efectiva='2026-05-24' | hoy='2026-05-25'
[26-May-2026 01:50:09 UTC]       ❌ NO incluido (fecha no coincide)
[26-May-2026 01:50:09 UTC] 📦 Total envíos encontrados para HOY: 0
[26-May-2026 01:50:09 UTC] ✅ PERMITIDO: Cliente #517 sin envíos hoy - Puede crear
[26-May-2026 01:50:09 UTC] =====================================
[26-May-2026 01:50:09 UTC] =====================================
[26-May-2026 01:50:09 UTC] 🔍 VERIFICANDO BLOQUEO - Cliente: #517 | Fecha: 2026-05-25
[26-May-2026 01:50:09 UTC] URL actual: /dashboard/
[26-May-2026 01:50:09 UTC] =====================================
[26-May-2026 01:50:09 UTC] 🔎 SQL Query: 
        SELECT 
            p.ID, 
            p.post_date,
            pm_status.meta_value as estado,
            pm_pago.meta_value as estado_pago,
            pm_fecha_reprog.meta_value as fecha_reprogramada
        FROM wp_posts p
        LEFT JOIN wp_postmeta pm_shipper 
            ON p.ID = pm_shipper.post_id 
            AND pm_shipper.meta_key = 'registered_shipper'
        LEFT JOIN wp_postmeta pm_status 
            ON p.ID = pm_status.post_id 
            AND pm_status.meta_key = 'wpcargo_status'
        LEFT JOIN wp_postmeta pm_pago 
            ON p.ID = pm_pago.post_id 
            AND pm_pago.meta_key = 'wpcargo_estado_pago_remitente'
        LEFT JOIN wp_postmeta pm_fecha_reprog 
            ON p.ID = pm_fecha_reprog.post_id 
            AND pm_fecha_reprog.meta_key = 'wpcargo_pickup_date_picker'
        WHERE p.post_type = 'wpcargo_shipment'
        AND p.post_status = 'publish'
        AND pm_shipper.meta_value = '517'
    
[26-May-2026 01:50:09 UTC] 📊 Total envíos del cliente (sin filtrar): 1
[26-May-2026 01:50:09 UTC]    📅 Envío #31835: post_date_raw='2026-05-24 11:34:58' | fecha_reprog_raw='24/05/2026' | fecha_efectiva='2026-05-24' | hoy='2026-05-25'
[26-May-2026 01:50:09 UTC]       ❌ NO incluido (fecha no coincide)
[26-May-2026 01:50:09 UTC] 📦 Total envíos encontrados para HOY: 0
[26-May-2026 01:50:09 UTC] ✅ PERMITIDO: Cliente #517 sin envíos hoy - Puede crear
[26-May-2026 01:50:09 UTC] =====================================
[26-May-2026 01:50:09 UTC] =====================================
[26-May-2026 01:50:09 UTC] 🔍 VERIFICANDO BLOQUEO - Cliente: #517 | Fecha: 2026-05-25
[26-May-2026 01:50:09 UTC] URL actual: /dashboard/
[26-May-2026 01:50:09 UTC] =====================================
[26-May-2026 01:50:09 UTC] 🔎 SQL Query: 
        SELECT 
            p.ID, 
            p.post_date,
            pm_status.meta_value as estado,
            pm_pago.meta_value as estado_pago,
            pm_fecha_reprog.meta_value as fecha_reprogramada
        FROM wp_posts p
        LEFT JOIN wp_postmeta pm_shipper 
            ON p.ID = pm_shipper.post_id 
            AND pm_shipper.meta_key = 'registered_shipper'
        LEFT JOIN wp_postmeta pm_status 
            ON p.ID = pm_status.post_id 
            AND pm_status.meta_key = 'wpcargo_status'
        LEFT JOIN wp_postmeta pm_pago 
            ON p.ID = pm_pago.post_id 
            AND pm_pago.meta_key = 'wpcargo_estado_pago_remitente'
        LEFT JOIN wp_postmeta pm_fecha_reprog 
            ON p.ID = pm_fecha_reprog.post_id 
            AND pm_fecha_reprog.meta_key = 'wpcargo_pickup_date_picker'
        WHERE p.post_type = 'wpcargo_shipment'
        AND p.post_status = 'publish'
        AND pm_shipper.meta_value = '517'
    
[26-May-2026 01:50:09 UTC] 📊 Total envíos del cliente (sin filtrar): 1
[26-May-2026 01:50:09 UTC]    📅 Envío #31835: post_date_raw='2026-05-24 11:34:58' | fecha_reprog_raw='24/05/2026' | fecha_efectiva='2026-05-24' | hoy='2026-05-25'
[26-May-2026 01:50:09 UTC]       ❌ NO incluido (fecha no coincide)
[26-May-2026 01:50:09 UTC] 📦 Total envíos encontrados para HOY: 0
[26-May-2026 01:50:09 UTC] ✅ PERMITIDO: Cliente #517 sin envíos hoy - Puede crear
[26-May-2026 01:50:09 UTC] =====================================
[26-May-2026 01:50:09 UTC] 🔵 [FILTER] filter_shipment_by_date_and_tiendaname llamado
[26-May-2026 01:50:09 UTC] 🔵 [FILTER] Usuario actual: 517
[26-May-2026 01:50:09 UTC] 🔵 [FILTER] Args iniciales: {"post_type":"wpcargo_shipment","post_status":"publish","posts_per_page":10,"paged":1,"s":"","meta_query":{"relation":"AND","0":{"__assignment":{"key":"registered_shipper","value":517,"compare":"="}}},"date_query":[{"after":"2026-05-25","before":"2026-05-25","inclusive":true}]}
[26-May-2026 01:50:09 UTC] 🔵 [FILTER] GET params: Array
(
)

[26-May-2026 01:50:09 UTC] 🔵 [FILTER] Sin parámetros de fecha, aplicando HOY por defecto: 2026-05-25
[26-May-2026 01:50:09 UTC] 🔵 [FILTER] Fecha desde: '2026-05-25' | Fecha hasta: '2026-05-25'
[26-May-2026 01:50:09 UTC] 🔵 [FILTER] has_from: true | has_to: true
[26-May-2026 01:50:09 UTC] 🔵 [FILTER] REMOVIENDO date_query para evitar conflicto
[26-May-2026 01:50:09 UTC] 🔵 [FILTER] SQL Query: 
            SELECT DISTINCT p.ID 
            FROM wp_posts p
            INNER JOIN wp_postmeta pm ON p.ID = pm.post_id
            WHERE p.post_type = 'wpcargo_shipment'
            AND pm.meta_key IN ('wpcargo_pickup_date_picker', 'wpcargo_pickup_date', 'calendarenvio', 'wpcargo_fecha_envio')
            AND (STR_TO_DATE(pm.meta_value, '%d/%m/%Y') >= STR_TO_DATE('2026-05-25', '%Y-%m-%d') AND STR_TO_DATE(pm.meta_value, '%d/%m/%Y') <= STR_TO_DATE('2026-05-25', '%Y-%m-%d'))
        
[26-May-2026 01:50:09 UTC] 🔵 [FILTER] IDs encontrados por fecha: 1
[26-May-2026 01:50:09 UTC] 🔵 [FILTER] Primeros 10 IDs: 27491
[26-May-2026 01:50:09 UTC] 🔵 [FILTER] post__in no existe, creando nuevo
[26-May-2026 01:50:09 UTC] 🔵 [FILTER] post_status cambiado a array para incluir estados normales (EXCLUYENDO trash)
[26-May-2026 01:50:09 UTC] 🔵 [FILTER] Args finales: {"post_type":"wpcargo_shipment","post_status":["publish","draft","pending","private"],"posts_per_page":10,"paged":1,"s":"","meta_query":{"relation":"AND","0":{"__assignment":{"key":"registered_shipper","value":517,"compare":"="}}},"post__in":["27491"]}
[26-May-2026 01:50:13 UTC] 🔔 [MERC_LOG] Inicializado logger diario: /var/www/html/wp-content/merc_logs/merc-debug-2026-05-26.log
[26-May-2026 01:50:14 UTC] 🔔 [MERC_LOG] Inicializado logger diario: /var/www/html/wp-content/merc_logs/merc-debug-2026-05-26.log
[26-May-2026 01:50:15 UTC] 🔔 [MERC_LOG] Inicializado logger diario: /var/www/html/wp-content/merc_logs/merc-debug-2026-05-26.log
[26-May-2026 01:50:22 UTC] 🔔 [MERC_LOG] Inicializado logger diario: /var/www/html/wp-content/merc_logs/merc-debug-2026-05-26.log
[26-May-2026 01:50:22 UTC] 🔔 [MERC_LOG] Inicializado logger diario: /var/www/html/wp-content/merc_logs/merc-debug-2026-05-26.log
[26-May-2026 01:54:26 UTC] 🔔 [MERC_LOG] Inicializado logger diario: /var/www/html/wp-content/merc_logs/merc-debug-2026-05-26.log
[26-May-2026 01:54:34 UTC] 🔔 [MERC_LOG] Inicializado logger diario: /var/www/html/wp-content/merc_logs/merc-debug-2026-05-26.log
[26-May-2026 01:54:45 UTC] 🔔 [MERC_LOG] Inicializado logger diario: /var/www/html/wp-content/merc_logs/merc-debug-2026-05-26.log
[26-May-2026 01:54:45 UTC] 🔔 [MERC_LOG] Inicializado logger diario: /var/www/html/wp-content/merc_logs/merc-debug-2026-05-26.log
[26-May-2026 01:54:48 UTC] PHP Warning:  Cannot modify header information - headers already sent by (output started at /var/www/html/wp-content/plugins/wpcargo-frontend-manager/templates/header.php:1) in /var/www/html/wp-includes/pluggable.php on line 1450
[26-May-2026 01:54:48 UTC] PHP Warning:  Cannot modify header information - headers already sent by (output started at /var/www/html/wp-content/plugins/wpcargo-frontend-manager/templates/header.php:1) in /var/www/html/wp-includes/pluggable.php on line 1453
[26-May-2026 01:54:53 UTC] 🔔 [MERC_LOG] Inicializado logger diario: /var/www/html/wp-content/merc_logs/merc-debug-2026-05-26.log
[26-May-2026 01:54:55 UTC] PHP Warning:  Cannot modify header information - headers already sent by (output started at /var/www/html/wp-content/plugins/wpcargo-frontend-manager/templates/header.php:1) in /var/www/html/wp-includes/pluggable.php on line 1450
[26-May-2026 01:54:55 UTC] PHP Warning:  Cannot modify header information - headers already sent by (output started at /var/www/html/wp-content/plugins/wpcargo-frontend-manager/templates/header.php:1) in /var/www/html/wp-includes/pluggable.php on line 1453
[26-May-2026 01:54:57 UTC] 🔔 [MERC_LOG] Inicializado logger diario: /var/www/html/wp-content/merc_logs/merc-debug-2026-05-26.log
[26-May-2026 01:54:59 UTC] PHP Warning:  Cannot modify header information - headers already sent by (output started at /var/www/html/wp-content/plugins/wpcargo-frontend-manager/templates/header.php:1) in /var/www/html/wp-includes/pluggable.php on line 1450
[26-May-2026 01:54:59 UTC] PHP Warning:  Cannot modify header information - headers already sent by (output started at /var/www/html/wp-content/plugins/wpcargo-frontend-manager/templates/header.php:1) in /var/www/html/wp-includes/pluggable.php on line 1453
[26-May-2026 01:55:48 UTC] 🔔 [MERC_LOG] Inicializado logger diario: /var/www/html/wp-content/merc_logs/merc-debug-2026-05-26.log
[26-May-2026 01:55:50 UTC] 🔔 [MERC_LOG] Inicializado logger diario: /var/www/html/wp-content/merc_logs/merc-debug-2026-05-26.log
[26-May-2026 01:55:54 UTC] PHP Warning:  Undefined variable $tipo_vista in /var/www/html/wp-content/themes/blocksy-child/functions.php on line 7944
[26-May-2026 01:55:56 UTC] MERC_ADMIN_RESUMEN - date_query="AND ( 
        EXISTS( 
            SELECT 1 FROM wp_postmeta pm_pickup 
            WHERE pm_pickup.post_id = p.ID 
              AND pm_pickup.meta_key IN ('wpcargo_pickup_date_picker','wpcargo_pickup_date','calendarenvio','wpcargo_fecha_envio')
              AND (
                    (STR_TO_DATE(pm_pickup.meta_value, '%%d/%%m/%%Y') >= STR_TO_DATE('2026-05-25', '%%Y-%%m-%%d') AND STR_TO_DATE(pm_pickup.meta_value, '%%d/%%m/%%Y') <= STR_TO_DATE('2026-05-25', '%%Y-%%m-%%d'))
                 OR (STR_TO_DATE(pm_pickup.meta_value, '%%Y-%%m-%%d') >= STR_TO_DATE('2026-05-25', '%%Y-%%m-%%d') AND STR_TO_DATE(pm_pickup.meta_value, '%%Y-%%m-%%d') <= STR_TO_DATE('2026-05-25', '%%Y-%%m-%%d'))
                 OR (pm_pickup.meta_value BETWEEN '2026-05-25' AND '2026-05-25')
                 OR (pm_pickup.meta_value LIKE '2026-05-25%')
              )
        )
        OR (p.post_date BETWEEN '2026-05-25 00:00:00' AND '2026-05-25 23:59:59')
    )"
[26-May-2026 01:55:56 UTC] MERC_ADMIN_RESUMEN - NO SHIPMENTS returned for date_query, attempting fallback by pickup meta
[26-May-2026 01:55:57 UTC] MERC_ADMIN_RESUMEN - fallback also returned NO shipments; attempting fallback by post_date range
[26-May-2026 01:55:57 UTC] MERC_ADMIN_RESUMEN_SAMPLE - id=31835 post_date=2026-05-24 11:34:58 metas={"wpcargo_pickup_date_picker":"24\/05\/2026","wpcargo_pickup_date":"","calendarenvio":"","wpcargo_fecha_envio":"","post_date":"2026-05-24 11:34:58"}
[26-May-2026 01:55:57 UTC] MERC_ADMIN_RESUMEN_SAMPLE - id=31834 post_date=2026-05-07 07:40:18 metas={"wpcargo_pickup_date_picker":"07\/05\/2026","wpcargo_pickup_date":"","calendarenvio":"","wpcargo_fecha_envio":"","post_date":"2026-05-07 07:40:18"}
[26-May-2026 01:55:57 UTC] MERC_ADMIN_RESUMEN_SAMPLE - id=31833 post_date=2026-05-07 07:37:10 metas={"wpcargo_pickup_date_picker":"07\/05\/2026","wpcargo_pickup_date":"","calendarenvio":"","wpcargo_fecha_envio":"","post_date":"2026-05-07 07:37:10"}
[26-May-2026 01:55:57 UTC] MERC_ADMIN_RESUMEN_SAMPLE - id=31832 post_date=2026-05-07 07:30:18 metas={"wpcargo_pickup_date_picker":"07\/05\/2026","wpcargo_pickup_date":"","calendarenvio":"","wpcargo_fecha_envio":"","post_date":"2026-05-07 07:30:18"}
[26-May-2026 01:55:57 UTC] MERC_ADMIN_RESUMEN_SAMPLE - id=31831 post_date=2026-05-07 07:19:40 metas={"wpcargo_pickup_date_picker":"07\/05\/2026","wpcargo_pickup_date":"","calendarenvio":"","wpcargo_fecha_envio":"","post_date":"2026-05-07 07:19:40"}
[26-May-2026 01:55:57 UTC] MERC_ADMIN_RESUMEN_SAMPLE - id=31830 post_date=2026-05-07 07:15:00 metas={"wpcargo_pickup_date_picker":"07\/05\/2026","wpcargo_pickup_date":"","calendarenvio":"","wpcargo_fecha_envio":"","post_date":"2026-05-07 07:15:00"}
[26-May-2026 01:55:57 UTC] MERC_ADMIN_RESUMEN_SAMPLE - id=31829 post_date=2026-05-07 07:14:15 metas={"wpcargo_pickup_date_picker":"07\/05\/2026","wpcargo_pickup_date":"","calendarenvio":"","wpcargo_fecha_envio":"","post_date":"2026-05-07 07:14:15"}
[26-May-2026 01:55:57 UTC] MERC_ADMIN_RESUMEN_SAMPLE - id=31828 post_date=2026-05-07 07:12:28 metas={"wpcargo_pickup_date_picker":"07\/05\/2026","wpcargo_pickup_date":"","calendarenvio":"","wpcargo_fecha_envio":"","post_date":"2026-05-07 07:12:28"}
[26-May-2026 01:55:57 UTC] MERC_ADMIN_RESUMEN_SAMPLE - id=31827 post_date=2026-05-07 07:10:08 metas={"wpcargo_pickup_date_picker":"07\/05\/2026","wpcargo_pickup_date":"","calendarenvio":"","wpcargo_fecha_envio":"","post_date":"2026-05-07 07:10:08"}
[26-May-2026 01:55:57 UTC] MERC_ADMIN_RESUMEN_SAMPLE - id=31826 post_date=2026-05-07 07:09:01 metas={"wpcargo_pickup_date_picker":"07\/05\/2026","wpcargo_pickup_date":"","calendarenvio":"","wpcargo_fecha_envio":"","post_date":"2026-05-07 07:09:01"}
[26-May-2026 01:55:57 UTC] MERC_ADMIN_RESUMEN_SAMPLE - id=31825 post_date=2026-05-07 07:08:04 metas={"wpcargo_pickup_date_picker":"07\/05\/2026","wpcargo_pickup_date":"","calendarenvio":"","wpcargo_fecha_envio":"","post_date":"2026-05-07 07:08:04"}
[26-May-2026 01:55:57 UTC] MERC_ADMIN_RESUMEN_SAMPLE - id=31824 post_date=2026-05-07 07:05:37 metas={"wpcargo_pickup_date_picker":"07\/05\/2026","wpcargo_pickup_date":"","calendarenvio":"","wpcargo_fecha_envio":"","post_date":"2026-05-07 07:05:37"}
[26-May-2026 01:55:57 UTC] MERC_ADMIN_RESUMEN_SAMPLE - id=31823 post_date=2026-05-07 07:04:42 metas={"wpcargo_pickup_date_picker":"07\/05\/2026","wpcargo_pickup_date":"","calendarenvio":"","wpcargo_fecha_envio":"","post_date":"2026-05-07 07:04:42"}
[26-May-2026 01:55:57 UTC] MERC_ADMIN_RESUMEN_SAMPLE - id=31822 post_date=2026-05-07 07:03:50 metas={"wpcargo_pickup_date_picker":"07\/05\/2026","wpcargo_pickup_date":"","calendarenvio":"","wpcargo_fecha_envio":"","post_date":"2026-05-07 07:03:50"}
[26-May-2026 01:55:57 UTC] MERC_ADMIN_RESUMEN_SAMPLE - id=31821 post_date=2026-05-07 06:20:16 metas={"wpcargo_pickup_date_picker":"07\/05\/2026","wpcargo_pickup_date":"","calendarenvio":"","wpcargo_fecha_envio":"","post_date":"2026-05-07 06:20:16"}
[26-May-2026 01:55:57 UTC] MERC_ADMIN_RESUMEN_SAMPLE - id=31820 post_date=2026-05-07 06:17:05 metas={"wpcargo_pickup_date_picker":"07\/05\/2026","wpcargo_pickup_date":"","calendarenvio":"","wpcargo_fecha_envio":"","post_date":"2026-05-07 06:17:05"}
[26-May-2026 01:55:57 UTC] MERC_ADMIN_RESUMEN_SAMPLE - id=31819 post_date=2026-05-07 03:45:00 metas={"wpcargo_pickup_date_picker":"07\/05\/2026","wpcargo_pickup_date":"","calendarenvio":"","wpcargo_fecha_envio":"","post_date":"2026-05-07 03:45:00"}
[26-May-2026 01:55:57 UTC] MERC_ADMIN_RESUMEN_SAMPLE - id=31818 post_date=2026-05-07 02:24:51 metas={"wpcargo_pickup_date_picker":"07\/05\/2026","wpcargo_pickup_date":"","calendarenvio":"","wpcargo_fecha_envio":"","post_date":"2026-05-07 02:24:51"}
[26-May-2026 01:55:57 UTC] MERC_ADMIN_RESUMEN_SAMPLE - id=31817 post_date=2026-05-07 02:23:53 metas={"wpcargo_pickup_date_picker":"07\/05\/2026","wpcargo_pickup_date":"","calendarenvio":"","wpcargo_fecha_envio":"","post_date":"2026-05-07 02:23:53"}
[26-May-2026 01:55:57 UTC] MERC_ADMIN_RESUMEN_SAMPLE - id=31816 post_date=2026-05-07 02:23:07 metas={"wpcargo_pickup_date_picker":"07\/05\/2026","wpcargo_pickup_date":"","calendarenvio":"","wpcargo_fecha_envio":"","post_date":"2026-05-07 02:23:07"}
[26-May-2026 01:55:57 UTC] MERC_ADMIN_RESUMEN - trying post_date fallback with start=2026-05-25 00:00:00 end=2026-05-25 23:59:59
[26-May-2026 01:55:58 UTC] 🔍 [MERC_ADMIN_CARDS] drivers_sql: SELECT pm_entrega.meta_value AS driver_id, COUNT(DISTINCT p.ID) AS total_entregas FROM wp_posts p LEFT JOIN wp_postmeta pm_entrega ON p.ID = pm_entrega.post_id AND pm_entrega.meta_key = 'wpcargo_motorizo_entrega' WHERE p.post_type = 'wpcargo_shipment' AND p.post_status = 'publish' AND pm_entrega.meta_value IS NOT NULL AND EXISTS( SELECT 1 FROM wp_postmeta pm_pickup WHERE pm_pickup.post_id = p.ID AND pm_pickup.meta_key = 'wpcargo_pickup_date_picker' AND ( STR_TO_DATE(pm_pickup.meta_value, '%d/%m/%Y') >= STR_TO_DATE('2026-05-25', '%Y-%m-%d') AND STR_TO_DATE(pm_pickup.meta_value, '%d/%m/%Y') <= STR_TO_DATE('2026-05-25', '%Y-%m-%d') ) ) GROUP BY pm_entrega.meta_value ORDER BY total_entregas DESC
[26-May-2026 01:55:58 UTC] 🔍 [MERC_ADMIN_CARDS] sample_ids_count: 0
[26-May-2026 01:55:58 UTC] 🔍 [MERC_ADMIN_CARDS] sample_ids EMPTY for date_query
[26-May-2026 01:55:58 UTC] 🔍 [MERC_ADMIN_CARDS] drivers_count: 0
[26-May-2026 01:56:05 UTC] 🔔 [MERC_LOG] Inicializado logger diario: /var/www/html/wp-content/merc_logs/merc-debug-2026-05-26.log
[26-May-2026 01:56:06 UTC] 🔔 [MERC_LOG] Inicializado logger diario: /var/www/html/wp-content/merc_logs/merc-debug-2026-05-26.log
[26-May-2026 01:56:11 UTC] 🔔 [MERC_LOG] Inicializado logger diario: /var/www/html/wp-content/merc_logs/merc-debug-2026-05-26.log
[26-May-2026 01:56:20 UTC] 🔔 [MERC_LOG] Inicializado logger diario: /var/www/html/wp-content/merc_logs/merc-debug-2026-05-26.log
[26-May-2026 01:56:20 UTC] 🔔 [MERC_LOG] Inicializado logger diario: /var/www/html/wp-content/merc_logs/merc-debug-2026-05-26.log
[26-May-2026 01:56:22 UTC] 🔵 [FILTER] filter_shipment_by_date_and_tiendaname llamado
[26-May-2026 01:56:22 UTC] 🔵 [FILTER] Usuario actual: 109
[26-May-2026 01:56:22 UTC] 🔵 [FILTER] Args iniciales: {"post_type":"wpcargo_shipment","post_status":"publish","posts_per_page":"500","paged":1,"s":"","meta_query":{"relation":"AND","0":[]},"date_query":[{"after":"2026-03-27","before":"2026-05-26","inclusive":true}]}
[26-May-2026 01:56:22 UTC] 🔵 [FILTER] GET params: Array
(
)

[26-May-2026 01:56:22 UTC] 🔵 [FILTER] Sin parámetros de fecha, aplicando HOY por defecto: 2026-05-25
[26-May-2026 01:56:22 UTC] 🔵 [FILTER] Fecha desde: '2026-05-25' | Fecha hasta: '2026-05-25'
[26-May-2026 01:56:22 UTC] 🔵 [FILTER] has_from: true | has_to: true
[26-May-2026 01:56:22 UTC] 🔵 [FILTER] REMOVIENDO date_query para evitar conflicto
[26-May-2026 01:56:22 UTC] 🔵 [FILTER] SQL Query: 
            SELECT DISTINCT p.ID 
            FROM wp_posts p
            INNER JOIN wp_postmeta pm ON p.ID = pm.post_id
            WHERE p.post_type = 'wpcargo_shipment'
            AND pm.meta_key IN ('wpcargo_pickup_date_picker', 'wpcargo_pickup_date', 'calendarenvio', 'wpcargo_fecha_envio')
            AND (STR_TO_DATE(pm.meta_value, '%d/%m/%Y') >= STR_TO_DATE('2026-05-25', '%Y-%m-%d') AND STR_TO_DATE(pm.meta_value, '%d/%m/%Y') <= STR_TO_DATE('2026-05-25', '%Y-%m-%d'))
        
[26-May-2026 01:56:22 UTC] 🔵 [FILTER] IDs encontrados por fecha: 1
[26-May-2026 01:56:22 UTC] 🔵 [FILTER] Primeros 10 IDs: 27491
[26-May-2026 01:56:22 UTC] 🔵 [FILTER] post__in no existe, creando nuevo
[26-May-2026 01:56:22 UTC] 🔵 [FILTER] post_status cambiado a array para incluir estados normales (EXCLUYENDO trash)
[26-May-2026 01:56:22 UTC] 🔵 [FILTER] Args finales: {"post_type":"wpcargo_shipment","post_status":["publish","draft","pending","private"],"posts_per_page":"500","paged":1,"s":"","meta_query":{"relation":"AND","0":[]},"post__in":["27491"]}
[26-May-2026 01:57:34 UTC] 🔔 [MERC_LOG] Inicializado logger diario: /var/www/html/wp-content/merc_logs/merc-debug-2026-05-26.log
[26-May-2026 01:57:35 UTC] 🔔 [MERC_LOG] Inicializado logger diario: /var/www/html/wp-content/merc_logs/merc-debug-2026-05-26.log
[26-May-2026 01:57:41 UTC] 🔔 [MERC_LOG] Inicializado logger diario: /var/www/html/wp-content/merc_logs/merc-debug-2026-05-26.log
[26-May-2026 01:57:42 UTC] 🔔 [MERC_LOG] Inicializado logger diario: /var/www/html/wp-content/merc_logs/merc-debug-2026-05-26.log
[26-May-2026 01:57:46 UTC] 🔔 [MERC_LOG] Inicializado logger diario: /var/www/html/wp-content/merc_logs/merc-debug-2026-05-26.log
[26-May-2026 01:57:51 UTC] 🔔 [MERC_LOG] Inicializado logger diario: /var/www/html/wp-content/merc_logs/merc-debug-2026-05-26.log
[26-May-2026 01:57:58 UTC] 🔔 [MERC_LOG] Inicializado logger diario: /var/www/html/wp-content/merc_logs/merc-debug-2026-05-26.log
[26-May-2026 01:57:59 UTC] 🔔 [MERC_LOG] Inicializado logger diario: /var/www/html/wp-content/merc_logs/merc-debug-2026-05-26.log
[26-May-2026 12:05:55 UTC] 🔔 [MERC_LOG] Inicializado logger diario: /var/www/html/wp-content/merc_logs/merc-debug-2026-05-26.log
[26-May-2026 12:05:58 UTC] 🌅 [RESETEO DIARIO AUTOMÁTICO] Ejecutado para 2026-05-26
[26-May-2026 12:06:13 UTC] 🔔 [MERC_LOG] Inicializado logger diario: /var/www/html/wp-content/merc_logs/merc-debug-2026-05-26.log
[26-May-2026 12:06:21 UTC] 🔔 [MERC_LOG] Inicializado logger diario: /var/www/html/wp-content/merc_logs/merc-debug-2026-05-26.log
[26-May-2026 12:06:22 UTC] 🔔 [MERC_LOG] Inicializado logger diario: /var/www/html/wp-content/merc_logs/merc-debug-2026-05-26.log
[26-May-2026 12:06:23 UTC] PHP Notice:  La función as_next_scheduled_action ha sido llamada <strong>de forma incorrecta</strong>. as_next_scheduled_action() was called before the Action Scheduler data store was initialized Por favor, ve <a href="https://developer.wordpress.org/advanced-administration/debug/debug-wordpress/">depuración en WordPress</a> para más información. (Este mensaje fue añadido en la versión 3.1.6). in /var/www/html/wp-includes/functions.php on line 6121
[26-May-2026 12:06:26 UTC] 🔵 [FILTER] filter_shipment_by_date_and_tiendaname llamado
[26-May-2026 12:06:26 UTC] 🔵 [FILTER] Usuario actual: 109
[26-May-2026 12:06:26 UTC] 🔵 [FILTER] Args iniciales: {"post_type":"wpcargo_shipment","post_status":"publish","posts_per_page":"500","paged":1,"s":"","meta_query":{"relation":"AND","0":[]},"date_query":[{"after":"2026-03-27","before":"2026-05-26","inclusive":true}]}
[26-May-2026 12:06:26 UTC] 🔵 [FILTER] GET params: Array
(
)

[26-May-2026 12:06:26 UTC] 🔵 [FILTER] Sin parámetros de fecha, aplicando HOY por defecto: 2026-05-26
[26-May-2026 12:06:26 UTC] 🔵 [FILTER] Fecha desde: '2026-05-26' | Fecha hasta: '2026-05-26'
[26-May-2026 12:06:26 UTC] 🔵 [FILTER] has_from: true | has_to: true
[26-May-2026 12:06:26 UTC] 🔵 [FILTER] REMOVIENDO date_query para evitar conflicto
[26-May-2026 12:06:26 UTC] 🔵 [FILTER] SQL Query: 
            SELECT DISTINCT p.ID 
            FROM wp_posts p
            INNER JOIN wp_postmeta pm ON p.ID = pm.post_id
            WHERE p.post_type = 'wpcargo_shipment'
            AND pm.meta_key IN ('wpcargo_pickup_date_picker', 'wpcargo_pickup_date', 'calendarenvio', 'wpcargo_fecha_envio')
            AND (STR_TO_DATE(pm.meta_value, '%d/%m/%Y') >= STR_TO_DATE('2026-05-26', '%Y-%m-%d') AND STR_TO_DATE(pm.meta_value, '%d/%m/%Y') <= STR_TO_DATE('2026-05-26', '%Y-%m-%d'))
        
[26-May-2026 12:06:26 UTC] 🔵 [FILTER] IDs encontrados por fecha: 0
[26-May-2026 12:06:26 UTC] 🔵 [FILTER] Sin resultados de fecha, forzando búsqueda vacía
[26-May-2026 12:06:26 UTC] 🔵 [FILTER] Args finales: {"post_type":"wpcargo_shipment","post_status":"publish","posts_per_page":"500","paged":1,"s":"","meta_query":{"relation":"AND","0":[]},"post__in":[0]}
[26-May-2026 12:06:36 UTC] 🔔 [MERC_LOG] Inicializado logger diario: /var/www/html/wp-content/merc_logs/merc-debug-2026-05-26.log
[26-May-2026 12:06:38 UTC] PHP Warning:  Undefined variable $tipo_vista in /var/www/html/wp-content/themes/blocksy-child/functions.php on line 7944
[26-May-2026 12:06:39 UTC] MERC_ADMIN_RESUMEN - date_query="AND ( 
        EXISTS( 
            SELECT 1 FROM wp_postmeta pm_pickup 
            WHERE pm_pickup.post_id = p.ID 
              AND pm_pickup.meta_key IN ('wpcargo_pickup_date_picker','wpcargo_pickup_date','calendarenvio','wpcargo_fecha_envio')
              AND (
                    (STR_TO_DATE(pm_pickup.meta_value, '%%d/%%m/%%Y') >= STR_TO_DATE('2026-05-26', '%%Y-%%m-%%d') AND STR_TO_DATE(pm_pickup.meta_value, '%%d/%%m/%%Y') <= STR_TO_DATE('2026-05-26', '%%Y-%%m-%%d'))
                 OR (STR_TO_DATE(pm_pickup.meta_value, '%%Y-%%m-%%d') >= STR_TO_DATE('2026-05-26', '%%Y-%%m-%%d') AND STR_TO_DATE(pm_pickup.meta_value, '%%Y-%%m-%%d') <= STR_TO_DATE('2026-05-26', '%%Y-%%m-%%d'))
                 OR (pm_pickup.meta_value BETWEEN '2026-05-26' AND '2026-05-26')
                 OR (pm_pickup.meta_value LIKE '2026-05-26%')
              )
        )
        OR (p.post_date BETWEEN '2026-05-26 00:00:00' AND '2026-05-26 23:59:59')
    )"
[26-May-2026 12:06:39 UTC] MERC_ADMIN_RESUMEN - NO SHIPMENTS returned for date_query, attempting fallback by pickup meta
[26-May-2026 12:06:40 UTC] MERC_ADMIN_RESUMEN - fallback also returned NO shipments; attempting fallback by post_date range
[26-May-2026 12:06:40 UTC] MERC_ADMIN_RESUMEN_SAMPLE - id=31835 post_date=2026-05-24 11:34:58 metas={"wpcargo_pickup_date_picker":"24\/05\/2026","wpcargo_pickup_date":"","calendarenvio":"","wpcargo_fecha_envio":"","post_date":"2026-05-24 11:34:58"}
[26-May-2026 12:06:40 UTC] MERC_ADMIN_RESUMEN_SAMPLE - id=31834 post_date=2026-05-07 07:40:18 metas={"wpcargo_pickup_date_picker":"07\/05\/2026","wpcargo_pickup_date":"","calendarenvio":"","wpcargo_fecha_envio":"","post_date":"2026-05-07 07:40:18"}
[26-May-2026 12:06:40 UTC] MERC_ADMIN_RESUMEN_SAMPLE - id=31833 post_date=2026-05-07 07:37:10 metas={"wpcargo_pickup_date_picker":"07\/05\/2026","wpcargo_pickup_date":"","calendarenvio":"","wpcargo_fecha_envio":"","post_date":"2026-05-07 07:37:10"}
[26-May-2026 12:06:40 UTC] MERC_ADMIN_RESUMEN_SAMPLE - id=31832 post_date=2026-05-07 07:30:18 metas={"wpcargo_pickup_date_picker":"07\/05\/2026","wpcargo_pickup_date":"","calendarenvio":"","wpcargo_fecha_envio":"","post_date":"2026-05-07 07:30:18"}
[26-May-2026 12:06:40 UTC] MERC_ADMIN_RESUMEN_SAMPLE - id=31831 post_date=2026-05-07 07:19:40 metas={"wpcargo_pickup_date_picker":"07\/05\/2026","wpcargo_pickup_date":"","calendarenvio":"","wpcargo_fecha_envio":"","post_date":"2026-05-07 07:19:40"}
[26-May-2026 12:06:40 UTC] MERC_ADMIN_RESUMEN_SAMPLE - id=31830 post_date=2026-05-07 07:15:00 metas={"wpcargo_pickup_date_picker":"07\/05\/2026","wpcargo_pickup_date":"","calendarenvio":"","wpcargo_fecha_envio":"","post_date":"2026-05-07 07:15:00"}
[26-May-2026 12:06:40 UTC] MERC_ADMIN_RESUMEN_SAMPLE - id=31829 post_date=2026-05-07 07:14:15 metas={"wpcargo_pickup_date_picker":"07\/05\/2026","wpcargo_pickup_date":"","calendarenvio":"","wpcargo_fecha_envio":"","post_date":"2026-05-07 07:14:15"}
[26-May-2026 12:06:40 UTC] MERC_ADMIN_RESUMEN_SAMPLE - id=31828 post_date=2026-05-07 07:12:28 metas={"wpcargo_pickup_date_picker":"07\/05\/2026","wpcargo_pickup_date":"","calendarenvio":"","wpcargo_fecha_envio":"","post_date":"2026-05-07 07:12:28"}
[26-May-2026 12:06:40 UTC] MERC_ADMIN_RESUMEN_SAMPLE - id=31827 post_date=2026-05-07 07:10:08 metas={"wpcargo_pickup_date_picker":"07\/05\/2026","wpcargo_pickup_date":"","calendarenvio":"","wpcargo_fecha_envio":"","post_date":"2026-05-07 07:10:08"}
[26-May-2026 12:06:40 UTC] MERC_ADMIN_RESUMEN_SAMPLE - id=31826 post_date=2026-05-07 07:09:01 metas={"wpcargo_pickup_date_picker":"07\/05\/2026","wpcargo_pickup_date":"","calendarenvio":"","wpcargo_fecha_envio":"","post_date":"2026-05-07 07:09:01"}
[26-May-2026 12:06:40 UTC] MERC_ADMIN_RESUMEN_SAMPLE - id=31825 post_date=2026-05-07 07:08:04 metas={"wpcargo_pickup_date_picker":"07\/05\/2026","wpcargo_pickup_date":"","calendarenvio":"","wpcargo_fecha_envio":"","post_date":"2026-05-07 07:08:04"}
[26-May-2026 12:06:40 UTC] MERC_ADMIN_RESUMEN_SAMPLE - id=31824 post_date=2026-05-07 07:05:37 metas={"wpcargo_pickup_date_picker":"07\/05\/2026","wpcargo_pickup_date":"","calendarenvio":"","wpcargo_fecha_envio":"","post_date":"2026-05-07 07:05:37"}
[26-May-2026 12:06:40 UTC] MERC_ADMIN_RESUMEN_SAMPLE - id=31823 post_date=2026-05-07 07:04:42 metas={"wpcargo_pickup_date_picker":"07\/05\/2026","wpcargo_pickup_date":"","calendarenvio":"","wpcargo_fecha_envio":"","post_date":"2026-05-07 07:04:42"}
[26-May-2026 12:06:40 UTC] MERC_ADMIN_RESUMEN_SAMPLE - id=31822 post_date=2026-05-07 07:03:50 metas={"wpcargo_pickup_date_picker":"07\/05\/2026","wpcargo_pickup_date":"","calendarenvio":"","wpcargo_fecha_envio":"","post_date":"2026-05-07 07:03:50"}
[26-May-2026 12:06:40 UTC] MERC_ADMIN_RESUMEN_SAMPLE - id=31821 post_date=2026-05-07 06:20:16 metas={"wpcargo_pickup_date_picker":"07\/05\/2026","wpcargo_pickup_date":"","calendarenvio":"","wpcargo_fecha_envio":"","post_date":"2026-05-07 06:20:16"}
[26-May-2026 12:06:40 UTC] MERC_ADMIN_RESUMEN_SAMPLE - id=31820 post_date=2026-05-07 06:17:05 metas={"wpcargo_pickup_date_picker":"07\/05\/2026","wpcargo_pickup_date":"","calendarenvio":"","wpcargo_fecha_envio":"","post_date":"2026-05-07 06:17:05"}
[26-May-2026 12:06:40 UTC] MERC_ADMIN_RESUMEN_SAMPLE - id=31819 post_date=2026-05-07 03:45:00 metas={"wpcargo_pickup_date_picker":"07\/05\/2026","wpcargo_pickup_date":"","calendarenvio":"","wpcargo_fecha_envio":"","post_date":"2026-05-07 03:45:00"}
[26-May-2026 12:06:40 UTC] MERC_ADMIN_RESUMEN_SAMPLE - id=31818 post_date=2026-05-07 02:24:51 metas={"wpcargo_pickup_date_picker":"07\/05\/2026","wpcargo_pickup_date":"","calendarenvio":"","wpcargo_fecha_envio":"","post_date":"2026-05-07 02:24:51"}
[26-May-2026 12:06:41 UTC] MERC_ADMIN_RESUMEN_SAMPLE - id=31817 post_date=2026-05-07 02:23:53 metas={"wpcargo_pickup_date_picker":"07\/05\/2026","wpcargo_pickup_date":"","calendarenvio":"","wpcargo_fecha_envio":"","post_date":"2026-05-07 02:23:53"}
[26-May-2026 12:06:41 UTC] MERC_ADMIN_RESUMEN_SAMPLE - id=31816 post_date=2026-05-07 02:23:07 metas={"wpcargo_pickup_date_picker":"07\/05\/2026","wpcargo_pickup_date":"","calendarenvio":"","wpcargo_fecha_envio":"","post_date":"2026-05-07 02:23:07"}
[26-May-2026 12:06:41 UTC] MERC_ADMIN_RESUMEN - trying post_date fallback with start=2026-05-26 00:00:00 end=2026-05-26 23:59:59
[26-May-2026 12:06:41 UTC] 🔍 [MERC_ADMIN_CARDS] drivers_sql: SELECT pm_entrega.meta_value AS driver_id, COUNT(DISTINCT p.ID) AS total_entregas FROM wp_posts p LEFT JOIN wp_postmeta pm_entrega ON p.ID = pm_entrega.post_id AND pm_entrega.meta_key = 'wpcargo_motorizo_entrega' WHERE p.post_type = 'wpcargo_shipment' AND p.post_status = 'publish' AND pm_entrega.meta_value IS NOT NULL AND EXISTS( SELECT 1 FROM wp_postmeta pm_pickup WHERE pm_pickup.post_id = p.ID AND pm_pickup.meta_key = 'wpcargo_pickup_date_picker' AND ( STR_TO_DATE(pm_pickup.meta_value, '%d/%m/%Y') >= STR_TO_DATE('2026-05-26', '%Y-%m-%d') AND STR_TO_DATE(pm_pickup.meta_value, '%d/%m/%Y') <= STR_TO_DATE('2026-05-26', '%Y-%m-%d') ) ) GROUP BY pm_entrega.meta_value ORDER BY total_entregas DESC
[26-May-2026 12:06:41 UTC] 🔍 [MERC_ADMIN_CARDS] sample_ids_count: 0
[26-May-2026 12:06:41 UTC] 🔍 [MERC_ADMIN_CARDS] sample_ids EMPTY for date_query
[26-May-2026 12:06:41 UTC] 🔍 [MERC_ADMIN_CARDS] drivers_count: 0
[26-May-2026 12:06:57 UTC] 🔔 [MERC_LOG] Inicializado logger diario: /var/www/html/wp-content/merc_logs/merc-debug-2026-05-26.log
[26-May-2026 12:06:57 UTC] 🔔 [MERC_LOG] Inicializado logger diario: /var/www/html/wp-content/merc_logs/merc-debug-2026-05-26.log
