[12-Jun-2026 00:21:00 UTC] 🔔 [MERC_LOG] Inicializado logger diario: /var/www/html/wp-content/merc_logs/merc-debug-2026-06-12.log
[12-Jun-2026 00:21:01 UTC] PHP Notice:  La función as_next_scheduled_action ha sido llamada <strong>de forma incorrecta</strong>. as_next_scheduled_action() was called before the Action Scheduler data store was initialized Por favor, ve <a href="https://developer.wordpress.org/advanced-administration/debug/debug-wordpress/">depuración en WordPress</a> para más información. (Este mensaje fue añadido en la versión 3.1.6). in /var/www/html/wp-includes/functions.php on line 6121
[12-Jun-2026 00:21:01 UTC] 🔔 [MERC_LOG] Inicializado logger diario: /var/www/html/wp-content/merc_logs/merc-debug-2026-06-12.log
[12-Jun-2026 00:21:03 UTC] PHP Warning:  Undefined variable $tipo_vista in /var/www/html/wp-content/themes/blocksy-child/functions.php on line 7636
[12-Jun-2026 00:21:03 UTC] MERC_ADMIN_RESUMEN - date_query="AND EXISTS(
            SELECT 1 FROM wp_postmeta pm_pickup 
            WHERE pm_pickup.post_id = p.ID 
            AND pm_pickup.meta_key = 'wpcargo_pickup_date_picker'
            AND (
                STR_TO_DATE(pm_pickup.meta_value, '%d/%m/%Y') >= STR_TO_DATE('2026-06-11', '%Y-%m-%d')
                AND STR_TO_DATE(pm_pickup.meta_value, '%d/%m/%Y') <= STR_TO_DATE('2026-06-11', '%Y-%m-%d')
            )
        )"
[12-Jun-2026 00:21:03 UTC] MERC_ADMIN_RESUMEN - shipments_count=1
[12-Jun-2026 00:21:03 UTC] ═══════════════════════════════════════════════════════════
[12-Jun-2026 00:21:03 UTC] 🔍 MERC_ADMIN_DEBUG - INICIANDO CÁLCULOS DEL PANEL
[12-Jun-2026 00:21:03 UTC] ═══════════════════════════════════════════════════════════
[12-Jun-2026 00:21:03 UTC] 
[12-Jun-2026 00:21:03 UTC] ────────────────────────────────────────────────────────
[12-Jun-2026 00:21:03 UTC] 📦 SHIPMENT #31872
[12-Jun-2026 00:21:03 UTC]    Costo Envío: S/. 13.00
[12-Jun-2026 00:21:03 UTC]    Costo Producto: S/. 27.00
[12-Jun-2026 00:21:03 UTC]    Estado Motorizado: liquidado
[12-Jun-2026 00:21:03 UTC]    Estado Remitente (liquidado): VACÍO
[12-Jun-2026 00:21:03 UTC]    Quién Paga: remitente
[12-Jun-2026 00:21:03 UTC]    Estado Entrega: ENTREGADO
[12-Jun-2026 00:21:03 UTC]    ✅ SUMADO A TOTAL ENTREGADOS: S/. 27.00 (producto=27.00, Total: S/. 27.00)
[12-Jun-2026 00:21:03 UTC]    ✅ SUMADO A INGRESOS ENVÍOS: S/. 13.00 (Total: S/. 13.00)
[12-Jun-2026 00:21:03 UTC]    Cliente 517 - ¿Liquidación verificada? NO
[12-Jun-2026 00:21:03 UTC]    TOTALES ACUMULADOS: pago_merc=S/. 10.00, pos=S/. 12.35, pago_marca=S/. 10.00, servicio=S/. 13.00
[12-Jun-2026 00:21:03 UTC]    GET_PAYMENT_TOTALS: efectivo=S/. 7.00, pago_merc=S/. 10.00, pos=S/. 12.35, pago_marca=S/. 10.00, total=S/. 39.35
[12-Jun-2026 00:21:03 UTC]    Efectivo Total acumulado: S/. 7.00
[12-Jun-2026 00:21:03 UTC]    ✅ SUMADO A RECAUDADO_MERC: S/. 10.00 (Total: S/. 10.00)
[12-Jun-2026 00:21:03 UTC]    ✅ SUMADO A RECAUDADO_MARCA: S/. 10.00 (Total: S/. 10.00)
[12-Jun-2026 00:21:03 UTC]    ✅ SUMADO A POS_RECAUDADO: S/. 12.35 (Total: S/. 12.35)
[12-Jun-2026 00:21:03 UTC] 
[12-Jun-2026 00:21:03 UTC] ═══════════════════════════════════════════════════════════
[12-Jun-2026 00:21:03 UTC] 🔍 CÁLCULO DE "POR PAGAR REMITENTES" - FÓRMULA TOTAL GENERAL
[12-Jun-2026 00:21:03 UTC] ═══════════════════════════════════════════════════════════
[12-Jun-2026 00:21:03 UTC] RECAUDADO_MER (MER): S/. 10.00
[12-Jun-2026 00:21:03 UTC] EFECTIVO_TOTAL (MOTO): S/. 7.00
[12-Jun-2026 00:21:03 UTC] POS_RECAUDADO (POS): S/. 12.35
[12-Jun-2026 00:21:03 UTC] RECAUDADO_MARCA (MARCA): S/. 10.00
[12-Jun-2026 00:21:03 UTC] INGRESOS_ENVIOS (ENVIOS): S/. 13.00
[12-Jun-2026 00:21:03 UTC] ─────────────────────────────────────────────────────
[12-Jun-2026 00:21:03 UTC] por_pagar_rem = MER + MOTO + POS - MARCA - ENVIOS
[12-Jun-2026 00:21:03 UTC] por_pagar_rem = (10.00 + 7.00 + 12.35) - 10.00 - 13.00
[12-Jun-2026 00:21:03 UTC] por_pagar_rem = S/. 6.35
[12-Jun-2026 00:21:03 UTC] 
[12-Jun-2026 00:21:03 UTC] ═══════════════════════════════════════════════════════════
[12-Jun-2026 00:21:03 UTC] 📊 RESUMEN FINAL DE CÁLCULOS DEL PANEL ADMIN
[12-Jun-2026 00:21:03 UTC] ═══════════════════════════════════════════════════════════
[12-Jun-2026 00:21:03 UTC] Total Entregados: S/. 27.00 (TODOS los envíos entregados)
[12-Jun-2026 00:21:03 UTC] Ingresos por Envíos: S/. 13.00 (solo liquidados)
[12-Jun-2026 00:21:03 UTC] Efectivo Total: S/. 7.00
[12-Jun-2026 00:21:03 UTC] Recaudado por MERC: S/. 10.00
[12-Jun-2026 00:21:03 UTC] Recaudado por MARCA: S/. 10.00
[12-Jun-2026 00:21:03 UTC] Recaudado por POS: S/. 12.35
[12-Jun-2026 00:21:03 UTC] Por Pagar Remitentes: S/. 6.35
[12-Jun-2026 00:21:03 UTC] Penalidades del día: S/. 0.00
[12-Jun-2026 00:21:03 UTC] TOTAL GENERAL (Balance Neto): S/. 30.00
[12-Jun-2026 00:21:03 UTC] ═══════════════════════════════════════════════════════════
[12-Jun-2026 00:21:03 UTC] 
[12-Jun-2026 00:21:03 UTC] 🔍 [MERC_ADMIN_CARDS] drivers_sql: SELECT pm_entrega.meta_value AS driver_id, COUNT(DISTINCT p.ID) AS total_entregas FROM wp_posts p LEFT JOIN wp_postmeta pm_entrega ON p.ID = pm_entrega.post_id AND pm_entrega.meta_key = 'wpcargo_motorizo_entrega' WHERE p.post_type = 'wpcargo_shipment' AND p.post_status = 'publish' AND pm_entrega.meta_value IS NOT NULL AND EXISTS( SELECT 1 FROM wp_postmeta pm_pickup WHERE pm_pickup.post_id = p.ID AND pm_pickup.meta_key = 'wpcargo_pickup_date_picker' AND ( STR_TO_DATE(pm_pickup.meta_value, '%d/%m/%Y') >= STR_TO_DATE('2026-06-11', '%Y-%m-%d') AND STR_TO_DATE(pm_pickup.meta_value, '%d/%m/%Y') <= STR_TO_DATE('2026-06-11', '%Y-%m-%d') ) ) GROUP BY pm_entrega.meta_value ORDER BY total_entregas DESC
[12-Jun-2026 00:21:03 UTC] 🔍 [MERC_ADMIN_CARDS] sample_ids_count: 1
[12-Jun-2026 00:21:03 UTC] 🔍 [MERC_ADMIN_CARDS] sample shipment_id=31872 wpcargo_driver='190' wpcargo_motorizo_recojo='120'
[12-Jun-2026 00:21:03 UTC] 🔍 [MERC_ADMIN_CARDS] drivers_count: 1
[12-Jun-2026 00:21:03 UTC] 🔍 [MERC_ADMIN_CARDS] Motorizado ID: 190 | Envios encontrados: 1
[12-Jun-2026 00:21:03 UTC]    Shipment #31872 | pod_payment_methods(raw)=[{"metodo":"efectivo","monto":7},{"metodo":"pago_merc","monto":10,"imagen_id":31875,"imagen_url":"http://localhost:8081/wp-content/uploads/2026/06/metodo-pago-31872-1-1781183314.jpeg"},{"metodo":"pos","monto":12.35,"imagen_id":31876,"imagen_url":"http://localhost:8081/wp-content/uploads/2026/06/metodo-pago-31872-2-1781183314.jpeg","monto_original":13},{"metodo":"pago_marca","monto":10,"imagen_id":31877,"imagen_url":"http://localhost:8081/wp-content/uploads/2026/06/metodo-pago-31872-3-1781183314.jpeg"}], wpcargo_total_cobrar='40.00', otros_meta={"monto":"40.00"}
[12-Jun-2026 00:21:03 UTC]    Shipment #31872 | Totales: efectivo=7, pago_merc=10, pago_marca=10, pos=12.35, total=39.35
[12-Jun-2026 00:21:03 UTC]    Totales del motorizado: Total=39.35, Efectivo=7, MERC=10, MARCA=10, POS=12.35
[12-Jun-2026 00:21:04 UTC] 🔔 [MERC_LOG] Inicializado logger diario: /var/www/html/wp-content/merc_logs/merc-debug-2026-06-12.log
[12-Jun-2026 00:23:59 UTC] 🔔 [MERC_LOG] Inicializado logger diario: /var/www/html/wp-content/merc_logs/merc-debug-2026-06-12.log
[12-Jun-2026 00:23:59 UTC] 🔔 [MERC_LOG] Inicializado logger diario: /var/www/html/wp-content/merc_logs/merc-debug-2026-06-12.log
[12-Jun-2026 00:24:01 UTC] PHP Warning:  Undefined variable $tipo_vista in /var/www/html/wp-content/themes/blocksy-child/functions.php on line 7636
[12-Jun-2026 00:24:01 UTC] MERC_ADMIN_RESUMEN - date_query="AND EXISTS(
            SELECT 1 FROM wp_postmeta pm_pickup 
            WHERE pm_pickup.post_id = p.ID 
            AND pm_pickup.meta_key = 'wpcargo_pickup_date_picker'
            AND (
                STR_TO_DATE(pm_pickup.meta_value, '%d/%m/%Y') >= STR_TO_DATE('2026-06-11', '%Y-%m-%d')
                AND STR_TO_DATE(pm_pickup.meta_value, '%d/%m/%Y') <= STR_TO_DATE('2026-06-11', '%Y-%m-%d')
            )
        )"
[12-Jun-2026 00:24:01 UTC] MERC_ADMIN_RESUMEN - shipments_count=1
[12-Jun-2026 00:24:01 UTC] ═══════════════════════════════════════════════════════════
[12-Jun-2026 00:24:01 UTC] 🔍 MERC_ADMIN_DEBUG - INICIANDO CÁLCULOS DEL PANEL
[12-Jun-2026 00:24:01 UTC] ═══════════════════════════════════════════════════════════
[12-Jun-2026 00:24:01 UTC] 
[12-Jun-2026 00:24:01 UTC] ────────────────────────────────────────────────────────
[12-Jun-2026 00:24:01 UTC] 📦 SHIPMENT #31872
[12-Jun-2026 00:24:01 UTC]    Costo Envío: S/. 13.00
[12-Jun-2026 00:24:01 UTC]    Costo Producto: S/. 27.00
[12-Jun-2026 00:24:01 UTC]    Estado Motorizado: liquidado
[12-Jun-2026 00:24:01 UTC]    Estado Remitente (liquidado): VACÍO
[12-Jun-2026 00:24:01 UTC]    Quién Paga: remitente
[12-Jun-2026 00:24:01 UTC]    Estado Entrega: ENTREGADO
[12-Jun-2026 00:24:01 UTC]    ✅ SUMADO A TOTAL ENTREGADOS: S/. 27.00 (producto=27.00, Total: S/. 27.00)
[12-Jun-2026 00:24:01 UTC]    ✅ SUMADO A INGRESOS ENVÍOS: S/. 13.00 (Total: S/. 13.00)
[12-Jun-2026 00:24:01 UTC]    Cliente 517 - ¿Liquidación verificada? NO
[12-Jun-2026 00:24:01 UTC]    TOTALES ACUMULADOS: pago_merc=S/. 10.00, pos=S/. 12.35, pago_marca=S/. 10.00, servicio=S/. 13.00
[12-Jun-2026 00:24:01 UTC]    GET_PAYMENT_TOTALS: efectivo=S/. 7.00, pago_merc=S/. 10.00, pos=S/. 12.35, pago_marca=S/. 10.00, total=S/. 39.35
[12-Jun-2026 00:24:01 UTC]    Efectivo Total acumulado: S/. 7.00
[12-Jun-2026 00:24:01 UTC]    ✅ SUMADO A RECAUDADO_MERC: S/. 10.00 (Total: S/. 10.00)
[12-Jun-2026 00:24:01 UTC]    ✅ SUMADO A RECAUDADO_MARCA: S/. 10.00 (Total: S/. 10.00)
[12-Jun-2026 00:24:01 UTC]    ✅ SUMADO A POS_RECAUDADO: S/. 12.35 (Total: S/. 12.35)
[12-Jun-2026 00:24:01 UTC] 
[12-Jun-2026 00:24:01 UTC] ═══════════════════════════════════════════════════════════
[12-Jun-2026 00:24:01 UTC] 🔍 CÁLCULO DE "POR PAGAR REMITENTES" - FÓRMULA TOTAL GENERAL
[12-Jun-2026 00:24:01 UTC] ═══════════════════════════════════════════════════════════
[12-Jun-2026 00:24:01 UTC] RECAUDADO_MER (MER): S/. 10.00
[12-Jun-2026 00:24:01 UTC] EFECTIVO_TOTAL (MOTO): S/. 7.00
[12-Jun-2026 00:24:01 UTC] POS_RECAUDADO (POS): S/. 12.35
[12-Jun-2026 00:24:01 UTC] RECAUDADO_MARCA (MARCA): S/. 10.00
[12-Jun-2026 00:24:01 UTC] INGRESOS_ENVIOS (ENVIOS): S/. 13.00
[12-Jun-2026 00:24:01 UTC] ─────────────────────────────────────────────────────
[12-Jun-2026 00:24:01 UTC] por_pagar_rem = MER + MOTO + POS - MARCA - ENVIOS
[12-Jun-2026 00:24:01 UTC] por_pagar_rem = (10.00 + 7.00 + 12.35) - 10.00 - 13.00
[12-Jun-2026 00:24:01 UTC] por_pagar_rem = S/. 6.35
[12-Jun-2026 00:24:01 UTC] 
[12-Jun-2026 00:24:01 UTC] ═══════════════════════════════════════════════════════════
[12-Jun-2026 00:24:01 UTC] 📊 RESUMEN FINAL DE CÁLCULOS DEL PANEL ADMIN
[12-Jun-2026 00:24:01 UTC] ═══════════════════════════════════════════════════════════
[12-Jun-2026 00:24:01 UTC] Total Entregados: S/. 27.00 (TODOS los envíos entregados)
[12-Jun-2026 00:24:01 UTC] Ingresos por Envíos: S/. 13.00 (solo liquidados)
[12-Jun-2026 00:24:01 UTC] Efectivo Total: S/. 7.00
[12-Jun-2026 00:24:01 UTC] Recaudado por MERC: S/. 10.00
[12-Jun-2026 00:24:01 UTC] Recaudado por MARCA: S/. 10.00
[12-Jun-2026 00:24:01 UTC] Recaudado por POS: S/. 12.35
[12-Jun-2026 00:24:01 UTC] Por Pagar Remitentes: S/. 6.35
[12-Jun-2026 00:24:01 UTC] Penalidades del día: S/. 0.00
[12-Jun-2026 00:24:01 UTC] TOTAL GENERAL (Balance Neto): S/. 30.00
[12-Jun-2026 00:24:01 UTC] ═══════════════════════════════════════════════════════════
[12-Jun-2026 00:24:01 UTC] 
[12-Jun-2026 00:24:01 UTC] 🔍 [MERC_ADMIN_CARDS] drivers_sql: SELECT pm_entrega.meta_value AS driver_id, COUNT(DISTINCT p.ID) AS total_entregas FROM wp_posts p LEFT JOIN wp_postmeta pm_entrega ON p.ID = pm_entrega.post_id AND pm_entrega.meta_key = 'wpcargo_motorizo_entrega' WHERE p.post_type = 'wpcargo_shipment' AND p.post_status = 'publish' AND pm_entrega.meta_value IS NOT NULL AND EXISTS( SELECT 1 FROM wp_postmeta pm_pickup WHERE pm_pickup.post_id = p.ID AND pm_pickup.meta_key = 'wpcargo_pickup_date_picker' AND ( STR_TO_DATE(pm_pickup.meta_value, '%d/%m/%Y') >= STR_TO_DATE('2026-06-11', '%Y-%m-%d') AND STR_TO_DATE(pm_pickup.meta_value, '%d/%m/%Y') <= STR_TO_DATE('2026-06-11', '%Y-%m-%d') ) ) GROUP BY pm_entrega.meta_value ORDER BY total_entregas DESC
[12-Jun-2026 00:24:01 UTC] 🔍 [MERC_ADMIN_CARDS] sample_ids_count: 1
[12-Jun-2026 00:24:01 UTC] 🔍 [MERC_ADMIN_CARDS] sample shipment_id=31872 wpcargo_driver='190' wpcargo_motorizo_recojo='120'
[12-Jun-2026 00:24:01 UTC] 🔍 [MERC_ADMIN_CARDS] drivers_count: 1
[12-Jun-2026 00:24:01 UTC] 🔍 [MERC_ADMIN_CARDS] Motorizado ID: 190 | Envios encontrados: 1
[12-Jun-2026 00:24:01 UTC]    Shipment #31872 | pod_payment_methods(raw)=[{"metodo":"efectivo","monto":7},{"metodo":"pago_merc","monto":10,"imagen_id":31875,"imagen_url":"http://localhost:8081/wp-content/uploads/2026/06/metodo-pago-31872-1-1781183314.jpeg"},{"metodo":"pos","monto":12.35,"imagen_id":31876,"imagen_url":"http://localhost:8081/wp-content/uploads/2026/06/metodo-pago-31872-2-1781183314.jpeg","monto_original":13},{"metodo":"pago_marca","monto":10,"imagen_id":31877,"imagen_url":"http://localhost:8081/wp-content/uploads/2026/06/metodo-pago-31872-3-1781183314.jpeg"}], wpcargo_total_cobrar='40.00', otros_meta={"monto":"40.00"}
[12-Jun-2026 00:24:01 UTC]    Shipment #31872 | Totales: efectivo=7, pago_merc=10, pago_marca=10, pos=12.35, total=39.35
[12-Jun-2026 00:24:01 UTC]    Totales del motorizado: Total=39.35, Efectivo=7, MERC=10, MARCA=10, POS=12.35
[12-Jun-2026 00:24:02 UTC] 🔔 [MERC_LOG] Inicializado logger diario: /var/www/html/wp-content/merc_logs/merc-debug-2026-06-12.log
[12-Jun-2026 00:26:28 UTC] 🔔 [MERC_LOG] Inicializado logger diario: /var/www/html/wp-content/merc_logs/merc-debug-2026-06-12.log
[12-Jun-2026 00:26:29 UTC] 🔵 [FILTER] filter_shipment_by_date_and_tiendaname llamado
[12-Jun-2026 00:26:29 UTC] 🔵 [FILTER] Usuario actual: 109
[12-Jun-2026 00:26:29 UTC] 🔵 [FILTER] Args iniciales: {"post_type":"wpcargo_shipment","post_status":"publish","posts_per_page":"500","paged":1,"s":"","meta_query":{"relation":"AND","0":[]}}
[12-Jun-2026 00:26:29 UTC] 🔵 [FILTER] GET params: Array
(
)

[12-Jun-2026 00:26:29 UTC] 🔵 [FILTER] Sin parámetros de fecha, aplicando HOY por defecto: 2026-06-11
[12-Jun-2026 00:26:29 UTC] 🔵 [FILTER] Fecha desde: '2026-06-11' | Fecha hasta: '2026-06-11'
[12-Jun-2026 00:26:29 UTC] 🔵 [FILTER] has_from: true | has_to: true
[12-Jun-2026 00:26:29 UTC] 🔵 [FILTER] SQL Query: 
            SELECT DISTINCT p.ID 
            FROM wp_posts p
            INNER JOIN wp_postmeta pm ON p.ID = pm.post_id
            WHERE p.post_type = 'wpcargo_shipment'
            AND pm.meta_key IN ('wpcargo_pickup_date_picker', 'wpcargo_pickup_date', 'calendarenvio', 'wpcargo_fecha_envio')
            AND (STR_TO_DATE(pm.meta_value, '%d/%m/%Y') >= STR_TO_DATE('2026-06-11', '%Y-%m-%d') AND STR_TO_DATE(pm.meta_value, '%d/%m/%Y') <= STR_TO_DATE('2026-06-11', '%Y-%m-%d'))
        
[12-Jun-2026 00:26:29 UTC] 🔵 [FILTER] IDs encontrados por fecha: 2
[12-Jun-2026 00:26:29 UTC] 🔵 [FILTER] Primeros 10 IDs: 31872, 31878
[12-Jun-2026 00:26:29 UTC] 🔵 [FILTER] post__in no existe, creando nuevo
[12-Jun-2026 00:26:29 UTC] 🔵 [FILTER] post_status cambiado a array para incluir estados normales (EXCLUYENDO trash)
[12-Jun-2026 00:26:29 UTC] 🔵 [FILTER] Args finales: {"post_type":"wpcargo_shipment","post_status":["publish","draft","pending","private"],"posts_per_page":"500","paged":1,"s":"","meta_query":{"relation":"AND","0":[]},"post__in":["31872","31878"]}
[12-Jun-2026 00:26:30 UTC] 🔔 [MERC_LOG] Inicializado logger diario: /var/www/html/wp-content/merc_logs/merc-debug-2026-06-12.log
[12-Jun-2026 00:26:31 UTC] 🔔 [MERC_LOG] Inicializado logger diario: /var/www/html/wp-content/merc_logs/merc-debug-2026-06-12.log
[12-Jun-2026 00:26:33 UTC] 🔔 [MERC_LOG] Inicializado logger diario: /var/www/html/wp-content/merc_logs/merc-debug-2026-06-12.log
[12-Jun-2026 00:27:17 UTC] 🔔 [MERC_LOG] Inicializado logger diario: /var/www/html/wp-content/merc_logs/merc-debug-2026-06-12.log
[12-Jun-2026 00:27:18 UTC] 🔔 [MERC_LOG] Inicializado logger diario: /var/www/html/wp-content/merc_logs/merc-debug-2026-06-12.log
[12-Jun-2026 00:27:18 UTC] 🔔 [MERC_LOG] Inicializado logger diario: /var/www/html/wp-content/merc_logs/merc-debug-2026-06-12.log
[12-Jun-2026 00:27:18 UTC] 🔍 DEBUG: merc_listar_productos_ajax iniciada
[12-Jun-2026 00:27:18 UTC] 🔍 DEBUG: Usuario ID: 109 | Login: davidmorilloacuna@gmail.com
[12-Jun-2026 00:27:18 UTC] 🔍 DEBUG: Es Admin: SÍ | Es Cliente: NO
[12-Jun-2026 00:27:18 UTC] 🔍 DEBUG: Roles del usuario: ["administrator"]
[12-Jun-2026 00:27:18 UTC] 🔍 DEBUG: Admin - Mostrando todos los productos
[12-Jun-2026 00:27:18 UTC] 🔍 DEBUG: Args de query: {"post_type":"merc_producto","posts_per_page":-1,"post_status":"publish","orderby":"title","order":"ASC"}
[12-Jun-2026 00:27:18 UTC] 🔍 DEBUG: Productos encontrados por query: 49
[12-Jun-2026 00:27:18 UTC] 🔍 DEBUG: Producto ID: 30209 | Meta cliente_asignado: "461" (tipo: string) | Buscando: "109"
[12-Jun-2026 00:27:18 UTC] 🔍 DEBUG: ✓ Procesando producto - ID: 30209 | Título: AROMATIZADOR | Author: 1
[12-Jun-2026 00:27:18 UTC] 🔍 DEBUG: Producto ID: 26620 | Meta cliente_asignado: "481" (tipo: string) | Buscando: "109"
[12-Jun-2026 00:27:18 UTC] 🔍 DEBUG: ✓ Procesando producto - ID: 26620 | Título: BANGOVER LEVANTATE LAZARO | Author: 24
[12-Jun-2026 00:27:18 UTC] 🔍 DEBUG: Producto ID: 21990 | Meta cliente_asignado: "103" (tipo: string) | Buscando: "109"
[12-Jun-2026 00:27:18 UTC] 🔍 DEBUG: ✓ Procesando producto - ID: 21990 | Título: BLOQUEADOR COLLAGE A | Author: 1
[12-Jun-2026 00:27:18 UTC] 🔍 DEBUG: Producto ID: 29959 | Meta cliente_asignado: "103" (tipo: string) | Buscando: "109"
[12-Jun-2026 00:27:18 UTC] 🔍 DEBUG: ✓ Procesando producto - ID: 29959 | Título: BLOQUEADOR COLLAGE B | Author: 1
[12-Jun-2026 00:27:18 UTC] 🔍 DEBUG: Producto ID: 21993 | Meta cliente_asignado: "103" (tipo: string) | Buscando: "109"
[12-Jun-2026 00:27:18 UTC] 🔍 DEBUG: ✓ Procesando producto - ID: 21993 | Título: BLOQUEADOR CURCUMA A | Author: 1
[12-Jun-2026 00:27:18 UTC] 🔍 DEBUG: Producto ID: 21994 | Meta cliente_asignado: "103" (tipo: string) | Buscando: "109"
[12-Jun-2026 00:27:18 UTC] 🔍 DEBUG: ✓ Procesando producto - ID: 21994 | Título: BLOQUEADOR CURCUMA B | Author: 1
[12-Jun-2026 00:27:18 UTC] 🔍 DEBUG: Producto ID: 30212 | Meta cliente_asignado: "461" (tipo: string) | Buscando: "109"
[12-Jun-2026 00:27:18 UTC] 🔍 DEBUG: ✓ Procesando producto - ID: 30212 | Título: BRILLA MAS | Author: 1
[12-Jun-2026 00:27:18 UTC] 🔍 DEBUG: Producto ID: 20301 | Meta cliente_asignado: "288" (tipo: string) | Buscando: "109"
[12-Jun-2026 00:27:18 UTC] 🔍 DEBUG: ✓ Procesando producto - ID: 20301 | Título: CACAO EN POLVO | Author: 1
[12-Jun-2026 00:27:18 UTC] 🔍 DEBUG: Producto ID: 20313 | Meta cliente_asignado: "288" (tipo: string) | Buscando: "109"
[12-Jun-2026 00:27:18 UTC] 🔍 DEBUG: ✓ Procesando producto - ID: 20313 | Título: CACAO EN POLVO | Author: 1
[12-Jun-2026 00:27:18 UTC] 🔍 DEBUG: Producto ID: 20311 | Meta cliente_asignado: "288" (tipo: string) | Buscando: "109"
[12-Jun-2026 00:27:18 UTC] 🔍 DEBUG: ✓ Procesando producto - ID: 20311 | Título: CAFE EN POLVO | Author: 1
[12-Jun-2026 00:27:18 UTC] 🔍 DEBUG: Producto ID: 26593 | Meta cliente_asignado: "136" (tipo: string) | Buscando: "109"
[12-Jun-2026 00:27:18 UTC] 🔍 DEBUG: ✓ Procesando producto - ID: 26593 | Título: CANDIDA CLEANSE | Author: 24
[12-Jun-2026 00:27:18 UTC] 🔍 DEBUG: Producto ID: 24815 | Meta cliente_asignado: "136" (tipo: string) | Buscando: "109"
[12-Jun-2026 00:27:18 UTC] 🔍 DEBUG: ✓ Procesando producto - ID: 24815 | Título: CREMA HIDRATANTE | Author: 1
[12-Jun-2026 00:27:18 UTC] 🔍 DEBUG: Producto ID: 7959 | Meta cliente_asignado: "136" (tipo: string) | Buscando: "109"
[12-Jun-2026 00:27:18 UTC] 🔍 DEBUG: ✓ Procesando producto - ID: 7959 | Título: CREMA RETINOL | Author: 138
[12-Jun-2026 00:27:18 UTC] 🔍 DEBUG: Producto ID: 7958 | Meta cliente_asignado: "136" (tipo: string) | Buscando: "109"
[12-Jun-2026 00:27:18 UTC] 🔍 DEBUG: ✓ Procesando producto - ID: 7958 | Título: CREMA ROREC | Author: 138
[12-Jun-2026 00:27:18 UTC] 🔍 DEBUG: Producto ID: 7955 | Meta cliente_asignado: "136" (tipo: string) | Buscando: "109"
[12-Jun-2026 00:27:18 UTC] 🔍 DEBUG: ✓ Procesando producto - ID: 7955 | Título: DESPIGMENTANTE DE LABIOS | Author: 138
[12-Jun-2026 00:27:18 UTC] 🔍 DEBUG: Producto ID: 7949 | Meta cliente_asignado: "136" (tipo: string) | Buscando: "109"
[12-Jun-2026 00:27:18 UTC] 🔍 DEBUG: ✓ Procesando producto - ID: 7949 | Título: EXFOLIANTE DE ARROZ | Author: 138
[12-Jun-2026 00:27:18 UTC] 🔍 DEBUG: Producto ID: 7956 | Meta cliente_asignado: "136" (tipo: string) | Buscando: "109"
[12-Jun-2026 00:27:18 UTC] 🔍 DEBUG: ✓ Procesando producto - ID: 7956 | Título: EXFOLIANTE GEL | Author: 138
[12-Jun-2026 00:27:18 UTC] 🔍 DEBUG: Producto ID: 26630 | Meta cliente_asignado: "270" (tipo: string) | Buscando: "109"
[12-Jun-2026 00:27:18 UTC] 🔍 DEBUG: ✓ Procesando producto - ID: 26630 | Título: HAIR GROWTH | Author: 24
[12-Jun-2026 00:27:18 UTC] 🔍 DEBUG: Producto ID: 9095 | Meta cliente_asignado: "270" (tipo: string) | Buscando: "109"
[12-Jun-2026 00:27:18 UTC] 🔍 DEBUG: ✓ Procesando producto - ID: 9095 | Título: HERBALS & HEALTH | Author: 137
[12-Jun-2026 00:27:18 UTC] 🔍 DEBUG: Producto ID: 7960 | Meta cliente_asignado: "136" (tipo: string) | Buscando: "109"
[12-Jun-2026 00:27:18 UTC] 🔍 DEBUG: ✓ Procesando producto - ID: 7960 | Título: HUMECTANTE SAKURA | Author: 138
[12-Jun-2026 00:27:18 UTC] 🔍 DEBUG: Producto ID: 7981 | Meta cliente_asignado: "145" (tipo: string) | Buscando: "109"
[12-Jun-2026 00:27:18 UTC] 🔍 DEBUG: ✓ Procesando producto - ID: 7981 | Título: INFLADORES | Author: 138
[12-Jun-2026 00:27:18 UTC] 🔍 DEBUG: Producto ID: 21989 | Meta cliente_asignado: "429" (tipo: string) | Buscando: "109"
[12-Jun-2026 00:27:18 UTC] 🔍 DEBUG: ✓ Procesando producto - ID: 21989 | Título: jjjjjjjjj | Author: 24
[12-Jun-2026 00:27:18 UTC] 🔍 DEBUG: Producto ID: 21998 | Meta cliente_asignado: "103" (tipo: string) | Buscando: "109"
[12-Jun-2026 00:27:18 UTC] 🔍 DEBUG: ✓ Procesando producto - ID: 21998 | Título: LABIAL MAGICO | Author: 1
[12-Jun-2026 00:27:18 UTC] 🔍 DEBUG: Producto ID: 30316 | Meta cliente_asignado: "145" (tipo: string) | Buscando: "109"
[12-Jun-2026 00:27:18 UTC] 🔍 DEBUG: ✓ Procesando producto - ID: 30316 | Título: LAMPARA BLACK LARGA | Author: 1
[12-Jun-2026 00:27:18 UTC] 🔍 DEBUG: Producto ID: 7995 | Meta cliente_asignado: "145" (tipo: string) | Buscando: "109"
[12-Jun-2026 00:27:18 UTC] 🔍 DEBUG: ✓ Procesando producto - ID: 7995 | Título: LAMPARA CORTA BLACK | Author: 138
[12-Jun-2026 00:27:18 UTC] 🔍 DEBUG: Producto ID: 7996 | Meta cliente_asignado: "145" (tipo: string) | Buscando: "109"
[12-Jun-2026 00:27:18 UTC] 🔍 DEBUG: ✓ Procesando producto - ID: 7996 | Título: LAMPARA CORTA WHITE | Author: 138
[12-Jun-2026 00:27:18 UTC] 🔍 DEBUG: Producto ID: 7982 | Meta cliente_asignado: "145" (tipo: string) | Buscando: "109"
[12-Jun-2026 00:27:18 UTC] 🔍 DEBUG: ✓ Procesando producto - ID: 7982 | Título: LAMPARA GOLD LARGA | Author: 138
[12-Jun-2026 00:27:18 UTC] 🔍 DEBUG: Producto ID: 7991 | Meta cliente_asignado: "145" (tipo: string) | Buscando: "109"
[12-Jun-2026 00:27:18 UTC] 🔍 DEBUG: ✓ Procesando producto - ID: 7991 | Título: LAMPARA LARGA SILVER | Author: 138
[12-Jun-2026 00:27:18 UTC] 🔍 DEBUG: Producto ID: 7992 | Meta cliente_asignado: "145" (tipo: string) | Buscando: "109"
[12-Jun-2026 00:27:18 UTC] 🔍 DEBUG: ✓ Procesando producto - ID: 7992 | Título: LAMPARA LARGA WHITE | Author: 138
[12-Jun-2026 00:27:18 UTC] 🔍 DEBUG: Producto ID: 24829 | Meta cliente_asignado: "145" (tipo: string) | Buscando: "109"
[12-Jun-2026 00:27:18 UTC] 🔍 DEBUG: ✓ Procesando producto - ID: 24829 | Título: LAMPARA ROSE GOLD LARGA | Author: 1
[12-Jun-2026 00:27:18 UTC] 🔍 DEBUG: Producto ID: 26598 | Meta cliente_asignado: "201" (tipo: string) | Buscando: "109"
[12-Jun-2026 00:27:18 UTC] 🔍 DEBUG: ✓ Procesando producto - ID: 26598 | Título: MAGNET CUBE ZONE 100 PIEZAS | Author: 24
[12-Jun-2026 00:27:18 UTC] 🔍 DEBUG: Producto ID: 28802 | Meta cliente_asignado: "201" (tipo: string) | Buscando: "109"
[12-Jun-2026 00:27:18 UTC] 🔍 DEBUG: ✓ Procesando producto - ID: 28802 | Título: MAGNET CUBE ZONE 80 PIEZAS | Author: 138
[12-Jun-2026 00:27:18 UTC] 🔍 DEBUG: Producto ID: 26588 | Meta cliente_asignado: "461" (tipo: string) | Buscando: "109"
[12-Jun-2026 00:27:18 UTC] 🔍 DEBUG: ✓ Procesando producto - ID: 26588 | Título: MEDINAIL SPRAY | Author: 24
[12-Jun-2026 00:27:18 UTC] 🔍 DEBUG: Producto ID: 9098 | Meta cliente_asignado: "270" (tipo: string) | Buscando: "109"
[12-Jun-2026 00:27:18 UTC] 🔍 DEBUG: ✓ Procesando producto - ID: 9098 | Título: NAD RESVERATROL | Author: 137
[12-Jun-2026 00:27:18 UTC] 🔍 DEBUG: Producto ID: 28745 | Meta cliente_asignado: "461" (tipo: string) | Buscando: "109"
[12-Jun-2026 00:27:18 UTC] 🔍 DEBUG: ✓ Procesando producto - ID: 28745 | Título: NEGRO MAGICO | Author: 1
[12-Jun-2026 00:27:18 UTC] 🔍 DEBUG: Producto ID: 28748 | Meta cliente_asignado: "461" (tipo: string) | Buscando: "109"
[12-Jun-2026 00:27:18 UTC] 🔍 DEBUG: ✓ Procesando producto - ID: 28748 | Título: NOURKRIN | Author: 1
[12-Jun-2026 00:27:18 UTC] 🔍 DEBUG: Producto ID: 26581 | Meta cliente_asignado: "461" (tipo: string) | Buscando: "109"
[12-Jun-2026 00:27:18 UTC] 🔍 DEBUG: ✓ Procesando producto - ID: 26581 | Título: PAÑOS DE TELA | Author: 24
[12-Jun-2026 00:27:18 UTC] 🔍 DEBUG: Producto ID: 23119 | Meta cliente_asignado: "85" (tipo: string) | Buscando: "109"
[12-Jun-2026 00:27:18 UTC] 🔍 DEBUG: ✓ Procesando producto - ID: 23119 | Título: PARLANTE ALEXA | Author: 1
[12-Jun-2026 00:27:18 UTC] 🔍 DEBUG: Producto ID: 6914 | Meta cliente_asignado: "85" (tipo: string) | Buscando: "109"
[12-Jun-2026 00:27:18 UTC] 🔍 DEBUG: ✓ Procesando producto - ID: 6914 | Título: PARLANTE ALEXA | Author: 138
[12-Jun-2026 00:27:18 UTC] 🔍 DEBUG: Producto ID: 24382 | Meta cliente_asignado: "85" (tipo: string) | Buscando: "109"
[12-Jun-2026 00:27:18 UTC] 🔍 DEBUG: ✓ Procesando producto - ID: 24382 | Título: PARLANTE ALEXA | Author: 1
[12-Jun-2026 00:27:18 UTC] 🔍 DEBUG: Producto ID: 24380 | Meta cliente_asignado: "85" (tipo: string) | Buscando: "109"
[12-Jun-2026 00:27:18 UTC] 🔍 DEBUG: ✓ Procesando producto - ID: 24380 | Título: PARLANTE ALEXA | Author: 1
[12-Jun-2026 00:27:18 UTC] 🔍 DEBUG: Producto ID: 26583 | Meta cliente_asignado: "461" (tipo: string) | Buscando: "109"
[12-Jun-2026 00:27:18 UTC] 🔍 DEBUG: ✓ Procesando producto - ID: 26583 | Título: PROTECTOR ULTRA WAX | Author: 24
[12-Jun-2026 00:27:18 UTC] 🔍 DEBUG: Producto ID: 30217 | Meta cliente_asignado: "461" (tipo: string) | Buscando: "109"
[12-Jun-2026 00:27:18 UTC] 🔍 DEBUG: ✓ Procesando producto - ID: 30217 | Título: PULIMAX | Author: 1
[12-Jun-2026 00:27:18 UTC] 🔍 DEBUG: Producto ID: 6879 | Meta cliente_asignado: "91" (tipo: string) | Buscando: "109"
[12-Jun-2026 00:27:18 UTC] 🔍 DEBUG: ✓ Procesando producto - ID: 6879 | Título: SHAMPOO | Author: 138
[12-Jun-2026 00:27:18 UTC] 🔍 DEBUG: Producto ID: 24821 | Meta cliente_asignado: "136" (tipo: string) | Buscando: "109"
[12-Jun-2026 00:27:18 UTC] 🔍 DEBUG: ✓ Procesando producto - ID: 24821 | Título: SPRAY DEPILATORIO | Author: 1
[12-Jun-2026 00:27:18 UTC] 🔍 DEBUG: Producto ID: 28704 | Meta cliente_asignado: "461" (tipo: string) | Buscando: "109"
[12-Jun-2026 00:27:18 UTC] 🔍 DEBUG: ✓ Procesando producto - ID: 28704 | Título: TAPIZ CLEAN | Author: 1
[12-Jun-2026 00:27:18 UTC] 🔍 DEBUG: Producto ID: 9096 | Meta cliente_asignado: "270" (tipo: string) | Buscando: "109"
[12-Jun-2026 00:27:18 UTC] 🔍 DEBUG: ✓ Procesando producto - ID: 9096 | Título: ULTRA PURE | Author: 137
[12-Jun-2026 00:27:18 UTC] 🔍 DEBUG: Producto ID: 26589 | Meta cliente_asignado: "461" (tipo: string) | Buscando: "109"
[12-Jun-2026 00:27:18 UTC] 🔍 DEBUG: ✓ Procesando producto - ID: 26589 | Título: WART REMOVER | Author: 24
[12-Jun-2026 00:27:18 UTC] 🔍 DEBUG: Producto ID: 26931 | Meta cliente_asignado: "118" (tipo: string) | Buscando: "109"
[12-Jun-2026 00:27:18 UTC] 🔍 DEBUG: ✓ Procesando producto - ID: 26931 | Título: Zapatillas | Author: 109
[12-Jun-2026 00:27:18 UTC] 🔍 DEBUG: Total de productos en lista: 49
[12-Jun-2026 00:27:18 UTC] 🔍 DEBUG: Enviando al cliente: [{"id":30209,"nombre":"AROMATIZADOR","codigo_barras":"","cliente_asignado":"461","cantidad":4,"fecha_creacion":"04\/05\/2026 09:16","fecha_modificacion":"04\/05\/2026 09:16","estado":"sin_asignar","motorizado":"-","peso":"","tipo_medida":"","valor_medida":"","largo":"","ancho":"","alto":""},{"id":26620,"nombre":"BANGOVER LEVANTATE LAZARO","codigo_barras":"","cliente_asignado":"481","cantidad":2,"fecha_creacion":"24\/04\/2026 21:37","fecha_modificacion":"04\/05\/2026 10:06","estado":"sin_asignar","motorizado":"-","peso":"","tipo_medida":"","valor_medida":"","largo":"","ancho":"","alto":""},{"id":21990,"nombre":"BLOQUEADOR COLLAGE A","codigo_barras":"A","cliente_asignado":"103","cantidad":2,"fecha_creacion":"14\/04\/2026 12:39","fecha_modificacion":"02\/05\/2026 10:33","estado":"asignado","motorizado":"-","peso":"","tipo_medida":"","valor_medida":"","largo":"","ancho":"","alto":""},{"id":29959,"nombre":"BLOQUEADOR COLLAGE B","codigo_barras":"","cliente_asignado":"103","cantidad":1,"fecha_creacion":"02\/05\/2026 10:34","fecha_modificacion":"02\/05\/2026 10:34","estado":"sin_asignar","motorizado":"-","peso":"","tipo_medida":"","valor_medida":"","largo":"","ancho":"","alto":""},{"id":21993,"nombre":"BLOQUEADOR CURCUMA A","codigo_barras":"A","cliente_asignado":"103","cantidad":2,"fecha_creacion":"14\/04\/2026 12:44","fecha_modificacion":"02\/05\/2026 10:32","estado":"sin_asignar","motorizado":"-","peso":"","tipo_medida":"","valor_medida":"","largo":"","ancho":"","alto":""},{"id":21994,"nombre":"BLOQUEADOR CURCUMA B","codigo_barras":"B","cliente_asignado":"103","cantidad":2,"fecha_creacion":"14\/04\/2026 12:46","fecha_modificacion":"02\/05\/2026 10:31","estado":"sin_asignar","motorizado":"-","peso":"","tipo_medida":"","valor_medida":"","largo":"","ancho":"","alto":""},{"id":30212,"nombre":"BRILLA MAS","codigo_barras":"","cliente_asignado":"461","cantidad":2,"fecha_creacion":"04\/05\/2026 09:17","fecha_modificacion":"04\/05\/2026 09:17","estado":"sin_asignar","motorizado":"-","peso":"","tipo_medida":"","valor_medida":"","largo":"","ancho":"","alto":""},{"id":20301,"nombre":"CACAO EN POLVO","codigo_barras":"","cliente_asignado":"288","cantidad":6,"fecha_creacion":"10\/04\/2026 11:19","fecha_modificacion":"24\/04\/2026 21:41","estado":"asignado","motorizado":"-","peso":"1","tipo_medida":"","valor_medida":"","largo":"","ancho":"","alto":""},{"id":20313,"nombre":"CACAO EN POLVO","codigo_barras":"","cliente_asignado":"288","cantidad":1,"fecha_creacion":"10\/04\/2026 11:36","fecha_modificacion":"24\/04\/2026 21:41","estado":"sin_asignar","motorizado":"-","peso":"2","tipo_medida":"","valor_medida":"","largo":"","ancho":"","alto":""},{"id":20311,"nombre":"CAFE EN POLVO","codigo_barras":"","cliente_asignado":"288","cantidad":8,"fecha_creacion":"10\/04\/2026 11:32","fecha_modificacion":"10\/04\/2026 11:32","estado":"sin_asignar","motorizado":"-","peso":"250","tipo_medida":"","valor_medida":"","largo":"","ancho":"","alto":""},{"id":26593,"nombre":"CANDIDA CLEANSE","codigo_barras":"","cliente_asignado":"136","cantidad":4,"fecha_creacion":"24\/04\/2026 21:05","fecha_modificacion":"24\/04\/2026 21:05","estado":"sin_asignar","motorizado":"-","peso":"","tipo_medida":"","valor_medida":"","largo":"","ancho":"","alto":""},{"id":24815,"nombre":"CREMA HIDRATANTE","codigo_barras":"","cliente_asignado":"136","cantidad":2,"fecha_creacion":"21\/04\/2026 09:32","fecha_modificacion":"21\/04\/2026 09:32","estado":"sin_asignar","motorizado":"-","peso":"","tipo_medida":"modelo","valor_medida":"V7","largo":"","ancho":"","alto":""},{"id":7959,"nombre":"CREMA RETINOL","codigo_barras":"","cliente_asignado":"136","cantidad":3,"fecha_creacion":"13\/03\/2026 20:01","fecha_modificacion":"06\/04\/2026 10:10","estado":"sin_asignar","motorizado":"-","peso":"","tipo_medida":"","valor_medida":"","largo":"","ancho":"","alto":""},{"id":7958,"nombre":"CREMA ROREC","codigo_barras":"","cliente_asignado":"136","cantidad":2,"fecha_creacion":"13\/03\/2026 20:00","fecha_modificacion":"15\/04\/2026 10:42","estado":"sin_asignar","motorizado":"-","peso":"","tipo_medida":"","valor_medida":"","largo":"","ancho":"","alto":""},{"id":7955,"nombre":"DESPIGMENTANTE DE LABIOS","codigo_barras":"","cliente_asignado":"136","cantidad":1,"fecha_creacion":"13\/03\/2026 19:59","fecha_modificacion":"06\/04\/2026 10:11","estado":"sin_asignar","motorizado":"-","peso":"","tipo_medida":"","valor_medida":"","largo":"","ancho":"","alto":""},{"id":7949,"nombre":"EXFOLIANTE DE ARROZ","codigo_barras":"","cliente_asignado":"136","cantidad":37,"fecha_creacion":"13\/03\/2026 19:56","fecha_modificacion":"21\/04\/2026 09:30","estado":"sin_asignar","motorizado":"-","peso":"","tipo_medida":"","valor_medida":"","largo":"","ancho":"","alto":""},{"id":7956,"nombre":"EXFOLIANTE GEL","codigo_barras":"","cliente_asignado":"136","cantidad":1,"fecha_creacion":"13\/03\/2026 19:59","fecha_modificacion":"15\/04\/2026 10:43","estado":"sin_asignar","motorizado":"-","peso":"","tipo_medida":"","valor_medida":"","largo":"","ancho":"","alto":""},{"id":26630,"nombre":"HAIR GROWTH","codigo_barras":"","cliente_asignado":"270","cantidad":188,"fecha_creacion":"24\/04\/2026 21:56","fecha_modificacion":"24\/04\/2026 21:56","estado":"sin_asignar","motorizado":"-","peso":"","tipo_medida":"","valor_medida":"","largo":"","ancho":"","alto":""},{"id":9095,"nombre":"HERBALS & HEALTH","codigo_barras":"","cliente_asignado":"270","cantidad":2,"fecha_creacion":"17\/03\/2026 12:27","fecha_modificacion":"17\/03\/2026 12:27","estado":"sin_asignar","motorizado":"-","peso":"","tipo_medida":"","valor_medida":"","largo":"","ancho":"","alto":""},{"id":7960,"nombre":"HUMECTANTE SAKURA","codigo_barras":"","cliente_asignado":"136","cantidad":8,"fecha_creacion":"13\/03\/2026 20:01","fecha_modificacion":"21\/04\/2026 09:35","estado":"sin_asignar","motorizado":"-","peso":"","tipo_medida":"","valor_medida":"","largo":"","ancho":"","alto":""},{"id":7981,"nombre":"INFLADORES","codigo_barras":"","cliente_asignado":"145","cantidad":57,"fecha_creacion":"13\/03\/2026 20:16","fecha_modificacion":"04\/05\/2026 10:01","estado":"sin_asignar","motorizado":"-","peso":"","tipo_medida":"","valor_medida":"","largo":"","ancho":"","alto":""},{"id":21989,"nombre":"jjjjjjjjj","codigo_barras":"","cliente_asignado":"429","cantidad":45,"fecha_creacion":"14\/04\/2026 12:39","fecha_modificacion":"14\/04\/2026 12:41","estado":"sin_asignar","motorizado":"-","peso":"","tipo_medida":"","valor_medida":"","largo":"","ancho":"","alto":""},{"id":21998,"nombre":"LABIAL MAGICO","codigo_barras":"","cliente_asignado":"103","cantidad":1,"fecha_creacion":"14\/04\/2026 12:48","fecha_modificacion":"14\/04\/2026 12:48","estado":"sin_asignar","motorizado":"-","peso":"","tipo_medida":"","valor_medida":"","largo":"","ancho":"","alto":""},{"id":30316,"nombre":"LAMPARA BLACK LARGA","codigo_barras":"","cliente_asignado":"145","cantidad":3,"fecha_creacion":"04\/05\/2026 10:06","fecha_modificacion":"04\/05\/2026 10:06","estado":"sin_asignar","motorizado":"-","peso":"","tipo_medida":"","valor_medida":"","largo":"","ancho":"","alto":""},{"id":7995,"nombre":"LAMPARA CORTA BLACK","codigo_barras":"","cliente_asignado":"145","cantidad":59,"fecha_creacion":"13\/03\/2026 20:25","fecha_modificacion":"04\/05\/2026 10:40","estado":"sin_asignar","motorizado":"-","peso":"","tipo_medida":"","valor_medida":"","largo":"","ancho":"","alto":""},{"id":7996,"nombre":"LAMPARA CORTA WHITE","codigo_barras":"","cliente_asignado":"145","cantidad":0,"fecha_creacion":"13\/03\/2026 20:26","fecha_modificacion":"15\/04\/2026 11:16","estado":"asignado","motorizado":"-","peso":"","tipo_medida":"","valor_medida":"","largo":"","ancho":"","alto":""},{"id":7982,"nombre":"LAMPARA GOLD LARGA","codigo_barras":"","cliente_asignado":"145","cantidad":0,"fecha_creacion":"13\/03\/2026 20:17","fecha_modificacion":"10\/04\/2026 10:04","estado":"asignado","motorizado":"-","peso":"","tipo_medida":"color","valor_medida":"DORADO","largo":"","ancho":"","alto":""},{"id":7991,"nombre":"LAMPARA LARGA SILVER","codigo_barras":"","cliente_asignado":"145","cantidad":0,"fecha_creacion":"13\/03\/2026 20:22","fecha_modificacion":"16\/04\/2026 23:08","estado":"asignado","motorizado":"-","peso":"0.09","tipo_medida":"color","valor_medida":"SILVER","largo":"","ancho":"","alto":""},{"id":7992,"nombre":"LAMPARA LARGA WHITE","codigo_barras":"","cliente_asignado":"145","cantidad":1,"fecha_creacion":"13\/03\/2026 20:23","fecha_modificacion":"04\/05\/2026 10:03","estado":"asignado","motorizado":"-","peso":"","tipo_medida":"","valor_medida":"","largo":"","ancho":"","alto":""},{"id":24829,"nombre":"LAMPARA ROSE GOLD LARGA","codigo_barras":"","cliente_asignado":"145","cantidad":0,"fecha_creacion":"21\/04\/2026 09:45","fecha_modificacion":"04\/05\/2026 10:02","estado":"asignado","motorizado":"-","peso":"","tipo_medida":"","valor_medida":"","largo":"","ancho":"","alto":""},{"id":26598,"nombre":"MAGNET CUBE ZONE 100 PIEZAS","codigo_barras":"","cliente_asignado":"201","cantidad":0,"fecha_creacion":"24\/04\/2026 21:12","fecha_modificacion":"02\/05\/2026 12:20","estado":"asignado","motorizado":"-","peso":"","tipo_medida":"","valor_medida":"","largo":"","ancho":"","alto":""},{"id":28802,"nombre":"MAGNET CUBE ZONE 80 PIEZAS","codigo_barras":"","cliente_asignado":"201","cantidad":0,"fecha_creacion":"29\/04\/2026 15:28","fecha_modificacion":"29\/04\/2026 15:28","estado":"asignado","motorizado":"-","peso":"","tipo_medida":"","valor_medida":"","largo":"","ancho":"","alto":""},{"id":26588,"nombre":"MEDINAIL SPRAY","codigo_barras":"","cliente_asignado":"461","cantidad":4,"fecha_creacion":"24\/04\/2026 20:54","fecha_modificacion":"24\/04\/2026 20:54","estado":"sin_asignar","motorizado":"-","peso":"","tipo_medida":"","valor_medida":"","largo":"","ancho":"","alto":""},{"id":9098,"nombre":"NAD RESVERATROL","codigo_barras":"","cliente_asignado":"270","cantidad":50,"fecha_creacion":"17\/03\/2026 12:29","fecha_modificacion":"17\/03\/2026 12:29","estado":"sin_asignar","motorizado":"-","peso":"","tipo_medida":"","valor_medida":"","largo":"","ancho":"","alto":""},{"id":28745,"nombre":"NEGRO MAGICO","codigo_barras":"","cliente_asignado":"461","cantidad":5,"fecha_creacion":"29\/04\/2026 11:52","fecha_modificacion":"29\/04\/2026 15:50","estado":"sin_asignar","motorizado":"-","peso":"","tipo_medida":"","valor_medida":"","largo":"","ancho":"","alto":""},{"id":28748,"nombre":"NOURKRIN","codigo_barras":"","cliente_asignado":"461","cantidad":2,"fecha_creacion":"29\/04\/2026 11:53","fecha_modificacion":"29\/04\/2026 11:53","estado":"sin_asignar","motorizado":"-","peso":"","tipo_medida":"","valor_medida":"","largo":"","ancho":"","alto":""},{"id":26581,"nombre":"PA\u00d1OS DE TELA","codigo_barras":"","cliente_asignado":"461","cantidad":19,"fecha_creacion":"24\/04\/2026 20:48","fecha_modificacion":"04\/05\/2026 09:20","estado":"sin_asignar","motorizado":"-","peso":"","tipo_medida":"","valor_medida":"","largo":"","ancho":"","alto":""},{"id":23119,"nombre":"PARLANTE ALEXA","codigo_barras":"","cliente_asignado":"85","cantidad":3,"fecha_creacion":"16\/04\/2026 14:01","fecha_modificacion":"24\/04\/2026 21:18","estado":"sin_asignar","motorizado":"-","peso":"","tipo_medida":"color","valor_medida":"AZUL","largo":"","ancho":"","alto":""},{"id":6914,"nombre":"PARLANTE ALEXA","codigo_barras":"","cliente_asignado":"85","cantidad":4,"fecha_creacion":"27\/02\/2026 18:29","fecha_modificacion":"20\/04\/2026 11:54","estado":"sin_asignar","motorizado":"-","peso":"0","tipo_medida":"color","valor_medida":"NEGRO","largo":"0","ancho":"0","alto":"0"},{"id":24382,"nombre":"PARLANTE ALEXA","codigo_barras":"","cliente_asignado":"85","cantidad":1,"fecha_creacion":"20\/04\/2026 11:57","fecha_modificacion":"04\/05\/2026 09:28","estado":"sin_asignar","motorizado":"-","peso":"","tipo_medida":"color","valor_medida":"ROJO","largo":"","ancho":"","alto":""},{"id":24380,"nombre":"PARLANTE ALEXA","codigo_barras":"","cliente_asignado":"85","cantidad":2,"fecha_creacion":"20\/04\/2026 11:55","fecha_modificacion":"24\/04\/2026 21:17","estado":"asignado","motorizado":"-","peso":"","tipo_medida":"color","valor_medida":"BLANCO","largo":"","ancho":"","alto":""},{"id":26583,"nombre":"PROTECTOR ULTRA WAX","codigo_barras":"","cliente_asignado":"461","cantidad":6,"fecha_creacion":"24\/04\/2026 20:50","fecha_modificacion":"29\/04\/2026 11:45","estado":"sin_asignar","motorizado":"-","peso":"","tipo_medida":"","valor_medida":"","largo":"","ancho":"","alto":""},{"id":30217,"nombre":"PULIMAX","codigo_barras":"","cliente_asignado":"461","cantidad":12,"fecha_creacion":"04\/05\/2026 09:22","fecha_modificacion":"04\/05\/2026 09:22","estado":"sin_asignar","motorizado":"-","peso":"","tipo_medida":"","valor_medida":"","largo":"","ancho":"","alto":""},{"id":6879,"nombre":"SHAMPOO","codigo_barras":"","cliente_asignado":"91","cantidad":9,"fecha_creacion":"26\/02\/2026 23:12","fecha_modificacion":"15\/04\/2026 10:17","estado":"sin_asignar","motorizado":"-","peso":"0","tipo_medida":"","valor_medida":"","largo":"0","ancho":"0","alto":"0"},{"id":24821,"nombre":"SPRAY DEPILATORIO","codigo_barras":"","cliente_asignado":"136","cantidad":25,"fecha_creacion":"21\/04\/2026 09:37","fecha_modificacion":"04\/05\/2026 09:42","estado":"sin_asignar","motorizado":"-","peso":"","tipo_medida":"","valor_medida":"","largo":"","ancho":"","alto":""},{"id":28704,"nombre":"TAPIZ CLEAN","codigo_barras":"","cliente_asignado":"461","cantidad":4,"fecha_creacion":"29\/04\/2026 11:43","fecha_modificacion":"29\/04\/2026 15:51","estado":"sin_asignar","motorizado":"-","peso":"","tipo_medida":"","valor_medida":"","largo":"","ancho":"","alto":""},{"id":9096,"nombre":"ULTRA PURE","codigo_barras":"","cliente_asignado":"270","cantidad":1,"fecha_creacion":"17\/03\/2026 12:28","fecha_modificacion":"17\/03\/2026 12:28","estado":"sin_asignar","motorizado":"-","peso":"","tipo_medida":"","valor_medida":"","largo":"","ancho":"","alto":""},{"id":26589,"nombre":"WART REMOVER","codigo_barras":"","cliente_asignado":"461","cantidad":4,"fecha_creacion":"24\/04\/2026 20:54","fecha_modificacion":"24\/04\/2026 20:54","estado":"sin_asignar","motorizado":"-","peso":"","tipo_medida":"","valor_medida":"","largo":"","ancho":"","alto":""},{"id":26931,"nombre":"Zapatillas","codigo_barras":"MERC-123456","cliente_asignado":"118","cantidad":30,"fecha_creacion":"25\/04\/2026 20:05","fecha_modificacion":"06\/05\/2026 10:35","estado":"sin_asignar","motorizado":"-","peso":"","tipo_medida":"","valor_medida":"","largo":"","ancho":"","alto":""}]
[12-Jun-2026 00:27:18 UTC] 🔔 [MERC_LOG] Inicializado logger diario: /var/www/html/wp-content/merc_logs/merc-debug-2026-06-12.log
[12-Jun-2026 00:28:24 UTC] 🔔 [MERC_LOG] Inicializado logger diario: /var/www/html/wp-content/merc_logs/merc-debug-2026-06-12.log
[12-Jun-2026 00:28:26 UTC] 🔵 [FILTER] filter_shipment_by_date_and_tiendaname llamado
[12-Jun-2026 00:28:26 UTC] 🔵 [FILTER] Usuario actual: 109
[12-Jun-2026 00:28:26 UTC] 🔵 [FILTER] Args iniciales: {"post_type":"wpcargo_shipment","post_status":"publish","posts_per_page":"500","paged":1,"s":"","meta_query":{"relation":"AND","0":[]}}
[12-Jun-2026 00:28:26 UTC] 🔵 [FILTER] GET params: Array
(
)

[12-Jun-2026 00:28:26 UTC] 🔵 [FILTER] Sin parámetros de fecha, aplicando HOY por defecto: 2026-06-11
[12-Jun-2026 00:28:26 UTC] 🔵 [FILTER] Fecha desde: '2026-06-11' | Fecha hasta: '2026-06-11'
[12-Jun-2026 00:28:26 UTC] 🔵 [FILTER] has_from: true | has_to: true
[12-Jun-2026 00:28:26 UTC] 🔵 [FILTER] SQL Query: 
            SELECT DISTINCT p.ID 
            FROM wp_posts p
            INNER JOIN wp_postmeta pm ON p.ID = pm.post_id
            WHERE p.post_type = 'wpcargo_shipment'
            AND pm.meta_key IN ('wpcargo_pickup_date_picker', 'wpcargo_pickup_date', 'calendarenvio', 'wpcargo_fecha_envio')
            AND (STR_TO_DATE(pm.meta_value, '%d/%m/%Y') >= STR_TO_DATE('2026-06-11', '%Y-%m-%d') AND STR_TO_DATE(pm.meta_value, '%d/%m/%Y') <= STR_TO_DATE('2026-06-11', '%Y-%m-%d'))
        
[12-Jun-2026 00:28:26 UTC] 🔵 [FILTER] IDs encontrados por fecha: 2
[12-Jun-2026 00:28:26 UTC] 🔵 [FILTER] Primeros 10 IDs: 31872, 31878
[12-Jun-2026 00:28:26 UTC] 🔵 [FILTER] post__in no existe, creando nuevo
[12-Jun-2026 00:28:26 UTC] 🔵 [FILTER] post_status cambiado a array para incluir estados normales (EXCLUYENDO trash)
[12-Jun-2026 00:28:26 UTC] 🔵 [FILTER] Args finales: {"post_type":"wpcargo_shipment","post_status":["publish","draft","pending","private"],"posts_per_page":"500","paged":1,"s":"","meta_query":{"relation":"AND","0":[]},"post__in":["31872","31878"]}
[12-Jun-2026 00:28:26 UTC] 🔔 [MERC_LOG] Inicializado logger diario: /var/www/html/wp-content/merc_logs/merc-debug-2026-06-12.log
[12-Jun-2026 00:28:27 UTC] 🔔 [MERC_LOG] Inicializado logger diario: /var/www/html/wp-content/merc_logs/merc-debug-2026-06-12.log
[12-Jun-2026 00:28:27 UTC] 🔔 [MERC_LOG] Inicializado logger diario: /var/www/html/wp-content/merc_logs/merc-debug-2026-06-12.log
[12-Jun-2026 00:28:28 UTC] 🔔 [MERC_LOG] Inicializado logger diario: /var/www/html/wp-content/merc_logs/merc-debug-2026-06-12.log
[12-Jun-2026 00:28:29 UTC] 🔔 [MERC_LOG] Inicializado logger diario: /var/www/html/wp-content/merc_logs/merc-debug-2026-06-12.log
[12-Jun-2026 00:28:30 UTC] 🔔 [MERC_LOG] Inicializado logger diario: /var/www/html/wp-content/merc_logs/merc-debug-2026-06-12.log
[12-Jun-2026 00:28:31 UTC] 🔔 [MERC_LOG] Inicializado logger diario: /var/www/html/wp-content/merc_logs/merc-debug-2026-06-12.log
[12-Jun-2026 00:28:31 UTC] 🔔 [MERC_LOG] Inicializado logger diario: /var/www/html/wp-content/merc_logs/merc-debug-2026-06-12.log
[12-Jun-2026 00:28:38 UTC] 🔔 [MERC_LOG] Inicializado logger diario: /var/www/html/wp-content/merc_logs/merc-debug-2026-06-12.log
[12-Jun-2026 00:28:48 UTC] 🔔 [MERC_LOG] Inicializado logger diario: /var/www/html/wp-content/merc_logs/merc-debug-2026-06-12.log
[12-Jun-2026 00:28:50 UTC] 🔔 [MERC_LOG] Inicializado logger diario: /var/www/html/wp-content/merc_logs/merc-debug-2026-06-12.log
[12-Jun-2026 00:29:33 UTC] 🔔 [MERC_LOG] Inicializado logger diario: /var/www/html/wp-content/merc_logs/merc-debug-2026-06-12.log
[12-Jun-2026 00:29:33 UTC] 🔔 [MERC_LOG] Inicializado logger diario: /var/www/html/wp-content/merc_logs/merc-debug-2026-06-12.log
[12-Jun-2026 00:29:34 UTC] 🔔 [MERC_LOG] Inicializado logger diario: /var/www/html/wp-content/merc_logs/merc-debug-2026-06-12.log
[12-Jun-2026 00:29:41 UTC] 🔔 [MERC_LOG] Inicializado logger diario: /var/www/html/wp-content/merc_logs/merc-debug-2026-06-12.log
[12-Jun-2026 00:29:42 UTC] 🔔 [MERC_LOG] Inicializado logger diario: /var/www/html/wp-content/merc_logs/merc-debug-2026-06-12.log
[12-Jun-2026 00:29:43 UTC] 🔔 [MERC_LOG] Inicializado logger diario: /var/www/html/wp-content/merc_logs/merc-debug-2026-06-12.log
[12-Jun-2026 00:29:47 UTC] 🔔 [MERC_LOG] Inicializado logger diario: /var/www/html/wp-content/merc_logs/merc-debug-2026-06-12.log
[12-Jun-2026 00:29:47 UTC] 🔔 [MERC_LOG] Inicializado logger diario: /var/www/html/wp-content/merc_logs/merc-debug-2026-06-12.log
[12-Jun-2026 00:29:49 UTC] 🔔 [MERC_LOG] Inicializado logger diario: /var/www/html/wp-content/merc_logs/merc-debug-2026-06-12.log
[12-Jun-2026 00:29:57 UTC] 🔔 [MERC_LOG] Inicializado logger diario: /var/www/html/wp-content/merc_logs/merc-debug-2026-06-12.log
[12-Jun-2026 00:29:57 UTC] 🔔 [MERC_LOG] Inicializado logger diario: /var/www/html/wp-content/merc_logs/merc-debug-2026-06-12.log
[12-Jun-2026 00:29:59 UTC] 🔔 [MERC_LOG] Inicializado logger diario: /var/www/html/wp-content/merc_logs/merc-debug-2026-06-12.log
[12-Jun-2026 00:30:06 UTC] 🔔 [MERC_LOG] Inicializado logger diario: /var/www/html/wp-content/merc_logs/merc-debug-2026-06-12.log
[12-Jun-2026 00:30:09 UTC] 🔔 [MERC_LOG] Inicializado logger diario: /var/www/html/wp-content/merc_logs/merc-debug-2026-06-12.log
[12-Jun-2026 00:30:12 UTC] 🔔 [MERC_LOG] Inicializado logger diario: /var/www/html/wp-content/merc_logs/merc-debug-2026-06-12.log
[12-Jun-2026 00:30:15 UTC] PHP Warning:  Undefined variable $tipo_vista in /var/www/html/wp-content/themes/blocksy-child/functions.php on line 7636
[12-Jun-2026 00:30:15 UTC] MERC_ADMIN_RESUMEN - date_query="AND EXISTS(
            SELECT 1 FROM wp_postmeta pm_pickup 
            WHERE pm_pickup.post_id = p.ID 
            AND pm_pickup.meta_key = 'wpcargo_pickup_date_picker'
            AND (
                STR_TO_DATE(pm_pickup.meta_value, '%d/%m/%Y') >= STR_TO_DATE('2026-06-11', '%Y-%m-%d')
                AND STR_TO_DATE(pm_pickup.meta_value, '%d/%m/%Y') <= STR_TO_DATE('2026-06-11', '%Y-%m-%d')
            )
        )"
[12-Jun-2026 00:30:15 UTC] MERC_ADMIN_RESUMEN - shipments_count=1
[12-Jun-2026 00:30:15 UTC] ═══════════════════════════════════════════════════════════
[12-Jun-2026 00:30:15 UTC] 🔍 MERC_ADMIN_DEBUG - INICIANDO CÁLCULOS DEL PANEL
[12-Jun-2026 00:30:15 UTC] ═══════════════════════════════════════════════════════════
[12-Jun-2026 00:30:15 UTC] 
[12-Jun-2026 00:30:15 UTC] ────────────────────────────────────────────────────────
[12-Jun-2026 00:30:15 UTC] 📦 SHIPMENT #31872
[12-Jun-2026 00:30:15 UTC]    Costo Envío: S/. 13.00
[12-Jun-2026 00:30:15 UTC]    Costo Producto: S/. 27.00
[12-Jun-2026 00:30:15 UTC]    Estado Motorizado: liquidado
[12-Jun-2026 00:30:15 UTC]    Estado Remitente (liquidado): VACÍO
[12-Jun-2026 00:30:15 UTC]    Quién Paga: remitente
[12-Jun-2026 00:30:15 UTC]    Estado Entrega: ENTREGADO
[12-Jun-2026 00:30:15 UTC]    ✅ SUMADO A TOTAL ENTREGADOS: S/. 27.00 (producto=27.00, Total: S/. 27.00)
[12-Jun-2026 00:30:15 UTC]    ✅ SUMADO A INGRESOS ENVÍOS: S/. 13.00 (Total: S/. 13.00)
[12-Jun-2026 00:30:15 UTC]    Cliente 517 - ¿Liquidación verificada? NO
[12-Jun-2026 00:30:15 UTC]    TOTALES ACUMULADOS: pago_merc=S/. 10.00, pos=S/. 12.35, pago_marca=S/. 10.00, servicio=S/. 13.00
[12-Jun-2026 00:30:15 UTC]    GET_PAYMENT_TOTALS: efectivo=S/. 7.00, pago_merc=S/. 10.00, pos=S/. 12.35, pago_marca=S/. 10.00, total=S/. 39.35
[12-Jun-2026 00:30:15 UTC]    Efectivo Total acumulado: S/. 7.00
[12-Jun-2026 00:30:15 UTC]    ✅ SUMADO A RECAUDADO_MERC: S/. 10.00 (Total: S/. 10.00)
[12-Jun-2026 00:30:15 UTC]    ✅ SUMADO A RECAUDADO_MARCA: S/. 10.00 (Total: S/. 10.00)
[12-Jun-2026 00:30:15 UTC]    ✅ SUMADO A POS_RECAUDADO: S/. 12.35 (Total: S/. 12.35)
[12-Jun-2026 00:30:15 UTC] 
[12-Jun-2026 00:30:15 UTC] ═══════════════════════════════════════════════════════════
[12-Jun-2026 00:30:15 UTC] 🔍 CÁLCULO DE "POR PAGAR REMITENTES" - FÓRMULA TOTAL GENERAL
[12-Jun-2026 00:30:15 UTC] ═══════════════════════════════════════════════════════════
[12-Jun-2026 00:30:15 UTC] RECAUDADO_MER (MER): S/. 10.00
[12-Jun-2026 00:30:15 UTC] EFECTIVO_TOTAL (MOTO): S/. 7.00
[12-Jun-2026 00:30:15 UTC] POS_RECAUDADO (POS): S/. 12.35
[12-Jun-2026 00:30:15 UTC] RECAUDADO_MARCA (MARCA): S/. 10.00
[12-Jun-2026 00:30:15 UTC] INGRESOS_ENVIOS (ENVIOS): S/. 13.00
[12-Jun-2026 00:30:15 UTC] ─────────────────────────────────────────────────────
[12-Jun-2026 00:30:15 UTC] por_pagar_rem = MER + MOTO + POS - MARCA - ENVIOS
[12-Jun-2026 00:30:15 UTC] por_pagar_rem = (10.00 + 7.00 + 12.35) - 10.00 - 13.00
[12-Jun-2026 00:30:15 UTC] por_pagar_rem = S/. 6.35
[12-Jun-2026 00:30:15 UTC] 
[12-Jun-2026 00:30:15 UTC] ═══════════════════════════════════════════════════════════
[12-Jun-2026 00:30:15 UTC] 📊 RESUMEN FINAL DE CÁLCULOS DEL PANEL ADMIN
[12-Jun-2026 00:30:15 UTC] ═══════════════════════════════════════════════════════════
[12-Jun-2026 00:30:15 UTC] Total Entregados: S/. 27.00 (TODOS los envíos entregados)
[12-Jun-2026 00:30:15 UTC] Ingresos por Envíos: S/. 13.00 (solo liquidados)
[12-Jun-2026 00:30:15 UTC] Efectivo Total: S/. 7.00
[12-Jun-2026 00:30:15 UTC] Recaudado por MERC: S/. 10.00
[12-Jun-2026 00:30:15 UTC] Recaudado por MARCA: S/. 10.00
[12-Jun-2026 00:30:15 UTC] Recaudado por POS: S/. 12.35
[12-Jun-2026 00:30:15 UTC] Por Pagar Remitentes: S/. 6.35
[12-Jun-2026 00:30:15 UTC] Penalidades del día: S/. 0.00
[12-Jun-2026 00:30:15 UTC] TOTAL GENERAL (Balance Neto): S/. 30.00
[12-Jun-2026 00:30:15 UTC] ═══════════════════════════════════════════════════════════
[12-Jun-2026 00:30:15 UTC] 
[12-Jun-2026 00:30:15 UTC] 🔍 [MERC_ADMIN_CARDS] drivers_sql: SELECT pm_entrega.meta_value AS driver_id, COUNT(DISTINCT p.ID) AS total_entregas FROM wp_posts p LEFT JOIN wp_postmeta pm_entrega ON p.ID = pm_entrega.post_id AND pm_entrega.meta_key = 'wpcargo_motorizo_entrega' WHERE p.post_type = 'wpcargo_shipment' AND p.post_status = 'publish' AND pm_entrega.meta_value IS NOT NULL AND EXISTS( SELECT 1 FROM wp_postmeta pm_pickup WHERE pm_pickup.post_id = p.ID AND pm_pickup.meta_key = 'wpcargo_pickup_date_picker' AND ( STR_TO_DATE(pm_pickup.meta_value, '%d/%m/%Y') >= STR_TO_DATE('2026-06-11', '%Y-%m-%d') AND STR_TO_DATE(pm_pickup.meta_value, '%d/%m/%Y') <= STR_TO_DATE('2026-06-11', '%Y-%m-%d') ) ) GROUP BY pm_entrega.meta_value ORDER BY total_entregas DESC
[12-Jun-2026 00:30:15 UTC] 🔍 [MERC_ADMIN_CARDS] sample_ids_count: 1
[12-Jun-2026 00:30:15 UTC] 🔍 [MERC_ADMIN_CARDS] sample shipment_id=31872 wpcargo_driver='190' wpcargo_motorizo_recojo='120'
[12-Jun-2026 00:30:15 UTC] 🔍 [MERC_ADMIN_CARDS] drivers_count: 1
[12-Jun-2026 00:30:15 UTC] 🔍 [MERC_ADMIN_CARDS] Motorizado ID: 190 | Envios encontrados: 1
[12-Jun-2026 00:30:15 UTC]    Shipment #31872 | pod_payment_methods(raw)=[{"metodo":"efectivo","monto":7},{"metodo":"pago_merc","monto":10,"imagen_id":31875,"imagen_url":"http://localhost:8081/wp-content/uploads/2026/06/metodo-pago-31872-1-1781183314.jpeg"},{"metodo":"pos","monto":12.35,"imagen_id":31876,"imagen_url":"http://localhost:8081/wp-content/uploads/2026/06/metodo-pago-31872-2-1781183314.jpeg","monto_original":13},{"metodo":"pago_marca","monto":10,"imagen_id":31877,"imagen_url":"http://localhost:8081/wp-content/uploads/2026/06/metodo-pago-31872-3-1781183314.jpeg"}], wpcargo_total_cobrar='40.00', otros_meta={"monto":"40.00"}
[12-Jun-2026 00:30:15 UTC]    Shipment #31872 | Totales: efectivo=7, pago_merc=10, pago_marca=10, pos=12.35, total=39.35
[12-Jun-2026 00:30:15 UTC]    Totales del motorizado: Total=39.35, Efectivo=7, MERC=10, MARCA=10, POS=12.35
[12-Jun-2026 00:30:15 UTC] 🔔 [MERC_LOG] Inicializado logger diario: /var/www/html/wp-content/merc_logs/merc-debug-2026-06-12.log
[12-Jun-2026 00:30:20 UTC] 🔔 [MERC_LOG] Inicializado logger diario: /var/www/html/wp-content/merc_logs/merc-debug-2026-06-12.log
[12-Jun-2026 00:30:22 UTC] 🔔 [MERC_LOG] Inicializado logger diario: /var/www/html/wp-content/merc_logs/merc-debug-2026-06-12.log
[12-Jun-2026 00:30:34 UTC] 🔔 [MERC_LOG] Inicializado logger diario: /var/www/html/wp-content/merc_logs/merc-debug-2026-06-12.log
[12-Jun-2026 00:30:35 UTC] 🔔 [MERC_LOG] Inicializado logger diario: /var/www/html/wp-content/merc_logs/merc-debug-2026-06-12.log
[12-Jun-2026 00:30:35 UTC] 🔔 [MERC_LOG] Inicializado logger diario: /var/www/html/wp-content/merc_logs/merc-debug-2026-06-12.log
[12-Jun-2026 00:30:35 UTC] 🔍 DEBUG: merc_listar_productos_ajax iniciada
[12-Jun-2026 00:30:35 UTC] 🔍 DEBUG: Usuario ID: 109 | Login: davidmorilloacuna@gmail.com
[12-Jun-2026 00:30:35 UTC] 🔍 DEBUG: Es Admin: SÍ | Es Cliente: NO
[12-Jun-2026 00:30:35 UTC] 🔍 DEBUG: Roles del usuario: ["administrator"]
[12-Jun-2026 00:30:35 UTC] 🔍 DEBUG: Admin - Mostrando todos los productos
[12-Jun-2026 00:30:35 UTC] 🔍 DEBUG: Args de query: {"post_type":"merc_producto","posts_per_page":-1,"post_status":"publish","orderby":"title","order":"ASC"}
[12-Jun-2026 00:30:35 UTC] 🔍 DEBUG: Productos encontrados por query: 49
[12-Jun-2026 00:30:35 UTC] 🔍 DEBUG: Producto ID: 30209 | Meta cliente_asignado: "461" (tipo: string) | Buscando: "109"
[12-Jun-2026 00:30:35 UTC] 🔍 DEBUG: ✓ Procesando producto - ID: 30209 | Título: AROMATIZADOR | Author: 1
[12-Jun-2026 00:30:35 UTC] 🔍 DEBUG: Producto ID: 26620 | Meta cliente_asignado: "481" (tipo: string) | Buscando: "109"
[12-Jun-2026 00:30:35 UTC] 🔍 DEBUG: ✓ Procesando producto - ID: 26620 | Título: BANGOVER LEVANTATE LAZARO | Author: 24
[12-Jun-2026 00:30:35 UTC] 🔍 DEBUG: Producto ID: 21990 | Meta cliente_asignado: "103" (tipo: string) | Buscando: "109"
[12-Jun-2026 00:30:35 UTC] 🔍 DEBUG: ✓ Procesando producto - ID: 21990 | Título: BLOQUEADOR COLLAGE A | Author: 1
[12-Jun-2026 00:30:35 UTC] 🔍 DEBUG: Producto ID: 29959 | Meta cliente_asignado: "103" (tipo: string) | Buscando: "109"
[12-Jun-2026 00:30:35 UTC] 🔍 DEBUG: ✓ Procesando producto - ID: 29959 | Título: BLOQUEADOR COLLAGE B | Author: 1
[12-Jun-2026 00:30:35 UTC] 🔍 DEBUG: Producto ID: 21993 | Meta cliente_asignado: "103" (tipo: string) | Buscando: "109"
[12-Jun-2026 00:30:35 UTC] 🔍 DEBUG: ✓ Procesando producto - ID: 21993 | Título: BLOQUEADOR CURCUMA A | Author: 1
[12-Jun-2026 00:30:35 UTC] 🔍 DEBUG: Producto ID: 21994 | Meta cliente_asignado: "103" (tipo: string) | Buscando: "109"
[12-Jun-2026 00:30:35 UTC] 🔍 DEBUG: ✓ Procesando producto - ID: 21994 | Título: BLOQUEADOR CURCUMA B | Author: 1
[12-Jun-2026 00:30:35 UTC] 🔍 DEBUG: Producto ID: 30212 | Meta cliente_asignado: "461" (tipo: string) | Buscando: "109"
[12-Jun-2026 00:30:35 UTC] 🔍 DEBUG: ✓ Procesando producto - ID: 30212 | Título: BRILLA MAS | Author: 1
[12-Jun-2026 00:30:35 UTC] 🔍 DEBUG: Producto ID: 20301 | Meta cliente_asignado: "288" (tipo: string) | Buscando: "109"
[12-Jun-2026 00:30:35 UTC] 🔍 DEBUG: ✓ Procesando producto - ID: 20301 | Título: CACAO EN POLVO | Author: 1
[12-Jun-2026 00:30:35 UTC] 🔍 DEBUG: Producto ID: 20313 | Meta cliente_asignado: "288" (tipo: string) | Buscando: "109"
[12-Jun-2026 00:30:35 UTC] 🔍 DEBUG: ✓ Procesando producto - ID: 20313 | Título: CACAO EN POLVO | Author: 1
[12-Jun-2026 00:30:35 UTC] 🔍 DEBUG: Producto ID: 20311 | Meta cliente_asignado: "288" (tipo: string) | Buscando: "109"
[12-Jun-2026 00:30:35 UTC] 🔍 DEBUG: ✓ Procesando producto - ID: 20311 | Título: CAFE EN POLVO | Author: 1
[12-Jun-2026 00:30:35 UTC] 🔍 DEBUG: Producto ID: 26593 | Meta cliente_asignado: "136" (tipo: string) | Buscando: "109"
[12-Jun-2026 00:30:35 UTC] 🔍 DEBUG: ✓ Procesando producto - ID: 26593 | Título: CANDIDA CLEANSE | Author: 24
[12-Jun-2026 00:30:35 UTC] 🔍 DEBUG: Producto ID: 24815 | Meta cliente_asignado: "136" (tipo: string) | Buscando: "109"
[12-Jun-2026 00:30:35 UTC] 🔍 DEBUG: ✓ Procesando producto - ID: 24815 | Título: CREMA HIDRATANTE | Author: 1
[12-Jun-2026 00:30:35 UTC] 🔍 DEBUG: Producto ID: 7959 | Meta cliente_asignado: "136" (tipo: string) | Buscando: "109"
[12-Jun-2026 00:30:35 UTC] 🔍 DEBUG: ✓ Procesando producto - ID: 7959 | Título: CREMA RETINOL | Author: 138
[12-Jun-2026 00:30:35 UTC] 🔍 DEBUG: Producto ID: 7958 | Meta cliente_asignado: "136" (tipo: string) | Buscando: "109"
[12-Jun-2026 00:30:35 UTC] 🔍 DEBUG: ✓ Procesando producto - ID: 7958 | Título: CREMA ROREC | Author: 138
[12-Jun-2026 00:30:35 UTC] 🔍 DEBUG: Producto ID: 7955 | Meta cliente_asignado: "136" (tipo: string) | Buscando: "109"
[12-Jun-2026 00:30:35 UTC] 🔍 DEBUG: ✓ Procesando producto - ID: 7955 | Título: DESPIGMENTANTE DE LABIOS | Author: 138
[12-Jun-2026 00:30:35 UTC] 🔍 DEBUG: Producto ID: 7949 | Meta cliente_asignado: "136" (tipo: string) | Buscando: "109"
[12-Jun-2026 00:30:35 UTC] 🔍 DEBUG: ✓ Procesando producto - ID: 7949 | Título: EXFOLIANTE DE ARROZ | Author: 138
[12-Jun-2026 00:30:35 UTC] 🔍 DEBUG: Producto ID: 7956 | Meta cliente_asignado: "136" (tipo: string) | Buscando: "109"
[12-Jun-2026 00:30:35 UTC] 🔍 DEBUG: ✓ Procesando producto - ID: 7956 | Título: EXFOLIANTE GEL | Author: 138
[12-Jun-2026 00:30:35 UTC] 🔍 DEBUG: Producto ID: 26630 | Meta cliente_asignado: "270" (tipo: string) | Buscando: "109"
[12-Jun-2026 00:30:35 UTC] 🔍 DEBUG: ✓ Procesando producto - ID: 26630 | Título: HAIR GROWTH | Author: 24
[12-Jun-2026 00:30:35 UTC] 🔍 DEBUG: Producto ID: 9095 | Meta cliente_asignado: "270" (tipo: string) | Buscando: "109"
[12-Jun-2026 00:30:35 UTC] 🔍 DEBUG: ✓ Procesando producto - ID: 9095 | Título: HERBALS & HEALTH | Author: 137
[12-Jun-2026 00:30:35 UTC] 🔍 DEBUG: Producto ID: 7960 | Meta cliente_asignado: "136" (tipo: string) | Buscando: "109"
[12-Jun-2026 00:30:35 UTC] 🔍 DEBUG: ✓ Procesando producto - ID: 7960 | Título: HUMECTANTE SAKURA | Author: 138
[12-Jun-2026 00:30:35 UTC] 🔍 DEBUG: Producto ID: 7981 | Meta cliente_asignado: "145" (tipo: string) | Buscando: "109"
[12-Jun-2026 00:30:35 UTC] 🔍 DEBUG: ✓ Procesando producto - ID: 7981 | Título: INFLADORES | Author: 138
[12-Jun-2026 00:30:35 UTC] 🔍 DEBUG: Producto ID: 21989 | Meta cliente_asignado: "429" (tipo: string) | Buscando: "109"
[12-Jun-2026 00:30:35 UTC] 🔍 DEBUG: ✓ Procesando producto - ID: 21989 | Título: jjjjjjjjj | Author: 24
[12-Jun-2026 00:30:35 UTC] 🔍 DEBUG: Producto ID: 21998 | Meta cliente_asignado: "103" (tipo: string) | Buscando: "109"
[12-Jun-2026 00:30:35 UTC] 🔍 DEBUG: ✓ Procesando producto - ID: 21998 | Título: LABIAL MAGICO | Author: 1
[12-Jun-2026 00:30:35 UTC] 🔍 DEBUG: Producto ID: 30316 | Meta cliente_asignado: "145" (tipo: string) | Buscando: "109"
[12-Jun-2026 00:30:35 UTC] 🔍 DEBUG: ✓ Procesando producto - ID: 30316 | Título: LAMPARA BLACK LARGA | Author: 1
[12-Jun-2026 00:30:35 UTC] 🔍 DEBUG: Producto ID: 7995 | Meta cliente_asignado: "145" (tipo: string) | Buscando: "109"
[12-Jun-2026 00:30:35 UTC] 🔍 DEBUG: ✓ Procesando producto - ID: 7995 | Título: LAMPARA CORTA BLACK | Author: 138
[12-Jun-2026 00:30:35 UTC] 🔍 DEBUG: Producto ID: 7996 | Meta cliente_asignado: "145" (tipo: string) | Buscando: "109"
[12-Jun-2026 00:30:35 UTC] 🔍 DEBUG: ✓ Procesando producto - ID: 7996 | Título: LAMPARA CORTA WHITE | Author: 138
[12-Jun-2026 00:30:35 UTC] 🔍 DEBUG: Producto ID: 7982 | Meta cliente_asignado: "145" (tipo: string) | Buscando: "109"
[12-Jun-2026 00:30:35 UTC] 🔍 DEBUG: ✓ Procesando producto - ID: 7982 | Título: LAMPARA GOLD LARGA | Author: 138
[12-Jun-2026 00:30:35 UTC] 🔍 DEBUG: Producto ID: 7991 | Meta cliente_asignado: "145" (tipo: string) | Buscando: "109"
[12-Jun-2026 00:30:35 UTC] 🔍 DEBUG: ✓ Procesando producto - ID: 7991 | Título: LAMPARA LARGA SILVER | Author: 138
[12-Jun-2026 00:30:35 UTC] 🔍 DEBUG: Producto ID: 7992 | Meta cliente_asignado: "145" (tipo: string) | Buscando: "109"
[12-Jun-2026 00:30:35 UTC] 🔍 DEBUG: ✓ Procesando producto - ID: 7992 | Título: LAMPARA LARGA WHITE | Author: 138
[12-Jun-2026 00:30:35 UTC] 🔍 DEBUG: Producto ID: 24829 | Meta cliente_asignado: "145" (tipo: string) | Buscando: "109"
[12-Jun-2026 00:30:35 UTC] 🔍 DEBUG: ✓ Procesando producto - ID: 24829 | Título: LAMPARA ROSE GOLD LARGA | Author: 1
[12-Jun-2026 00:30:35 UTC] 🔍 DEBUG: Producto ID: 26598 | Meta cliente_asignado: "201" (tipo: string) | Buscando: "109"
[12-Jun-2026 00:30:35 UTC] 🔍 DEBUG: ✓ Procesando producto - ID: 26598 | Título: MAGNET CUBE ZONE 100 PIEZAS | Author: 24
[12-Jun-2026 00:30:35 UTC] 🔍 DEBUG: Producto ID: 28802 | Meta cliente_asignado: "201" (tipo: string) | Buscando: "109"
[12-Jun-2026 00:30:35 UTC] 🔍 DEBUG: ✓ Procesando producto - ID: 28802 | Título: MAGNET CUBE ZONE 80 PIEZAS | Author: 138
[12-Jun-2026 00:30:35 UTC] 🔍 DEBUG: Producto ID: 26588 | Meta cliente_asignado: "461" (tipo: string) | Buscando: "109"
[12-Jun-2026 00:30:35 UTC] 🔍 DEBUG: ✓ Procesando producto - ID: 26588 | Título: MEDINAIL SPRAY | Author: 24
[12-Jun-2026 00:30:35 UTC] 🔍 DEBUG: Producto ID: 9098 | Meta cliente_asignado: "270" (tipo: string) | Buscando: "109"
[12-Jun-2026 00:30:35 UTC] 🔍 DEBUG: ✓ Procesando producto - ID: 9098 | Título: NAD RESVERATROL | Author: 137
[12-Jun-2026 00:30:35 UTC] 🔍 DEBUG: Producto ID: 28745 | Meta cliente_asignado: "461" (tipo: string) | Buscando: "109"
[12-Jun-2026 00:30:35 UTC] 🔍 DEBUG: ✓ Procesando producto - ID: 28745 | Título: NEGRO MAGICO | Author: 1
[12-Jun-2026 00:30:35 UTC] 🔍 DEBUG: Producto ID: 28748 | Meta cliente_asignado: "461" (tipo: string) | Buscando: "109"
[12-Jun-2026 00:30:35 UTC] 🔍 DEBUG: ✓ Procesando producto - ID: 28748 | Título: NOURKRIN | Author: 1
[12-Jun-2026 00:30:35 UTC] 🔍 DEBUG: Producto ID: 26581 | Meta cliente_asignado: "461" (tipo: string) | Buscando: "109"
[12-Jun-2026 00:30:35 UTC] 🔍 DEBUG: ✓ Procesando producto - ID: 26581 | Título: PAÑOS DE TELA | Author: 24
[12-Jun-2026 00:30:35 UTC] 🔍 DEBUG: Producto ID: 23119 | Meta cliente_asignado: "85" (tipo: string) | Buscando: "109"
[12-Jun-2026 00:30:35 UTC] 🔍 DEBUG: ✓ Procesando producto - ID: 23119 | Título: PARLANTE ALEXA | Author: 1
[12-Jun-2026 00:30:35 UTC] 🔍 DEBUG: Producto ID: 6914 | Meta cliente_asignado: "85" (tipo: string) | Buscando: "109"
[12-Jun-2026 00:30:35 UTC] 🔍 DEBUG: ✓ Procesando producto - ID: 6914 | Título: PARLANTE ALEXA | Author: 138
[12-Jun-2026 00:30:35 UTC] 🔍 DEBUG: Producto ID: 24382 | Meta cliente_asignado: "85" (tipo: string) | Buscando: "109"
[12-Jun-2026 00:30:35 UTC] 🔍 DEBUG: ✓ Procesando producto - ID: 24382 | Título: PARLANTE ALEXA | Author: 1
[12-Jun-2026 00:30:35 UTC] 🔍 DEBUG: Producto ID: 24380 | Meta cliente_asignado: "85" (tipo: string) | Buscando: "109"
[12-Jun-2026 00:30:35 UTC] 🔍 DEBUG: ✓ Procesando producto - ID: 24380 | Título: PARLANTE ALEXA | Author: 1
[12-Jun-2026 00:30:35 UTC] 🔍 DEBUG: Producto ID: 26583 | Meta cliente_asignado: "461" (tipo: string) | Buscando: "109"
[12-Jun-2026 00:30:35 UTC] 🔍 DEBUG: ✓ Procesando producto - ID: 26583 | Título: PROTECTOR ULTRA WAX | Author: 24
[12-Jun-2026 00:30:35 UTC] 🔍 DEBUG: Producto ID: 30217 | Meta cliente_asignado: "461" (tipo: string) | Buscando: "109"
[12-Jun-2026 00:30:35 UTC] 🔍 DEBUG: ✓ Procesando producto - ID: 30217 | Título: PULIMAX | Author: 1
[12-Jun-2026 00:30:35 UTC] 🔍 DEBUG: Producto ID: 6879 | Meta cliente_asignado: "91" (tipo: string) | Buscando: "109"
[12-Jun-2026 00:30:35 UTC] 🔍 DEBUG: ✓ Procesando producto - ID: 6879 | Título: SHAMPOO | Author: 138
[12-Jun-2026 00:30:35 UTC] 🔍 DEBUG: Producto ID: 24821 | Meta cliente_asignado: "136" (tipo: string) | Buscando: "109"
[12-Jun-2026 00:30:35 UTC] 🔍 DEBUG: ✓ Procesando producto - ID: 24821 | Título: SPRAY DEPILATORIO | Author: 1
[12-Jun-2026 00:30:35 UTC] 🔍 DEBUG: Producto ID: 28704 | Meta cliente_asignado: "461" (tipo: string) | Buscando: "109"
[12-Jun-2026 00:30:35 UTC] 🔍 DEBUG: ✓ Procesando producto - ID: 28704 | Título: TAPIZ CLEAN | Author: 1
[12-Jun-2026 00:30:35 UTC] 🔍 DEBUG: Producto ID: 9096 | Meta cliente_asignado: "270" (tipo: string) | Buscando: "109"
[12-Jun-2026 00:30:35 UTC] 🔍 DEBUG: ✓ Procesando producto - ID: 9096 | Título: ULTRA PURE | Author: 137
[12-Jun-2026 00:30:35 UTC] 🔍 DEBUG: Producto ID: 26589 | Meta cliente_asignado: "461" (tipo: string) | Buscando: "109"
[12-Jun-2026 00:30:35 UTC] 🔍 DEBUG: ✓ Procesando producto - ID: 26589 | Título: WART REMOVER | Author: 24
[12-Jun-2026 00:30:35 UTC] 🔍 DEBUG: Producto ID: 26931 | Meta cliente_asignado: "118" (tipo: string) | Buscando: "109"
[12-Jun-2026 00:30:35 UTC] 🔍 DEBUG: ✓ Procesando producto - ID: 26931 | Título: Zapatillas | Author: 109
[12-Jun-2026 00:30:35 UTC] 🔍 DEBUG: Total de productos en lista: 49
[12-Jun-2026 00:30:35 UTC] 🔍 DEBUG: Enviando al cliente: [{"id":30209,"nombre":"AROMATIZADOR","codigo_barras":"","cliente_asignado":"461","cantidad":4,"fecha_creacion":"04\/05\/2026 09:16","fecha_modificacion":"04\/05\/2026 09:16","estado":"sin_asignar","motorizado":"-","peso":"","tipo_medida":"","valor_medida":"","largo":"","ancho":"","alto":""},{"id":26620,"nombre":"BANGOVER LEVANTATE LAZARO","codigo_barras":"","cliente_asignado":"481","cantidad":2,"fecha_creacion":"24\/04\/2026 21:37","fecha_modificacion":"04\/05\/2026 10:06","estado":"sin_asignar","motorizado":"-","peso":"","tipo_medida":"","valor_medida":"","largo":"","ancho":"","alto":""},{"id":21990,"nombre":"BLOQUEADOR COLLAGE A","codigo_barras":"A","cliente_asignado":"103","cantidad":2,"fecha_creacion":"14\/04\/2026 12:39","fecha_modificacion":"02\/05\/2026 10:33","estado":"asignado","motorizado":"-","peso":"","tipo_medida":"","valor_medida":"","largo":"","ancho":"","alto":""},{"id":29959,"nombre":"BLOQUEADOR COLLAGE B","codigo_barras":"","cliente_asignado":"103","cantidad":1,"fecha_creacion":"02\/05\/2026 10:34","fecha_modificacion":"02\/05\/2026 10:34","estado":"sin_asignar","motorizado":"-","peso":"","tipo_medida":"","valor_medida":"","largo":"","ancho":"","alto":""},{"id":21993,"nombre":"BLOQUEADOR CURCUMA A","codigo_barras":"A","cliente_asignado":"103","cantidad":2,"fecha_creacion":"14\/04\/2026 12:44","fecha_modificacion":"02\/05\/2026 10:32","estado":"sin_asignar","motorizado":"-","peso":"","tipo_medida":"","valor_medida":"","largo":"","ancho":"","alto":""},{"id":21994,"nombre":"BLOQUEADOR CURCUMA B","codigo_barras":"B","cliente_asignado":"103","cantidad":2,"fecha_creacion":"14\/04\/2026 12:46","fecha_modificacion":"02\/05\/2026 10:31","estado":"sin_asignar","motorizado":"-","peso":"","tipo_medida":"","valor_medida":"","largo":"","ancho":"","alto":""},{"id":30212,"nombre":"BRILLA MAS","codigo_barras":"","cliente_asignado":"461","cantidad":2,"fecha_creacion":"04\/05\/2026 09:17","fecha_modificacion":"04\/05\/2026 09:17","estado":"sin_asignar","motorizado":"-","peso":"","tipo_medida":"","valor_medida":"","largo":"","ancho":"","alto":""},{"id":20301,"nombre":"CACAO EN POLVO","codigo_barras":"","cliente_asignado":"288","cantidad":6,"fecha_creacion":"10\/04\/2026 11:19","fecha_modificacion":"24\/04\/2026 21:41","estado":"asignado","motorizado":"-","peso":"1","tipo_medida":"","valor_medida":"","largo":"","ancho":"","alto":""},{"id":20313,"nombre":"CACAO EN POLVO","codigo_barras":"","cliente_asignado":"288","cantidad":1,"fecha_creacion":"10\/04\/2026 11:36","fecha_modificacion":"24\/04\/2026 21:41","estado":"sin_asignar","motorizado":"-","peso":"2","tipo_medida":"","valor_medida":"","largo":"","ancho":"","alto":""},{"id":20311,"nombre":"CAFE EN POLVO","codigo_barras":"","cliente_asignado":"288","cantidad":8,"fecha_creacion":"10\/04\/2026 11:32","fecha_modificacion":"10\/04\/2026 11:32","estado":"sin_asignar","motorizado":"-","peso":"250","tipo_medida":"","valor_medida":"","largo":"","ancho":"","alto":""},{"id":26593,"nombre":"CANDIDA CLEANSE","codigo_barras":"","cliente_asignado":"136","cantidad":4,"fecha_creacion":"24\/04\/2026 21:05","fecha_modificacion":"24\/04\/2026 21:05","estado":"sin_asignar","motorizado":"-","peso":"","tipo_medida":"","valor_medida":"","largo":"","ancho":"","alto":""},{"id":24815,"nombre":"CREMA HIDRATANTE","codigo_barras":"","cliente_asignado":"136","cantidad":2,"fecha_creacion":"21\/04\/2026 09:32","fecha_modificacion":"21\/04\/2026 09:32","estado":"sin_asignar","motorizado":"-","peso":"","tipo_medida":"modelo","valor_medida":"V7","largo":"","ancho":"","alto":""},{"id":7959,"nombre":"CREMA RETINOL","codigo_barras":"","cliente_asignado":"136","cantidad":3,"fecha_creacion":"13\/03\/2026 20:01","fecha_modificacion":"06\/04\/2026 10:10","estado":"sin_asignar","motorizado":"-","peso":"","tipo_medida":"","valor_medida":"","largo":"","ancho":"","alto":""},{"id":7958,"nombre":"CREMA ROREC","codigo_barras":"","cliente_asignado":"136","cantidad":2,"fecha_creacion":"13\/03\/2026 20:00","fecha_modificacion":"15\/04\/2026 10:42","estado":"sin_asignar","motorizado":"-","peso":"","tipo_medida":"","valor_medida":"","largo":"","ancho":"","alto":""},{"id":7955,"nombre":"DESPIGMENTANTE DE LABIOS","codigo_barras":"","cliente_asignado":"136","cantidad":1,"fecha_creacion":"13\/03\/2026 19:59","fecha_modificacion":"06\/04\/2026 10:11","estado":"sin_asignar","motorizado":"-","peso":"","tipo_medida":"","valor_medida":"","largo":"","ancho":"","alto":""},{"id":7949,"nombre":"EXFOLIANTE DE ARROZ","codigo_barras":"","cliente_asignado":"136","cantidad":37,"fecha_creacion":"13\/03\/2026 19:56","fecha_modificacion":"21\/04\/2026 09:30","estado":"sin_asignar","motorizado":"-","peso":"","tipo_medida":"","valor_medida":"","largo":"","ancho":"","alto":""},{"id":7956,"nombre":"EXFOLIANTE GEL","codigo_barras":"","cliente_asignado":"136","cantidad":1,"fecha_creacion":"13\/03\/2026 19:59","fecha_modificacion":"15\/04\/2026 10:43","estado":"sin_asignar","motorizado":"-","peso":"","tipo_medida":"","valor_medida":"","largo":"","ancho":"","alto":""},{"id":26630,"nombre":"HAIR GROWTH","codigo_barras":"","cliente_asignado":"270","cantidad":188,"fecha_creacion":"24\/04\/2026 21:56","fecha_modificacion":"24\/04\/2026 21:56","estado":"sin_asignar","motorizado":"-","peso":"","tipo_medida":"","valor_medida":"","largo":"","ancho":"","alto":""},{"id":9095,"nombre":"HERBALS & HEALTH","codigo_barras":"","cliente_asignado":"270","cantidad":2,"fecha_creacion":"17\/03\/2026 12:27","fecha_modificacion":"17\/03\/2026 12:27","estado":"sin_asignar","motorizado":"-","peso":"","tipo_medida":"","valor_medida":"","largo":"","ancho":"","alto":""},{"id":7960,"nombre":"HUMECTANTE SAKURA","codigo_barras":"","cliente_asignado":"136","cantidad":8,"fecha_creacion":"13\/03\/2026 20:01","fecha_modificacion":"21\/04\/2026 09:35","estado":"sin_asignar","motorizado":"-","peso":"","tipo_medida":"","valor_medida":"","largo":"","ancho":"","alto":""},{"id":7981,"nombre":"INFLADORES","codigo_barras":"","cliente_asignado":"145","cantidad":57,"fecha_creacion":"13\/03\/2026 20:16","fecha_modificacion":"04\/05\/2026 10:01","estado":"sin_asignar","motorizado":"-","peso":"","tipo_medida":"","valor_medida":"","largo":"","ancho":"","alto":""},{"id":21989,"nombre":"jjjjjjjjj","codigo_barras":"","cliente_asignado":"429","cantidad":45,"fecha_creacion":"14\/04\/2026 12:39","fecha_modificacion":"14\/04\/2026 12:41","estado":"sin_asignar","motorizado":"-","peso":"","tipo_medida":"","valor_medida":"","largo":"","ancho":"","alto":""},{"id":21998,"nombre":"LABIAL MAGICO","codigo_barras":"","cliente_asignado":"103","cantidad":1,"fecha_creacion":"14\/04\/2026 12:48","fecha_modificacion":"14\/04\/2026 12:48","estado":"sin_asignar","motorizado":"-","peso":"","tipo_medida":"","valor_medida":"","largo":"","ancho":"","alto":""},{"id":30316,"nombre":"LAMPARA BLACK LARGA","codigo_barras":"","cliente_asignado":"145","cantidad":3,"fecha_creacion":"04\/05\/2026 10:06","fecha_modificacion":"04\/05\/2026 10:06","estado":"sin_asignar","motorizado":"-","peso":"","tipo_medida":"","valor_medida":"","largo":"","ancho":"","alto":""},{"id":7995,"nombre":"LAMPARA CORTA BLACK","codigo_barras":"","cliente_asignado":"145","cantidad":59,"fecha_creacion":"13\/03\/2026 20:25","fecha_modificacion":"04\/05\/2026 10:40","estado":"sin_asignar","motorizado":"-","peso":"","tipo_medida":"","valor_medida":"","largo":"","ancho":"","alto":""},{"id":7996,"nombre":"LAMPARA CORTA WHITE","codigo_barras":"","cliente_asignado":"145","cantidad":0,"fecha_creacion":"13\/03\/2026 20:26","fecha_modificacion":"15\/04\/2026 11:16","estado":"asignado","motorizado":"-","peso":"","tipo_medida":"","valor_medida":"","largo":"","ancho":"","alto":""},{"id":7982,"nombre":"LAMPARA GOLD LARGA","codigo_barras":"","cliente_asignado":"145","cantidad":0,"fecha_creacion":"13\/03\/2026 20:17","fecha_modificacion":"10\/04\/2026 10:04","estado":"asignado","motorizado":"-","peso":"","tipo_medida":"color","valor_medida":"DORADO","largo":"","ancho":"","alto":""},{"id":7991,"nombre":"LAMPARA LARGA SILVER","codigo_barras":"","cliente_asignado":"145","cantidad":0,"fecha_creacion":"13\/03\/2026 20:22","fecha_modificacion":"16\/04\/2026 23:08","estado":"asignado","motorizado":"-","peso":"0.09","tipo_medida":"color","valor_medida":"SILVER","largo":"","ancho":"","alto":""},{"id":7992,"nombre":"LAMPARA LARGA WHITE","codigo_barras":"","cliente_asignado":"145","cantidad":1,"fecha_creacion":"13\/03\/2026 20:23","fecha_modificacion":"04\/05\/2026 10:03","estado":"asignado","motorizado":"-","peso":"","tipo_medida":"","valor_medida":"","largo":"","ancho":"","alto":""},{"id":24829,"nombre":"LAMPARA ROSE GOLD LARGA","codigo_barras":"","cliente_asignado":"145","cantidad":0,"fecha_creacion":"21\/04\/2026 09:45","fecha_modificacion":"04\/05\/2026 10:02","estado":"asignado","motorizado":"-","peso":"","tipo_medida":"","valor_medida":"","largo":"","ancho":"","alto":""},{"id":26598,"nombre":"MAGNET CUBE ZONE 100 PIEZAS","codigo_barras":"","cliente_asignado":"201","cantidad":0,"fecha_creacion":"24\/04\/2026 21:12","fecha_modificacion":"02\/05\/2026 12:20","estado":"asignado","motorizado":"-","peso":"","tipo_medida":"","valor_medida":"","largo":"","ancho":"","alto":""},{"id":28802,"nombre":"MAGNET CUBE ZONE 80 PIEZAS","codigo_barras":"","cliente_asignado":"201","cantidad":0,"fecha_creacion":"29\/04\/2026 15:28","fecha_modificacion":"29\/04\/2026 15:28","estado":"asignado","motorizado":"-","peso":"","tipo_medida":"","valor_medida":"","largo":"","ancho":"","alto":""},{"id":26588,"nombre":"MEDINAIL SPRAY","codigo_barras":"","cliente_asignado":"461","cantidad":4,"fecha_creacion":"24\/04\/2026 20:54","fecha_modificacion":"24\/04\/2026 20:54","estado":"sin_asignar","motorizado":"-","peso":"","tipo_medida":"","valor_medida":"","largo":"","ancho":"","alto":""},{"id":9098,"nombre":"NAD RESVERATROL","codigo_barras":"","cliente_asignado":"270","cantidad":50,"fecha_creacion":"17\/03\/2026 12:29","fecha_modificacion":"17\/03\/2026 12:29","estado":"sin_asignar","motorizado":"-","peso":"","tipo_medida":"","valor_medida":"","largo":"","ancho":"","alto":""},{"id":28745,"nombre":"NEGRO MAGICO","codigo_barras":"","cliente_asignado":"461","cantidad":5,"fecha_creacion":"29\/04\/2026 11:52","fecha_modificacion":"29\/04\/2026 15:50","estado":"sin_asignar","motorizado":"-","peso":"","tipo_medida":"","valor_medida":"","largo":"","ancho":"","alto":""},{"id":28748,"nombre":"NOURKRIN","codigo_barras":"","cliente_asignado":"461","cantidad":2,"fecha_creacion":"29\/04\/2026 11:53","fecha_modificacion":"29\/04\/2026 11:53","estado":"sin_asignar","motorizado":"-","peso":"","tipo_medida":"","valor_medida":"","largo":"","ancho":"","alto":""},{"id":26581,"nombre":"PA\u00d1OS DE TELA","codigo_barras":"","cliente_asignado":"461","cantidad":19,"fecha_creacion":"24\/04\/2026 20:48","fecha_modificacion":"04\/05\/2026 09:20","estado":"sin_asignar","motorizado":"-","peso":"","tipo_medida":"","valor_medida":"","largo":"","ancho":"","alto":""},{"id":23119,"nombre":"PARLANTE ALEXA","codigo_barras":"","cliente_asignado":"85","cantidad":3,"fecha_creacion":"16\/04\/2026 14:01","fecha_modificacion":"24\/04\/2026 21:18","estado":"sin_asignar","motorizado":"-","peso":"","tipo_medida":"color","valor_medida":"AZUL","largo":"","ancho":"","alto":""},{"id":6914,"nombre":"PARLANTE ALEXA","codigo_barras":"","cliente_asignado":"85","cantidad":4,"fecha_creacion":"27\/02\/2026 18:29","fecha_modificacion":"20\/04\/2026 11:54","estado":"sin_asignar","motorizado":"-","peso":"0","tipo_medida":"color","valor_medida":"NEGRO","largo":"0","ancho":"0","alto":"0"},{"id":24382,"nombre":"PARLANTE ALEXA","codigo_barras":"","cliente_asignado":"85","cantidad":1,"fecha_creacion":"20\/04\/2026 11:57","fecha_modificacion":"04\/05\/2026 09:28","estado":"sin_asignar","motorizado":"-","peso":"","tipo_medida":"color","valor_medida":"ROJO","largo":"","ancho":"","alto":""},{"id":24380,"nombre":"PARLANTE ALEXA","codigo_barras":"","cliente_asignado":"85","cantidad":2,"fecha_creacion":"20\/04\/2026 11:55","fecha_modificacion":"24\/04\/2026 21:17","estado":"asignado","motorizado":"-","peso":"","tipo_medida":"color","valor_medida":"BLANCO","largo":"","ancho":"","alto":""},{"id":26583,"nombre":"PROTECTOR ULTRA WAX","codigo_barras":"","cliente_asignado":"461","cantidad":6,"fecha_creacion":"24\/04\/2026 20:50","fecha_modificacion":"29\/04\/2026 11:45","estado":"sin_asignar","motorizado":"-","peso":"","tipo_medida":"","valor_medida":"","largo":"","ancho":"","alto":""},{"id":30217,"nombre":"PULIMAX","codigo_barras":"","cliente_asignado":"461","cantidad":12,"fecha_creacion":"04\/05\/2026 09:22","fecha_modificacion":"04\/05\/2026 09:22","estado":"sin_asignar","motorizado":"-","peso":"","tipo_medida":"","valor_medida":"","largo":"","ancho":"","alto":""},{"id":6879,"nombre":"SHAMPOO","codigo_barras":"","cliente_asignado":"91","cantidad":9,"fecha_creacion":"26\/02\/2026 23:12","fecha_modificacion":"15\/04\/2026 10:17","estado":"sin_asignar","motorizado":"-","peso":"0","tipo_medida":"","valor_medida":"","largo":"0","ancho":"0","alto":"0"},{"id":24821,"nombre":"SPRAY DEPILATORIO","codigo_barras":"","cliente_asignado":"136","cantidad":25,"fecha_creacion":"21\/04\/2026 09:37","fecha_modificacion":"04\/05\/2026 09:42","estado":"sin_asignar","motorizado":"-","peso":"","tipo_medida":"","valor_medida":"","largo":"","ancho":"","alto":""},{"id":28704,"nombre":"TAPIZ CLEAN","codigo_barras":"","cliente_asignado":"461","cantidad":4,"fecha_creacion":"29\/04\/2026 11:43","fecha_modificacion":"29\/04\/2026 15:51","estado":"sin_asignar","motorizado":"-","peso":"","tipo_medida":"","valor_medida":"","largo":"","ancho":"","alto":""},{"id":9096,"nombre":"ULTRA PURE","codigo_barras":"","cliente_asignado":"270","cantidad":1,"fecha_creacion":"17\/03\/2026 12:28","fecha_modificacion":"17\/03\/2026 12:28","estado":"sin_asignar","motorizado":"-","peso":"","tipo_medida":"","valor_medida":"","largo":"","ancho":"","alto":""},{"id":26589,"nombre":"WART REMOVER","codigo_barras":"","cliente_asignado":"461","cantidad":4,"fecha_creacion":"24\/04\/2026 20:54","fecha_modificacion":"24\/04\/2026 20:54","estado":"sin_asignar","motorizado":"-","peso":"","tipo_medida":"","valor_medida":"","largo":"","ancho":"","alto":""},{"id":26931,"nombre":"Zapatillas","codigo_barras":"MERC-123456","cliente_asignado":"118","cantidad":30,"fecha_creacion":"25\/04\/2026 20:05","fecha_modificacion":"06\/05\/2026 10:35","estado":"sin_asignar","motorizado":"-","peso":"","tipo_medida":"","valor_medida":"","largo":"","ancho":"","alto":""}]
[12-Jun-2026 00:30:36 UTC] 🔔 [MERC_LOG] Inicializado logger diario: /var/www/html/wp-content/merc_logs/merc-debug-2026-06-12.log
[12-Jun-2026 00:30:46 UTC] 🔔 [MERC_LOG] Inicializado logger diario: /var/www/html/wp-content/merc_logs/merc-debug-2026-06-12.log
[12-Jun-2026 00:30:47 UTC] 🔵 [FILTER] filter_shipment_by_date_and_tiendaname llamado
[12-Jun-2026 00:30:47 UTC] 🔵 [FILTER] Usuario actual: 109
[12-Jun-2026 00:30:47 UTC] 🔵 [FILTER] Args iniciales: {"post_type":"wpcargo_shipment","post_status":"publish","posts_per_page":"500","paged":1,"s":"","meta_query":{"relation":"AND","0":[]}}
[12-Jun-2026 00:30:47 UTC] 🔵 [FILTER] GET params: Array
(
)

[12-Jun-2026 00:30:47 UTC] 🔵 [FILTER] Sin parámetros de fecha, aplicando HOY por defecto: 2026-06-11
[12-Jun-2026 00:30:47 UTC] 🔵 [FILTER] Fecha desde: '2026-06-11' | Fecha hasta: '2026-06-11'
[12-Jun-2026 00:30:47 UTC] 🔵 [FILTER] has_from: true | has_to: true
[12-Jun-2026 00:30:47 UTC] 🔵 [FILTER] SQL Query: 
            SELECT DISTINCT p.ID 
            FROM wp_posts p
            INNER JOIN wp_postmeta pm ON p.ID = pm.post_id
            WHERE p.post_type = 'wpcargo_shipment'
            AND pm.meta_key IN ('wpcargo_pickup_date_picker', 'wpcargo_pickup_date', 'calendarenvio', 'wpcargo_fecha_envio')
            AND (STR_TO_DATE(pm.meta_value, '%d/%m/%Y') >= STR_TO_DATE('2026-06-11', '%Y-%m-%d') AND STR_TO_DATE(pm.meta_value, '%d/%m/%Y') <= STR_TO_DATE('2026-06-11', '%Y-%m-%d'))
        
[12-Jun-2026 00:30:47 UTC] 🔵 [FILTER] IDs encontrados por fecha: 2
[12-Jun-2026 00:30:47 UTC] 🔵 [FILTER] Primeros 10 IDs: 31872, 31878
[12-Jun-2026 00:30:47 UTC] 🔵 [FILTER] post__in no existe, creando nuevo
[12-Jun-2026 00:30:47 UTC] 🔵 [FILTER] post_status cambiado a array para incluir estados normales (EXCLUYENDO trash)
[12-Jun-2026 00:30:47 UTC] 🔵 [FILTER] Args finales: {"post_type":"wpcargo_shipment","post_status":["publish","draft","pending","private"],"posts_per_page":"500","paged":1,"s":"","meta_query":{"relation":"AND","0":[]},"post__in":["31872","31878"]}
[12-Jun-2026 00:30:48 UTC] 🔔 [MERC_LOG] Inicializado logger diario: /var/www/html/wp-content/merc_logs/merc-debug-2026-06-12.log
[12-Jun-2026 00:30:49 UTC] 🔔 [MERC_LOG] Inicializado logger diario: /var/www/html/wp-content/merc_logs/merc-debug-2026-06-12.log
[12-Jun-2026 00:30:50 UTC] 🔔 [MERC_LOG] Inicializado logger diario: /var/www/html/wp-content/merc_logs/merc-debug-2026-06-12.log
[12-Jun-2026 00:30:51 UTC] 🔔 [MERC_LOG] Inicializado logger diario: /var/www/html/wp-content/merc_logs/merc-debug-2026-06-12.log
[12-Jun-2026 00:30:52 UTC] 🔍 === INICIO merc_display_payment_methods_frontend ===
[12-Jun-2026 00:30:52 UTC] 🔍 Tipo de $shipment_detail: object
[12-Jun-2026 00:30:52 UTC] 🔍 Es objeto: stdClass
[12-Jun-2026 00:30:52 UTC] 🔍 Tiene propiedad ID: 31872
[12-Jun-2026 00:30:52 UTC] ✅ ID desde objeto->ID: 31872
[12-Jun-2026 00:30:52 UTC] ✅ Shipment ID final obtenido: 31872
[12-Jun-2026 00:30:52 UTC] 🔔 [MERC_LOG] Inicializado logger diario: /var/www/html/wp-content/merc_logs/merc-debug-2026-06-12.log
[12-Jun-2026 00:30:59 UTC] 🔔 [MERC_LOG] Inicializado logger diario: /var/www/html/wp-content/merc_logs/merc-debug-2026-06-12.log
[12-Jun-2026 00:31:00 UTC] 🔵 [FILTER] filter_shipment_by_date_and_tiendaname llamado
[12-Jun-2026 00:31:00 UTC] 🔵 [FILTER] Usuario actual: 109
[12-Jun-2026 00:31:00 UTC] 🔵 [FILTER] Args iniciales: {"post_type":"wpcargo_shipment","post_status":"publish","posts_per_page":"500","paged":1,"s":"","meta_query":{"relation":"AND","0":[]}}
[12-Jun-2026 00:31:00 UTC] 🔵 [FILTER] GET params: Array
(
)

[12-Jun-2026 00:31:00 UTC] 🔵 [FILTER] Sin parámetros de fecha, aplicando HOY por defecto: 2026-06-11
[12-Jun-2026 00:31:00 UTC] 🔵 [FILTER] Fecha desde: '2026-06-11' | Fecha hasta: '2026-06-11'
[12-Jun-2026 00:31:00 UTC] 🔵 [FILTER] has_from: true | has_to: true
[12-Jun-2026 00:31:00 UTC] 🔵 [FILTER] SQL Query: 
            SELECT DISTINCT p.ID 
            FROM wp_posts p
            INNER JOIN wp_postmeta pm ON p.ID = pm.post_id
            WHERE p.post_type = 'wpcargo_shipment'
            AND pm.meta_key IN ('wpcargo_pickup_date_picker', 'wpcargo_pickup_date', 'calendarenvio', 'wpcargo_fecha_envio')
            AND (STR_TO_DATE(pm.meta_value, '%d/%m/%Y') >= STR_TO_DATE('2026-06-11', '%Y-%m-%d') AND STR_TO_DATE(pm.meta_value, '%d/%m/%Y') <= STR_TO_DATE('2026-06-11', '%Y-%m-%d'))
        
[12-Jun-2026 00:31:00 UTC] 🔵 [FILTER] IDs encontrados por fecha: 2
[12-Jun-2026 00:31:00 UTC] 🔵 [FILTER] Primeros 10 IDs: 31872, 31878
[12-Jun-2026 00:31:00 UTC] 🔵 [FILTER] post__in no existe, creando nuevo
[12-Jun-2026 00:31:00 UTC] 🔵 [FILTER] post_status cambiado a array para incluir estados normales (EXCLUYENDO trash)
[12-Jun-2026 00:31:00 UTC] 🔵 [FILTER] Args finales: {"post_type":"wpcargo_shipment","post_status":["publish","draft","pending","private"],"posts_per_page":"500","paged":1,"s":"","meta_query":{"relation":"AND","0":[]},"post__in":["31872","31878"]}
[12-Jun-2026 00:31:00 UTC] 🔔 [MERC_LOG] Inicializado logger diario: /var/www/html/wp-content/merc_logs/merc-debug-2026-06-12.log
[12-Jun-2026 00:31:01 UTC] 🔔 [MERC_LOG] Inicializado logger diario: /var/www/html/wp-content/merc_logs/merc-debug-2026-06-12.log
[12-Jun-2026 00:31:03 UTC] 🔔 [MERC_LOG] Inicializado logger diario: /var/www/html/wp-content/merc_logs/merc-debug-2026-06-12.log
[12-Jun-2026 00:31:05 UTC] 🔔 [MERC_LOG] Inicializado logger diario: /var/www/html/wp-content/merc_logs/merc-debug-2026-06-12.log
[12-Jun-2026 00:31:08 UTC] 🔍 === INICIO merc_display_payment_methods_frontend ===
[12-Jun-2026 00:31:08 UTC] 🔍 Tipo de $shipment_detail: object
[12-Jun-2026 00:31:08 UTC] 🔍 Es objeto: stdClass
[12-Jun-2026 00:31:08 UTC] 🔍 Tiene propiedad ID: 31872
[12-Jun-2026 00:31:08 UTC] ✅ ID desde objeto->ID: 31872
[12-Jun-2026 00:31:08 UTC] ✅ Shipment ID final obtenido: 31872
[12-Jun-2026 00:31:09 UTC] 🔔 [MERC_LOG] Inicializado logger diario: /var/www/html/wp-content/merc_logs/merc-debug-2026-06-12.log
[12-Jun-2026 00:31:11 UTC] 🔔 [MERC_LOG] Inicializado logger diario: /var/www/html/wp-content/merc_logs/merc-debug-2026-06-12.log
[12-Jun-2026 00:31:12 UTC] 🔵 [FILTER] filter_shipment_by_date_and_tiendaname llamado
[12-Jun-2026 00:31:12 UTC] 🔵 [FILTER] Usuario actual: 109
[12-Jun-2026 00:31:12 UTC] 🔵 [FILTER] Args iniciales: {"post_type":"wpcargo_shipment","post_status":"publish","posts_per_page":"500","paged":1,"s":"","meta_query":{"relation":"AND","0":[]}}
[12-Jun-2026 00:31:12 UTC] 🔵 [FILTER] GET params: Array
(
)

[12-Jun-2026 00:31:12 UTC] 🔵 [FILTER] Sin parámetros de fecha, aplicando HOY por defecto: 2026-06-11
[12-Jun-2026 00:31:12 UTC] 🔵 [FILTER] Fecha desde: '2026-06-11' | Fecha hasta: '2026-06-11'
[12-Jun-2026 00:31:12 UTC] 🔵 [FILTER] has_from: true | has_to: true
[12-Jun-2026 00:31:12 UTC] 🔵 [FILTER] SQL Query: 
            SELECT DISTINCT p.ID 
            FROM wp_posts p
            INNER JOIN wp_postmeta pm ON p.ID = pm.post_id
            WHERE p.post_type = 'wpcargo_shipment'
            AND pm.meta_key IN ('wpcargo_pickup_date_picker', 'wpcargo_pickup_date', 'calendarenvio', 'wpcargo_fecha_envio')
            AND (STR_TO_DATE(pm.meta_value, '%d/%m/%Y') >= STR_TO_DATE('2026-06-11', '%Y-%m-%d') AND STR_TO_DATE(pm.meta_value, '%d/%m/%Y') <= STR_TO_DATE('2026-06-11', '%Y-%m-%d'))
        
[12-Jun-2026 00:31:12 UTC] 🔵 [FILTER] IDs encontrados por fecha: 2
[12-Jun-2026 00:31:12 UTC] 🔵 [FILTER] Primeros 10 IDs: 31872, 31878
[12-Jun-2026 00:31:12 UTC] 🔵 [FILTER] post__in no existe, creando nuevo
[12-Jun-2026 00:31:12 UTC] 🔵 [FILTER] post_status cambiado a array para incluir estados normales (EXCLUYENDO trash)
[12-Jun-2026 00:31:12 UTC] 🔵 [FILTER] Args finales: {"post_type":"wpcargo_shipment","post_status":["publish","draft","pending","private"],"posts_per_page":"500","paged":1,"s":"","meta_query":{"relation":"AND","0":[]},"post__in":["31872","31878"]}
[12-Jun-2026 00:31:13 UTC] 🔔 [MERC_LOG] Inicializado logger diario: /var/www/html/wp-content/merc_logs/merc-debug-2026-06-12.log
[12-Jun-2026 00:31:14 UTC] 🔔 [MERC_LOG] Inicializado logger diario: /var/www/html/wp-content/merc_logs/merc-debug-2026-06-12.log
[12-Jun-2026 00:31:15 UTC] 🔔 [MERC_LOG] Inicializado logger diario: /var/www/html/wp-content/merc_logs/merc-debug-2026-06-12.log
[12-Jun-2026 00:31:16 UTC] 🔍 === INICIO merc_display_payment_methods_frontend ===
[12-Jun-2026 00:31:16 UTC] 🔍 Tipo de $shipment_detail: object
[12-Jun-2026 00:31:16 UTC] 🔍 Es objeto: stdClass
[12-Jun-2026 00:31:16 UTC] 🔍 Tiene propiedad ID: 31872
[12-Jun-2026 00:31:16 UTC] ✅ ID desde objeto->ID: 31872
[12-Jun-2026 00:31:16 UTC] ✅ Shipment ID final obtenido: 31872
[12-Jun-2026 00:31:16 UTC] 🔔 [MERC_LOG] Inicializado logger diario: /var/www/html/wp-content/merc_logs/merc-debug-2026-06-12.log
[12-Jun-2026 00:31:16 UTC] 🔔 [MERC_LOG] Inicializado logger diario: /var/www/html/wp-content/merc_logs/merc-debug-2026-06-12.log
[12-Jun-2026 00:31:18 UTC] 🔔 [MERC_LOG] Inicializado logger diario: /var/www/html/wp-content/merc_logs/merc-debug-2026-06-12.log
[12-Jun-2026 00:31:20 UTC] 🔵 [FILTER] filter_shipment_by_date_and_tiendaname llamado
[12-Jun-2026 00:31:20 UTC] 🔵 [FILTER] Usuario actual: 109
[12-Jun-2026 00:31:20 UTC] 🔵 [FILTER] Args iniciales: {"post_type":"wpcargo_shipment","post_status":"publish","posts_per_page":"500","paged":1,"s":"","meta_query":{"relation":"AND","0":[]}}
[12-Jun-2026 00:31:20 UTC] 🔵 [FILTER] GET params: Array
(
)

[12-Jun-2026 00:31:20 UTC] 🔵 [FILTER] Sin parámetros de fecha, aplicando HOY por defecto: 2026-06-11
[12-Jun-2026 00:31:20 UTC] 🔵 [FILTER] Fecha desde: '2026-06-11' | Fecha hasta: '2026-06-11'
[12-Jun-2026 00:31:20 UTC] 🔵 [FILTER] has_from: true | has_to: true
[12-Jun-2026 00:31:20 UTC] 🔵 [FILTER] SQL Query: 
            SELECT DISTINCT p.ID 
            FROM wp_posts p
            INNER JOIN wp_postmeta pm ON p.ID = pm.post_id
            WHERE p.post_type = 'wpcargo_shipment'
            AND pm.meta_key IN ('wpcargo_pickup_date_picker', 'wpcargo_pickup_date', 'calendarenvio', 'wpcargo_fecha_envio')
            AND (STR_TO_DATE(pm.meta_value, '%d/%m/%Y') >= STR_TO_DATE('2026-06-11', '%Y-%m-%d') AND STR_TO_DATE(pm.meta_value, '%d/%m/%Y') <= STR_TO_DATE('2026-06-11', '%Y-%m-%d'))
        
[12-Jun-2026 00:31:20 UTC] 🔵 [FILTER] IDs encontrados por fecha: 2
[12-Jun-2026 00:31:20 UTC] 🔵 [FILTER] Primeros 10 IDs: 31872, 31878
[12-Jun-2026 00:31:20 UTC] 🔵 [FILTER] post__in no existe, creando nuevo
[12-Jun-2026 00:31:20 UTC] 🔵 [FILTER] post_status cambiado a array para incluir estados normales (EXCLUYENDO trash)
[12-Jun-2026 00:31:20 UTC] 🔵 [FILTER] Args finales: {"post_type":"wpcargo_shipment","post_status":["publish","draft","pending","private"],"posts_per_page":"500","paged":1,"s":"","meta_query":{"relation":"AND","0":[]},"post__in":["31872","31878"]}
[12-Jun-2026 00:31:21 UTC] 🔔 [MERC_LOG] Inicializado logger diario: /var/www/html/wp-content/merc_logs/merc-debug-2026-06-12.log
[12-Jun-2026 00:31:22 UTC] 🔔 [MERC_LOG] Inicializado logger diario: /var/www/html/wp-content/merc_logs/merc-debug-2026-06-12.log
[12-Jun-2026 00:31:24 UTC] 🔔 [MERC_LOG] Inicializado logger diario: /var/www/html/wp-content/merc_logs/merc-debug-2026-06-12.log
[12-Jun-2026 00:37:17 UTC] 🔔 [MERC_LOG] Inicializado logger diario: /var/www/html/wp-content/merc_logs/merc-debug-2026-06-12.log
[12-Jun-2026 00:37:19 UTC] PHP Warning:  Undefined variable $tipo_vista in /var/www/html/wp-content/themes/blocksy-child/functions.php on line 7636
[12-Jun-2026 00:37:19 UTC] MERC_ADMIN_RESUMEN - date_query="AND EXISTS(
            SELECT 1 FROM wp_postmeta pm_pickup 
            WHERE pm_pickup.post_id = p.ID 
            AND pm_pickup.meta_key = 'wpcargo_pickup_date_picker'
            AND (
                STR_TO_DATE(pm_pickup.meta_value, '%d/%m/%Y') >= STR_TO_DATE('2026-06-11', '%Y-%m-%d')
                AND STR_TO_DATE(pm_pickup.meta_value, '%d/%m/%Y') <= STR_TO_DATE('2026-06-11', '%Y-%m-%d')
            )
        )"
[12-Jun-2026 00:37:19 UTC] MERC_ADMIN_RESUMEN - shipments_count=1
[12-Jun-2026 00:37:19 UTC] ═══════════════════════════════════════════════════════════
[12-Jun-2026 00:37:19 UTC] 🔍 MERC_ADMIN_DEBUG - INICIANDO CÁLCULOS DEL PANEL
[12-Jun-2026 00:37:19 UTC] ═══════════════════════════════════════════════════════════
[12-Jun-2026 00:37:19 UTC] 
[12-Jun-2026 00:37:19 UTC] ────────────────────────────────────────────────────────
[12-Jun-2026 00:37:19 UTC] 📦 SHIPMENT #31872
[12-Jun-2026 00:37:19 UTC]    Costo Envío: S/. 13.00
[12-Jun-2026 00:37:19 UTC]    Costo Producto: S/. 27.00
[12-Jun-2026 00:37:19 UTC]    Estado Motorizado: liquidado
[12-Jun-2026 00:37:19 UTC]    Estado Remitente (liquidado): VACÍO
[12-Jun-2026 00:37:19 UTC]    Quién Paga: remitente
[12-Jun-2026 00:37:19 UTC]    Estado Entrega: ENTREGADO
[12-Jun-2026 00:37:19 UTC]    ✅ SUMADO A TOTAL ENTREGADOS: S/. 27.00 (producto=27.00, Total: S/. 27.00)
[12-Jun-2026 00:37:19 UTC]    ✅ SUMADO A INGRESOS ENVÍOS: S/. 13.00 (Total: S/. 13.00)
[12-Jun-2026 00:37:19 UTC]    Cliente 517 - ¿Liquidación verificada? NO
[12-Jun-2026 00:37:19 UTC]    TOTALES ACUMULADOS: pago_merc=S/. 10.00, pos=S/. 12.35, pago_marca=S/. 10.00, servicio=S/. 13.00
[12-Jun-2026 00:37:19 UTC]    GET_PAYMENT_TOTALS: efectivo=S/. 7.00, pago_merc=S/. 10.00, pos=S/. 12.35, pago_marca=S/. 10.00, total=S/. 39.35
[12-Jun-2026 00:37:19 UTC]    Efectivo Total acumulado: S/. 7.00
[12-Jun-2026 00:37:19 UTC]    ✅ SUMADO A RECAUDADO_MERC: S/. 10.00 (Total: S/. 10.00)
[12-Jun-2026 00:37:19 UTC]    ✅ SUMADO A RECAUDADO_MARCA: S/. 10.00 (Total: S/. 10.00)
[12-Jun-2026 00:37:19 UTC]    ✅ SUMADO A POS_RECAUDADO: S/. 12.35 (Total: S/. 12.35)
[12-Jun-2026 00:37:19 UTC] 
[12-Jun-2026 00:37:19 UTC] ═══════════════════════════════════════════════════════════
[12-Jun-2026 00:37:19 UTC] 🔍 CÁLCULO DE "POR PAGAR REMITENTES" - FÓRMULA TOTAL GENERAL
[12-Jun-2026 00:37:19 UTC] ═══════════════════════════════════════════════════════════
[12-Jun-2026 00:37:19 UTC] RECAUDADO_MER (MER): S/. 10.00
[12-Jun-2026 00:37:19 UTC] EFECTIVO_TOTAL (MOTO): S/. 7.00
[12-Jun-2026 00:37:19 UTC] POS_RECAUDADO (POS): S/. 12.35
[12-Jun-2026 00:37:19 UTC] RECAUDADO_MARCA (MARCA): S/. 10.00
[12-Jun-2026 00:37:19 UTC] INGRESOS_ENVIOS (ENVIOS): S/. 13.00
[12-Jun-2026 00:37:19 UTC] ─────────────────────────────────────────────────────
[12-Jun-2026 00:37:19 UTC] por_pagar_rem = MER + MOTO + POS - MARCA - ENVIOS
[12-Jun-2026 00:37:19 UTC] por_pagar_rem = (10.00 + 7.00 + 12.35) - 10.00 - 13.00
[12-Jun-2026 00:37:19 UTC] por_pagar_rem = S/. 6.35
[12-Jun-2026 00:37:19 UTC] 
[12-Jun-2026 00:37:19 UTC] ═══════════════════════════════════════════════════════════
[12-Jun-2026 00:37:19 UTC] 📊 RESUMEN FINAL DE CÁLCULOS DEL PANEL ADMIN
[12-Jun-2026 00:37:19 UTC] ═══════════════════════════════════════════════════════════
[12-Jun-2026 00:37:19 UTC] Total Entregados: S/. 27.00 (TODOS los envíos entregados)
[12-Jun-2026 00:37:19 UTC] Ingresos por Envíos: S/. 13.00 (solo liquidados)
[12-Jun-2026 00:37:19 UTC] Efectivo Total: S/. 7.00
[12-Jun-2026 00:37:19 UTC] Recaudado por MERC: S/. 10.00
[12-Jun-2026 00:37:19 UTC] Recaudado por MARCA: S/. 10.00
[12-Jun-2026 00:37:19 UTC] Recaudado por POS: S/. 12.35
[12-Jun-2026 00:37:19 UTC] Por Pagar Remitentes: S/. 6.35
[12-Jun-2026 00:37:19 UTC] Penalidades del día: S/. 0.00
[12-Jun-2026 00:37:19 UTC] TOTAL GENERAL (Balance Neto): S/. 30.00
[12-Jun-2026 00:37:19 UTC] ═══════════════════════════════════════════════════════════
[12-Jun-2026 00:37:19 UTC] 
[12-Jun-2026 00:37:19 UTC] 🔍 [MERC_ADMIN_CARDS] drivers_sql: SELECT pm_entrega.meta_value AS driver_id, COUNT(DISTINCT p.ID) AS total_entregas FROM wp_posts p LEFT JOIN wp_postmeta pm_entrega ON p.ID = pm_entrega.post_id AND pm_entrega.meta_key = 'wpcargo_motorizo_entrega' WHERE p.post_type = 'wpcargo_shipment' AND p.post_status = 'publish' AND pm_entrega.meta_value IS NOT NULL AND EXISTS( SELECT 1 FROM wp_postmeta pm_pickup WHERE pm_pickup.post_id = p.ID AND pm_pickup.meta_key = 'wpcargo_pickup_date_picker' AND ( STR_TO_DATE(pm_pickup.meta_value, '%d/%m/%Y') >= STR_TO_DATE('2026-06-11', '%Y-%m-%d') AND STR_TO_DATE(pm_pickup.meta_value, '%d/%m/%Y') <= STR_TO_DATE('2026-06-11', '%Y-%m-%d') ) ) GROUP BY pm_entrega.meta_value ORDER BY total_entregas DESC
[12-Jun-2026 00:37:19 UTC] 🔍 [MERC_ADMIN_CARDS] sample_ids_count: 1
[12-Jun-2026 00:37:19 UTC] 🔍 [MERC_ADMIN_CARDS] sample shipment_id=31872 wpcargo_driver='190' wpcargo_motorizo_recojo='120'
[12-Jun-2026 00:37:19 UTC] 🔍 [MERC_ADMIN_CARDS] drivers_count: 1
[12-Jun-2026 00:37:19 UTC] 🔍 [MERC_ADMIN_CARDS] Motorizado ID: 190 | Envios encontrados: 1
[12-Jun-2026 00:37:19 UTC]    Shipment #31872 | pod_payment_methods(raw)=[{"metodo":"efectivo","monto":7},{"metodo":"pago_merc","monto":10,"imagen_id":31875,"imagen_url":"http://localhost:8081/wp-content/uploads/2026/06/metodo-pago-31872-1-1781183314.jpeg"},{"metodo":"pos","monto":12.35,"imagen_id":31876,"imagen_url":"http://localhost:8081/wp-content/uploads/2026/06/metodo-pago-31872-2-1781183314.jpeg","monto_original":13},{"metodo":"pago_marca","monto":10,"imagen_id":31877,"imagen_url":"http://localhost:8081/wp-content/uploads/2026/06/metodo-pago-31872-3-1781183314.jpeg"}], wpcargo_total_cobrar='40.00', otros_meta={"monto":"40.00"}
[12-Jun-2026 00:37:19 UTC]    Shipment #31872 | Totales: efectivo=7, pago_merc=10, pago_marca=10, pos=12.35, total=39.35
[12-Jun-2026 00:37:19 UTC]    Totales del motorizado: Total=39.35, Efectivo=7, MERC=10, MARCA=10, POS=12.35
[12-Jun-2026 00:37:19 UTC] 🔔 [MERC_LOG] Inicializado logger diario: /var/www/html/wp-content/merc_logs/merc-debug-2026-06-12.log
[12-Jun-2026 00:43:48 UTC] 🔔 [MERC_LOG] Inicializado logger diario: /var/www/html/wp-content/merc_logs/merc-debug-2026-06-12.log
[12-Jun-2026 00:43:49 UTC] 🔔 [MERC_LOG] Inicializado logger diario: /var/www/html/wp-content/merc_logs/merc-debug-2026-06-12.log
[12-Jun-2026 00:43:52 UTC] 🔔 [MERC_LOG] Inicializado logger diario: /var/www/html/wp-content/merc_logs/merc-debug-2026-06-12.log
[12-Jun-2026 00:43:53 UTC] 📝 [EDIT_FORM_LOAD] Envío #3527 | Tipo:  | Costo envío: 0
[12-Jun-2026 00:43:53 UTC] 📦 === INICIO SELECTOR PRODUCTOS ===
[12-Jun-2026 00:43:53 UTC] Shipment ID: 0
[12-Jun-2026 00:43:53 UTC] Hook actual: after_wpcfe_shipment_form_fields
[12-Jun-2026 00:43:53 UTC] Total productos encontrados para usuario #109: 49
[12-Jun-2026 00:43:53 UTC] Producto ID 30209 - Título: AROMATIZADOR - Estado: 'sin_asignar' - Cantidad disponible: '4'
[12-Jun-2026 00:43:53 UTC]   ✅ Producto ID 30209 INCLUIDO (estado: 'sin_asignar' | stock disponible: 4)
[12-Jun-2026 00:43:53 UTC] Producto ID 26620 - Título: BANGOVER LEVANTATE LAZARO - Estado: 'sin_asignar' - Cantidad disponible: '2'
[12-Jun-2026 00:43:53 UTC]   ✅ Producto ID 26620 INCLUIDO (estado: 'sin_asignar' | stock disponible: 2)
[12-Jun-2026 00:43:53 UTC] Producto ID 21990 - Título: BLOQUEADOR COLLAGE A - Estado: 'asignado' - Cantidad disponible: '2'
[12-Jun-2026 00:43:53 UTC]   ✅ Producto ID 21990 INCLUIDO (estado: 'asignado' | stock disponible: 2)
[12-Jun-2026 00:43:53 UTC] Producto ID 29959 - Título: BLOQUEADOR COLLAGE B - Estado: 'sin_asignar' - Cantidad disponible: '1'
[12-Jun-2026 00:43:53 UTC]   ✅ Producto ID 29959 INCLUIDO (estado: 'sin_asignar' | stock disponible: 1)
[12-Jun-2026 00:43:53 UTC] Producto ID 21993 - Título: BLOQUEADOR CURCUMA A - Estado: 'sin_asignar' - Cantidad disponible: '2'
[12-Jun-2026 00:43:53 UTC]   ✅ Producto ID 21993 INCLUIDO (estado: 'sin_asignar' | stock disponible: 2)
[12-Jun-2026 00:43:53 UTC] Producto ID 21994 - Título: BLOQUEADOR CURCUMA B - Estado: 'sin_asignar' - Cantidad disponible: '2'
[12-Jun-2026 00:43:53 UTC]   ✅ Producto ID 21994 INCLUIDO (estado: 'sin_asignar' | stock disponible: 2)
[12-Jun-2026 00:43:53 UTC] Producto ID 30212 - Título: BRILLA MAS - Estado: 'sin_asignar' - Cantidad disponible: '2'
[12-Jun-2026 00:43:53 UTC]   ✅ Producto ID 30212 INCLUIDO (estado: 'sin_asignar' | stock disponible: 2)
[12-Jun-2026 00:43:53 UTC] Producto ID 20301 - Título: CACAO EN POLVO - Estado: 'asignado' - Cantidad disponible: '6'
[12-Jun-2026 00:43:53 UTC]   ✅ Producto ID 20301 INCLUIDO (estado: 'asignado' | stock disponible: 6)
[12-Jun-2026 00:43:53 UTC] Producto ID 20313 - Título: CACAO EN POLVO - Estado: 'sin_asignar' - Cantidad disponible: '1'
[12-Jun-2026 00:43:53 UTC]   ✅ Producto ID 20313 INCLUIDO (estado: 'sin_asignar' | stock disponible: 1)
[12-Jun-2026 00:43:53 UTC] Producto ID 20311 - Título: CAFE EN POLVO - Estado: 'sin_asignar' - Cantidad disponible: '8'
[12-Jun-2026 00:43:53 UTC]   ✅ Producto ID 20311 INCLUIDO (estado: 'sin_asignar' | stock disponible: 8)
[12-Jun-2026 00:43:53 UTC] Producto ID 26593 - Título: CANDIDA CLEANSE - Estado: 'sin_asignar' - Cantidad disponible: '4'
[12-Jun-2026 00:43:53 UTC]   ✅ Producto ID 26593 INCLUIDO (estado: 'sin_asignar' | stock disponible: 4)
[12-Jun-2026 00:43:53 UTC] Producto ID 24815 - Título: CREMA HIDRATANTE - Estado: 'sin_asignar' - Cantidad disponible: '2'
[12-Jun-2026 00:43:53 UTC]   ✅ Producto ID 24815 INCLUIDO (estado: 'sin_asignar' | stock disponible: 2)
[12-Jun-2026 00:43:53 UTC] Producto ID 7959 - Título: CREMA RETINOL - Estado: 'sin_asignar' - Cantidad disponible: '3'
[12-Jun-2026 00:43:53 UTC]   ✅ Producto ID 7959 INCLUIDO (estado: 'sin_asignar' | stock disponible: 3)
[12-Jun-2026 00:43:53 UTC] Producto ID 7958 - Título: CREMA ROREC - Estado: 'sin_asignar' - Cantidad disponible: '2'
[12-Jun-2026 00:43:53 UTC]   ✅ Producto ID 7958 INCLUIDO (estado: 'sin_asignar' | stock disponible: 2)
[12-Jun-2026 00:43:53 UTC] Producto ID 7955 - Título: DESPIGMENTANTE DE LABIOS - Estado: 'sin_asignar' - Cantidad disponible: '1'
[12-Jun-2026 00:43:53 UTC]   ✅ Producto ID 7955 INCLUIDO (estado: 'sin_asignar' | stock disponible: 1)
[12-Jun-2026 00:43:53 UTC] Producto ID 7949 - Título: EXFOLIANTE DE ARROZ - Estado: 'sin_asignar' - Cantidad disponible: '37'
[12-Jun-2026 00:43:53 UTC]   ✅ Producto ID 7949 INCLUIDO (estado: 'sin_asignar' | stock disponible: 37)
[12-Jun-2026 00:43:53 UTC] Producto ID 7956 - Título: EXFOLIANTE GEL - Estado: 'sin_asignar' - Cantidad disponible: '1'
[12-Jun-2026 00:43:53 UTC]   ✅ Producto ID 7956 INCLUIDO (estado: 'sin_asignar' | stock disponible: 1)
[12-Jun-2026 00:43:53 UTC] Producto ID 26630 - Título: HAIR GROWTH - Estado: 'sin_asignar' - Cantidad disponible: '188'
[12-Jun-2026 00:43:53 UTC]   ✅ Producto ID 26630 INCLUIDO (estado: 'sin_asignar' | stock disponible: 188)
[12-Jun-2026 00:43:53 UTC] Producto ID 9095 - Título: HERBALS & HEALTH - Estado: 'sin_asignar' - Cantidad disponible: '2'
[12-Jun-2026 00:43:53 UTC]   ✅ Producto ID 9095 INCLUIDO (estado: 'sin_asignar' | stock disponible: 2)
[12-Jun-2026 00:43:53 UTC] Producto ID 7960 - Título: HUMECTANTE SAKURA - Estado: 'sin_asignar' - Cantidad disponible: '8'
[12-Jun-2026 00:43:53 UTC]   ✅ Producto ID 7960 INCLUIDO (estado: 'sin_asignar' | stock disponible: 8)
[12-Jun-2026 00:43:53 UTC] Producto ID 7981 - Título: INFLADORES - Estado: 'sin_asignar' - Cantidad disponible: '57'
[12-Jun-2026 00:43:53 UTC]   ✅ Producto ID 7981 INCLUIDO (estado: 'sin_asignar' | stock disponible: 57)
[12-Jun-2026 00:43:53 UTC] Producto ID 21989 - Título: jjjjjjjjj - Estado: 'sin_asignar' - Cantidad disponible: '45'
[12-Jun-2026 00:43:53 UTC]   ✅ Producto ID 21989 INCLUIDO (estado: 'sin_asignar' | stock disponible: 45)
[12-Jun-2026 00:43:53 UTC] Producto ID 21998 - Título: LABIAL MAGICO - Estado: 'sin_asignar' - Cantidad disponible: '1'
[12-Jun-2026 00:43:53 UTC]   ✅ Producto ID 21998 INCLUIDO (estado: 'sin_asignar' | stock disponible: 1)
[12-Jun-2026 00:43:53 UTC] Producto ID 30316 - Título: LAMPARA BLACK LARGA - Estado: 'sin_asignar' - Cantidad disponible: '3'
[12-Jun-2026 00:43:53 UTC]   ✅ Producto ID 30316 INCLUIDO (estado: 'sin_asignar' | stock disponible: 3)
[12-Jun-2026 00:43:53 UTC] Producto ID 7995 - Título: LAMPARA CORTA BLACK - Estado: 'sin_asignar' - Cantidad disponible: '59'
[12-Jun-2026 00:43:53 UTC]   ✅ Producto ID 7995 INCLUIDO (estado: 'sin_asignar' | stock disponible: 59)
[12-Jun-2026 00:43:53 UTC] Producto ID 7996 - Título: LAMPARA CORTA WHITE - Estado: 'asignado' - Cantidad disponible: '0'
[12-Jun-2026 00:43:53 UTC]   ❌ Producto ID 7996 EXCLUIDO (estado: 'asignado' | stock disponible: 0)
[12-Jun-2026 00:43:53 UTC] Producto ID 7982 - Título: LAMPARA GOLD LARGA - Estado: 'asignado' - Cantidad disponible: '0'
[12-Jun-2026 00:43:53 UTC]   ❌ Producto ID 7982 EXCLUIDO (estado: 'asignado' | stock disponible: 0)
[12-Jun-2026 00:43:53 UTC] Producto ID 7991 - Título: LAMPARA LARGA SILVER - Estado: 'asignado' - Cantidad disponible: '0'
[12-Jun-2026 00:43:53 UTC]   ❌ Producto ID 7991 EXCLUIDO (estado: 'asignado' | stock disponible: 0)
[12-Jun-2026 00:43:53 UTC] Producto ID 7992 - Título: LAMPARA LARGA WHITE - Estado: 'asignado' - Cantidad disponible: '1'
[12-Jun-2026 00:43:53 UTC]   ✅ Producto ID 7992 INCLUIDO (estado: 'asignado' | stock disponible: 1)
[12-Jun-2026 00:43:53 UTC] Producto ID 24829 - Título: LAMPARA ROSE GOLD LARGA - Estado: 'asignado' - Cantidad disponible: '0'
[12-Jun-2026 00:43:53 UTC]   ❌ Producto ID 24829 EXCLUIDO (estado: 'asignado' | stock disponible: 0)
[12-Jun-2026 00:43:53 UTC] Producto ID 26598 - Título: MAGNET CUBE ZONE 100 PIEZAS - Estado: 'asignado' - Cantidad disponible: '0'
[12-Jun-2026 00:43:53 UTC]   ❌ Producto ID 26598 EXCLUIDO (estado: 'asignado' | stock disponible: 0)
[12-Jun-2026 00:43:53 UTC] Producto ID 28802 - Título: MAGNET CUBE ZONE 80 PIEZAS - Estado: 'asignado' - Cantidad disponible: '0'
[12-Jun-2026 00:43:53 UTC]   ❌ Producto ID 28802 EXCLUIDO (estado: 'asignado' | stock disponible: 0)
[12-Jun-2026 00:43:53 UTC] Producto ID 26588 - Título: MEDINAIL SPRAY - Estado: 'sin_asignar' - Cantidad disponible: '4'
[12-Jun-2026 00:43:53 UTC]   ✅ Producto ID 26588 INCLUIDO (estado: 'sin_asignar' | stock disponible: 4)
[12-Jun-2026 00:43:53 UTC] Producto ID 9098 - Título: NAD RESVERATROL - Estado: 'sin_asignar' - Cantidad disponible: '50'
[12-Jun-2026 00:43:53 UTC]   ✅ Producto ID 9098 INCLUIDO (estado: 'sin_asignar' | stock disponible: 50)
[12-Jun-2026 00:43:53 UTC] Producto ID 28745 - Título: NEGRO MAGICO - Estado: 'sin_asignar' - Cantidad disponible: '5'
[12-Jun-2026 00:43:53 UTC]   ✅ Producto ID 28745 INCLUIDO (estado: 'sin_asignar' | stock disponible: 5)
[12-Jun-2026 00:43:53 UTC] Producto ID 28748 - Título: NOURKRIN - Estado: 'sin_asignar' - Cantidad disponible: '2'
[12-Jun-2026 00:43:53 UTC]   ✅ Producto ID 28748 INCLUIDO (estado: 'sin_asignar' | stock disponible: 2)
[12-Jun-2026 00:43:53 UTC] Producto ID 26581 - Título: PAÑOS DE TELA - Estado: 'sin_asignar' - Cantidad disponible: '19'
[12-Jun-2026 00:43:53 UTC]   ✅ Producto ID 26581 INCLUIDO (estado: 'sin_asignar' | stock disponible: 19)
[12-Jun-2026 00:43:53 UTC] Producto ID 23119 - Título: PARLANTE ALEXA - Estado: 'sin_asignar' - Cantidad disponible: '3'
[12-Jun-2026 00:43:53 UTC]   ✅ Producto ID 23119 INCLUIDO (estado: 'sin_asignar' | stock disponible: 3)
[12-Jun-2026 00:43:53 UTC] Producto ID 6914 - Título: PARLANTE ALEXA - Estado: 'sin_asignar' - Cantidad disponible: '4'
[12-Jun-2026 00:43:53 UTC]   ✅ Producto ID 6914 INCLUIDO (estado: 'sin_asignar' | stock disponible: 4)
[12-Jun-2026 00:43:53 UTC] Producto ID 24382 - Título: PARLANTE ALEXA - Estado: 'sin_asignar' - Cantidad disponible: '1'
[12-Jun-2026 00:43:53 UTC]   ✅ Producto ID 24382 INCLUIDO (estado: 'sin_asignar' | stock disponible: 1)
[12-Jun-2026 00:43:53 UTC] Producto ID 24380 - Título: PARLANTE ALEXA - Estado: 'asignado' - Cantidad disponible: '2'
[12-Jun-2026 00:43:53 UTC]   ✅ Producto ID 24380 INCLUIDO (estado: 'asignado' | stock disponible: 2)
[12-Jun-2026 00:43:53 UTC] Producto ID 26583 - Título: PROTECTOR ULTRA WAX - Estado: 'sin_asignar' - Cantidad disponible: '6'
[12-Jun-2026 00:43:53 UTC]   ✅ Producto ID 26583 INCLUIDO (estado: 'sin_asignar' | stock disponible: 6)
[12-Jun-2026 00:43:53 UTC] Producto ID 30217 - Título: PULIMAX - Estado: 'sin_asignar' - Cantidad disponible: '12'
[12-Jun-2026 00:43:53 UTC]   ✅ Producto ID 30217 INCLUIDO (estado: 'sin_asignar' | stock disponible: 12)
[12-Jun-2026 00:43:53 UTC] Producto ID 6879 - Título: SHAMPOO - Estado: 'sin_asignar' - Cantidad disponible: '9'
[12-Jun-2026 00:43:53 UTC]   ✅ Producto ID 6879 INCLUIDO (estado: 'sin_asignar' | stock disponible: 9)
[12-Jun-2026 00:43:53 UTC] Producto ID 24821 - Título: SPRAY DEPILATORIO - Estado: 'sin_asignar' - Cantidad disponible: '25'
[12-Jun-2026 00:43:53 UTC]   ✅ Producto ID 24821 INCLUIDO (estado: 'sin_asignar' | stock disponible: 25)
[12-Jun-2026 00:43:53 UTC] Producto ID 28704 - Título: TAPIZ CLEAN - Estado: 'sin_asignar' - Cantidad disponible: '4'
[12-Jun-2026 00:43:53 UTC]   ✅ Producto ID 28704 INCLUIDO (estado: 'sin_asignar' | stock disponible: 4)
[12-Jun-2026 00:43:53 UTC] Producto ID 9096 - Título: ULTRA PURE - Estado: 'sin_asignar' - Cantidad disponible: '1'
[12-Jun-2026 00:43:53 UTC]   ✅ Producto ID 9096 INCLUIDO (estado: 'sin_asignar' | stock disponible: 1)
[12-Jun-2026 00:43:53 UTC] Producto ID 26589 - Título: WART REMOVER - Estado: 'sin_asignar' - Cantidad disponible: '4'
[12-Jun-2026 00:43:53 UTC]   ✅ Producto ID 26589 INCLUIDO (estado: 'sin_asignar' | stock disponible: 4)
[12-Jun-2026 00:43:53 UTC] Producto ID 26931 - Título: Zapatillas - Estado: 'sin_asignar' - Cantidad disponible: '30'
[12-Jun-2026 00:43:53 UTC]   ✅ Producto ID 26931 INCLUIDO (estado: 'sin_asignar' | stock disponible: 30)
[12-Jun-2026 00:43:53 UTC] Total productos disponibles después del filtro: 43
[12-Jun-2026 00:43:53 UTC] Producto seleccionado: ninguno
[12-Jun-2026 00:43:53 UTC] ⏳ Iniciando renderizado HTML...
[12-Jun-2026 00:43:53 UTC] Renderizando option para producto ID 30209
[12-Jun-2026 00:43:53 UTC] Renderizando option para producto ID 26620
[12-Jun-2026 00:43:53 UTC] Renderizando option para producto ID 21990
[12-Jun-2026 00:43:53 UTC] Renderizando option para producto ID 29959
[12-Jun-2026 00:43:53 UTC] Renderizando option para producto ID 21993
[12-Jun-2026 00:43:53 UTC] Renderizando option para producto ID 21994
[12-Jun-2026 00:43:53 UTC] Renderizando option para producto ID 30212
[12-Jun-2026 00:43:53 UTC] Renderizando option para producto ID 20301
[12-Jun-2026 00:43:53 UTC] Renderizando option para producto ID 20313
[12-Jun-2026 00:43:53 UTC] Renderizando option para producto ID 20311
[12-Jun-2026 00:43:53 UTC] Renderizando option para producto ID 26593
[12-Jun-2026 00:43:53 UTC] Renderizando option para producto ID 24815
[12-Jun-2026 00:43:53 UTC] Renderizando option para producto ID 7959
[12-Jun-2026 00:43:53 UTC] Renderizando option para producto ID 7958
[12-Jun-2026 00:43:53 UTC] Renderizando option para producto ID 7955
[12-Jun-2026 00:43:53 UTC] Renderizando option para producto ID 7949
[12-Jun-2026 00:43:53 UTC] Renderizando option para producto ID 7956
[12-Jun-2026 00:43:53 UTC] Renderizando option para producto ID 26630
[12-Jun-2026 00:43:53 UTC] Renderizando option para producto ID 9095
[12-Jun-2026 00:43:53 UTC] Renderizando option para producto ID 7960
[12-Jun-2026 00:43:53 UTC] Renderizando option para producto ID 7981
[12-Jun-2026 00:43:53 UTC] Renderizando option para producto ID 21989
[12-Jun-2026 00:43:53 UTC] Renderizando option para producto ID 21998
[12-Jun-2026 00:43:53 UTC] Renderizando option para producto ID 30316
[12-Jun-2026 00:43:53 UTC] Renderizando option para producto ID 7995
[12-Jun-2026 00:43:53 UTC] Renderizando option para producto ID 7992
[12-Jun-2026 00:43:53 UTC] Renderizando option para producto ID 26588
[12-Jun-2026 00:43:53 UTC] Renderizando option para producto ID 9098
[12-Jun-2026 00:43:53 UTC] Renderizando option para producto ID 28745
[12-Jun-2026 00:43:53 UTC] Renderizando option para producto ID 28748
[12-Jun-2026 00:43:53 UTC] Renderizando option para producto ID 26581
[12-Jun-2026 00:43:53 UTC] Renderizando option para producto ID 23119
[12-Jun-2026 00:43:53 UTC] Renderizando option para producto ID 6914
[12-Jun-2026 00:43:53 UTC] Renderizando option para producto ID 24382
[12-Jun-2026 00:43:53 UTC] Renderizando option para producto ID 24380
[12-Jun-2026 00:43:53 UTC] Renderizando option para producto ID 26583
[12-Jun-2026 00:43:53 UTC] Renderizando option para producto ID 30217
[12-Jun-2026 00:43:53 UTC] Renderizando option para producto ID 6879
[12-Jun-2026 00:43:53 UTC] Renderizando option para producto ID 24821
[12-Jun-2026 00:43:53 UTC] Renderizando option para producto ID 28704
[12-Jun-2026 00:43:53 UTC] Renderizando option para producto ID 9096
[12-Jun-2026 00:43:53 UTC] Renderizando option para producto ID 26589
[12-Jun-2026 00:43:53 UTC] Renderizando option para producto ID 26931
[12-Jun-2026 00:43:53 UTC] ✅ HTML renderizado - Longitud: 20635 caracteres
[12-Jun-2026 00:43:53 UTC] === FIN SELECTOR PRODUCTOS ===
[12-Jun-2026 00:43:53 UTC] 🔔 [MERC_LOG] Inicializado logger diario: /var/www/html/wp-content/merc_logs/merc-debug-2026-06-12.log
[12-Jun-2026 00:43:53 UTC] 🔔 [MERC_LOG] Inicializado logger diario: /var/www/html/wp-content/merc_logs/merc-debug-2026-06-12.log
[12-Jun-2026 00:43:53 UTC] 🔔 [MERC_LOG] Inicializado logger diario: /var/www/html/wp-content/merc_logs/merc-debug-2026-06-12.log
[12-Jun-2026 00:43:53 UTC] 🔔 [MERC_LOG] Inicializado logger diario: /var/www/html/wp-content/merc_logs/merc-debug-2026-06-12.log
[12-Jun-2026 00:43:53 UTC] 🔔 [MERC_LOG] Inicializado logger diario: /var/www/html/wp-content/merc_logs/merc-debug-2026-06-12.log
[12-Jun-2026 00:43:53 UTC] MERC_POD_DEBUG - shipmentID= context=syncMonto methods_count=0
[12-Jun-2026 00:43:54 UTC] MERC_POD_DEBUG - shipmentID= context=syncMonto methods_count=0
[12-Jun-2026 00:43:54 UTC] 🔄 [RESETEO DIARIO] Usuario 109 | Fecha: 2026-06-11
[12-Jun-2026 00:43:54 UTC] 🔍 [AJAX] Consultando desbloqueo parcial para FULL FITMENT
[12-Jun-2026 00:43:54 UTC]    Meta key: merc_desbloqueo_parcial_FULL FITMENT
[12-Jun-2026 00:43:54 UTC]    Unlock info: ""
[12-Jun-2026 00:43:54 UTC]    Force date: 
[12-Jun-2026 00:43:54 UTC] 🔔 [MERC_LOG] Inicializado logger diario: /var/www/html/wp-content/merc_logs/merc-debug-2026-06-12.log
[12-Jun-2026 00:43:54 UTC] MERC_POD_DEBUG - shipmentID= context=syncMonto methods_count=0
[12-Jun-2026 00:43:54 UTC] 🔔 [MERC_LOG] Inicializado logger diario: /var/www/html/wp-content/merc_logs/merc-debug-2026-06-12.log
[12-Jun-2026 00:43:54 UTC] 🔔 [MERC_LOG] Inicializado logger diario: /var/www/html/wp-content/merc_logs/merc-debug-2026-06-12.log
[12-Jun-2026 00:43:54 UTC] 🔔 [MERC_LOG] Inicializado logger diario: /var/www/html/wp-content/merc_logs/merc-debug-2026-06-12.log
[12-Jun-2026 00:43:54 UTC] 🔔 [MERC_LOG] Inicializado logger diario: /var/www/html/wp-content/merc_logs/merc-debug-2026-06-12.log
[12-Jun-2026 00:43:54 UTC] 🔔 [MERC_LOG] Inicializado logger diario: /var/www/html/wp-content/merc_logs/merc-debug-2026-06-12.log
[12-Jun-2026 00:43:54 UTC] 🔔 [MERC_LOG] Inicializado logger diario: /var/www/html/wp-content/merc_logs/merc-debug-2026-06-12.log
[12-Jun-2026 00:43:54 UTC] MERC_POD_DEBUG - shipmentID= context=syncMonto methods_count=0
[12-Jun-2026 00:43:54 UTC] MERC_POD_DEBUG - shipmentID= context=syncMonto methods_count=0
[12-Jun-2026 00:43:54 UTC] 🔔 [MERC_LOG] Inicializado logger diario: /var/www/html/wp-content/merc_logs/merc-debug-2026-06-12.log
[12-Jun-2026 00:43:54 UTC] MERC_POD_DEBUG - shipmentID= context=syncMonto methods_count=0
[12-Jun-2026 00:43:54 UTC] MERC_POD_DEBUG - shipmentID= context=syncMonto methods_count=0
[12-Jun-2026 00:43:55 UTC] MERC_POD_DEBUG - shipmentID= context=syncMonto methods_count=0
[12-Jun-2026 00:43:55 UTC] 🔔 [MERC_LOG] Inicializado logger diario: /var/www/html/wp-content/merc_logs/merc-debug-2026-06-12.log
[12-Jun-2026 00:43:55 UTC] MERC_POD_DEBUG - shipmentID= context=syncMonto methods_count=0
[12-Jun-2026 00:43:55 UTC] 🔔 [MERC_LOG] Inicializado logger diario: /var/www/html/wp-content/merc_logs/merc-debug-2026-06-12.log
[12-Jun-2026 00:43:55 UTC] 🔔 [MERC_LOG] Inicializado logger diario: /var/www/html/wp-content/merc_logs/merc-debug-2026-06-12.log
[12-Jun-2026 00:43:55 UTC] 🔔 [MERC_LOG] Inicializado logger diario: /var/www/html/wp-content/merc_logs/merc-debug-2026-06-12.log
[12-Jun-2026 00:43:55 UTC] MERC_POD_DEBUG - shipmentID= context=syncMonto methods_count=0
[12-Jun-2026 00:43:55 UTC] 🔔 [MERC_LOG] Inicializado logger diario: /var/www/html/wp-content/merc_logs/merc-debug-2026-06-12.log
[12-Jun-2026 00:43:55 UTC] MERC_POD_DEBUG - shipmentID= context=syncMonto methods_count=0
[12-Jun-2026 00:43:55 UTC] MERC_POD_DEBUG - shipmentID= context=syncMonto methods_count=0
[12-Jun-2026 00:43:55 UTC] MERC_POD_DEBUG - shipmentID= context=syncMonto methods_count=0
[12-Jun-2026 00:43:55 UTC] MERC_POD_DEBUG - shipmentID= context=syncMonto methods_count=0
[12-Jun-2026 00:43:55 UTC] MERC_POD_DEBUG - shipmentID= context=syncMonto methods_count=0
[12-Jun-2026 00:44:07 UTC] 🔔 [MERC_LOG] Inicializado logger diario: /var/www/html/wp-content/merc_logs/merc-debug-2026-06-12.log
[12-Jun-2026 00:44:08 UTC] PHP Warning:  Undefined variable $tipo_vista in /var/www/html/wp-content/themes/blocksy-child/functions.php on line 7636
[12-Jun-2026 00:44:08 UTC] MERC_ADMIN_RESUMEN - date_query="AND EXISTS(
            SELECT 1 FROM wp_postmeta pm_pickup 
            WHERE pm_pickup.post_id = p.ID 
            AND pm_pickup.meta_key = 'wpcargo_pickup_date_picker'
            AND (
                STR_TO_DATE(pm_pickup.meta_value, '%d/%m/%Y') >= STR_TO_DATE('2026-06-11', '%Y-%m-%d')
                AND STR_TO_DATE(pm_pickup.meta_value, '%d/%m/%Y') <= STR_TO_DATE('2026-06-11', '%Y-%m-%d')
            )
        )"
[12-Jun-2026 00:44:08 UTC] MERC_ADMIN_RESUMEN - shipments_count=1
[12-Jun-2026 00:44:08 UTC] ═══════════════════════════════════════════════════════════
[12-Jun-2026 00:44:08 UTC] 🔍 MERC_ADMIN_DEBUG - INICIANDO CÁLCULOS DEL PANEL
[12-Jun-2026 00:44:08 UTC] ═══════════════════════════════════════════════════════════
[12-Jun-2026 00:44:08 UTC] 
[12-Jun-2026 00:44:08 UTC] ────────────────────────────────────────────────────────
[12-Jun-2026 00:44:08 UTC] 📦 SHIPMENT #31872
[12-Jun-2026 00:44:08 UTC]    Costo Envío: S/. 13.00
[12-Jun-2026 00:44:08 UTC]    Costo Producto: S/. 27.00
[12-Jun-2026 00:44:08 UTC]    Estado Motorizado: liquidado
[12-Jun-2026 00:44:08 UTC]    Estado Remitente (liquidado): VACÍO
[12-Jun-2026 00:44:08 UTC]    Quién Paga: remitente
[12-Jun-2026 00:44:08 UTC]    Estado Entrega: ENTREGADO
[12-Jun-2026 00:44:08 UTC]    ✅ SUMADO A TOTAL ENTREGADOS: S/. 27.00 (producto=27.00, Total: S/. 27.00)
[12-Jun-2026 00:44:08 UTC]    ✅ SUMADO A INGRESOS ENVÍOS: S/. 13.00 (Total: S/. 13.00)
[12-Jun-2026 00:44:08 UTC]    Cliente 517 - ¿Liquidación verificada? NO
[12-Jun-2026 00:44:08 UTC]    TOTALES ACUMULADOS: pago_merc=S/. 10.00, pos=S/. 12.35, pago_marca=S/. 10.00, servicio=S/. 13.00
[12-Jun-2026 00:44:08 UTC]    GET_PAYMENT_TOTALS: efectivo=S/. 7.00, pago_merc=S/. 10.00, pos=S/. 12.35, pago_marca=S/. 10.00, total=S/. 39.35
[12-Jun-2026 00:44:08 UTC]    Efectivo Total acumulado: S/. 7.00
[12-Jun-2026 00:44:08 UTC]    ✅ SUMADO A RECAUDADO_MERC: S/. 10.00 (Total: S/. 10.00)
[12-Jun-2026 00:44:08 UTC]    ✅ SUMADO A RECAUDADO_MARCA: S/. 10.00 (Total: S/. 10.00)
[12-Jun-2026 00:44:08 UTC]    ✅ SUMADO A POS_RECAUDADO: S/. 12.35 (Total: S/. 12.35)
[12-Jun-2026 00:44:08 UTC] 
[12-Jun-2026 00:44:08 UTC] ═══════════════════════════════════════════════════════════
[12-Jun-2026 00:44:08 UTC] 🔍 CÁLCULO DE "POR PAGAR REMITENTES" - FÓRMULA TOTAL GENERAL
[12-Jun-2026 00:44:08 UTC] ═══════════════════════════════════════════════════════════
[12-Jun-2026 00:44:08 UTC] RECAUDADO_MER (MER): S/. 10.00
[12-Jun-2026 00:44:08 UTC] EFECTIVO_TOTAL (MOTO): S/. 7.00
[12-Jun-2026 00:44:08 UTC] POS_RECAUDADO (POS): S/. 12.35
[12-Jun-2026 00:44:08 UTC] RECAUDADO_MARCA (MARCA): S/. 10.00
[12-Jun-2026 00:44:08 UTC] INGRESOS_ENVIOS (ENVIOS): S/. 13.00
[12-Jun-2026 00:44:08 UTC] ─────────────────────────────────────────────────────
[12-Jun-2026 00:44:08 UTC] por_pagar_rem = MER + MOTO + POS - MARCA - ENVIOS
[12-Jun-2026 00:44:08 UTC] por_pagar_rem = (10.00 + 7.00 + 12.35) - 10.00 - 13.00
[12-Jun-2026 00:44:08 UTC] por_pagar_rem = S/. 6.35
[12-Jun-2026 00:44:08 UTC] 
[12-Jun-2026 00:44:08 UTC] ═══════════════════════════════════════════════════════════
[12-Jun-2026 00:44:08 UTC] 📊 RESUMEN FINAL DE CÁLCULOS DEL PANEL ADMIN
[12-Jun-2026 00:44:08 UTC] ═══════════════════════════════════════════════════════════
[12-Jun-2026 00:44:08 UTC] Total Entregados: S/. 27.00 (TODOS los envíos entregados)
[12-Jun-2026 00:44:08 UTC] Ingresos por Envíos: S/. 13.00 (solo liquidados)
[12-Jun-2026 00:44:08 UTC] Efectivo Total: S/. 7.00
[12-Jun-2026 00:44:08 UTC] Recaudado por MERC: S/. 10.00
[12-Jun-2026 00:44:08 UTC] Recaudado por MARCA: S/. 10.00
[12-Jun-2026 00:44:08 UTC] Recaudado por POS: S/. 12.35
[12-Jun-2026 00:44:08 UTC] Por Pagar Remitentes: S/. 6.35
[12-Jun-2026 00:44:08 UTC] Penalidades del día: S/. 0.00
[12-Jun-2026 00:44:08 UTC] TOTAL GENERAL (Balance Neto): S/. 30.00
[12-Jun-2026 00:44:08 UTC] ═══════════════════════════════════════════════════════════
[12-Jun-2026 00:44:08 UTC] 
[12-Jun-2026 00:44:08 UTC] 🔍 [MERC_ADMIN_CARDS] drivers_sql: SELECT pm_entrega.meta_value AS driver_id, COUNT(DISTINCT p.ID) AS total_entregas FROM wp_posts p LEFT JOIN wp_postmeta pm_entrega ON p.ID = pm_entrega.post_id AND pm_entrega.meta_key = 'wpcargo_motorizo_entrega' WHERE p.post_type = 'wpcargo_shipment' AND p.post_status = 'publish' AND pm_entrega.meta_value IS NOT NULL AND EXISTS( SELECT 1 FROM wp_postmeta pm_pickup WHERE pm_pickup.post_id = p.ID AND pm_pickup.meta_key = 'wpcargo_pickup_date_picker' AND ( STR_TO_DATE(pm_pickup.meta_value, '%d/%m/%Y') >= STR_TO_DATE('2026-06-11', '%Y-%m-%d') AND STR_TO_DATE(pm_pickup.meta_value, '%d/%m/%Y') <= STR_TO_DATE('2026-06-11', '%Y-%m-%d') ) ) GROUP BY pm_entrega.meta_value ORDER BY total_entregas DESC
[12-Jun-2026 00:44:08 UTC] 🔍 [MERC_ADMIN_CARDS] sample_ids_count: 1
[12-Jun-2026 00:44:08 UTC] 🔍 [MERC_ADMIN_CARDS] sample shipment_id=31872 wpcargo_driver='190' wpcargo_motorizo_recojo='120'
[12-Jun-2026 00:44:08 UTC] 🔍 [MERC_ADMIN_CARDS] drivers_count: 1
[12-Jun-2026 00:44:09 UTC] 🔍 [MERC_ADMIN_CARDS] Motorizado ID: 190 | Envios encontrados: 1
[12-Jun-2026 00:44:09 UTC]    Shipment #31872 | pod_payment_methods(raw)=[{"metodo":"efectivo","monto":7},{"metodo":"pago_merc","monto":10,"imagen_id":31875,"imagen_url":"http://localhost:8081/wp-content/uploads/2026/06/metodo-pago-31872-1-1781183314.jpeg"},{"metodo":"pos","monto":12.35,"imagen_id":31876,"imagen_url":"http://localhost:8081/wp-content/uploads/2026/06/metodo-pago-31872-2-1781183314.jpeg","monto_original":13},{"metodo":"pago_marca","monto":10,"imagen_id":31877,"imagen_url":"http://localhost:8081/wp-content/uploads/2026/06/metodo-pago-31872-3-1781183314.jpeg"}], wpcargo_total_cobrar='40.00', otros_meta={"monto":"40.00"}
[12-Jun-2026 00:44:09 UTC]    Shipment #31872 | Totales: efectivo=7, pago_merc=10, pago_marca=10, pos=12.35, total=39.35
[12-Jun-2026 00:44:09 UTC]    Totales del motorizado: Total=39.35, Efectivo=7, MERC=10, MARCA=10, POS=12.35
[12-Jun-2026 00:44:09 UTC] 🔔 [MERC_LOG] Inicializado logger diario: /var/www/html/wp-content/merc_logs/merc-debug-2026-06-12.log
[12-Jun-2026 00:44:15 UTC] 🔔 [MERC_LOG] Inicializado logger diario: /var/www/html/wp-content/merc_logs/merc-debug-2026-06-12.log
[12-Jun-2026 00:44:18 UTC] 🔔 [MERC_LOG] Inicializado logger diario: /var/www/html/wp-content/merc_logs/merc-debug-2026-06-12.log
[12-Jun-2026 00:44:20 UTC] 🔔 [MERC_LOG] Inicializado logger diario: /var/www/html/wp-content/merc_logs/merc-debug-2026-06-12.log
[12-Jun-2026 00:44:21 UTC] 📝 [EDIT_FORM_LOAD] Envío #3527 | Tipo:  | Costo envío: 0
[12-Jun-2026 00:44:21 UTC] ⚠️ Tipo de envío no es full_fitment, saltando selector de productos
[12-Jun-2026 00:44:21 UTC] 🔔 [MERC_LOG] Inicializado logger diario: /var/www/html/wp-content/merc_logs/merc-debug-2026-06-12.log
[12-Jun-2026 00:44:21 UTC] 🔔 [MERC_LOG] Inicializado logger diario: /var/www/html/wp-content/merc_logs/merc-debug-2026-06-12.log
[12-Jun-2026 00:44:21 UTC] 🔔 [MERC_LOG] Inicializado logger diario: /var/www/html/wp-content/merc_logs/merc-debug-2026-06-12.log
[12-Jun-2026 00:44:21 UTC] 🔔 [MERC_LOG] Inicializado logger diario: /var/www/html/wp-content/merc_logs/merc-debug-2026-06-12.log
[12-Jun-2026 00:44:21 UTC] 🔔 [MERC_LOG] Inicializado logger diario: /var/www/html/wp-content/merc_logs/merc-debug-2026-06-12.log
[12-Jun-2026 00:44:21 UTC] 🔄 [RESETEO DIARIO] Usuario 109 | Fecha: 2026-06-11
[12-Jun-2026 00:44:21 UTC] MERC_POD_DEBUG - shipmentID= context=syncMonto methods_count=0
[12-Jun-2026 00:44:21 UTC] MERC_POD_DEBUG - shipmentID= context=syncMonto methods_count=0
[12-Jun-2026 00:44:21 UTC] 🔍 [AJAX] Consultando desbloqueo parcial para NORMAL
[12-Jun-2026 00:44:21 UTC]    Meta key: merc_desbloqueo_parcial_NORMAL
[12-Jun-2026 00:44:21 UTC]    Unlock info: ""
[12-Jun-2026 00:44:21 UTC]    Force date: 
[12-Jun-2026 00:44:22 UTC] 🔔 [MERC_LOG] Inicializado logger diario: /var/www/html/wp-content/merc_logs/merc-debug-2026-06-12.log
[12-Jun-2026 00:44:22 UTC] 🔔 [MERC_LOG] Inicializado logger diario: /var/www/html/wp-content/merc_logs/merc-debug-2026-06-12.log
[12-Jun-2026 00:44:22 UTC] 🔔 [MERC_LOG] Inicializado logger diario: /var/www/html/wp-content/merc_logs/merc-debug-2026-06-12.log
[12-Jun-2026 00:44:22 UTC] 🔔 [MERC_LOG] Inicializado logger diario: /var/www/html/wp-content/merc_logs/merc-debug-2026-06-12.log
[12-Jun-2026 00:44:22 UTC] 🔔 [MERC_LOG] Inicializado logger diario: /var/www/html/wp-content/merc_logs/merc-debug-2026-06-12.log
[12-Jun-2026 00:44:22 UTC] 🔔 [MERC_LOG] Inicializado logger diario: /var/www/html/wp-content/merc_logs/merc-debug-2026-06-12.log
[12-Jun-2026 00:44:22 UTC] MERC_POD_DEBUG - shipmentID= context=syncMonto methods_count=0
[12-Jun-2026 00:44:22 UTC] 🔔 [MERC_LOG] Inicializado logger diario: /var/www/html/wp-content/merc_logs/merc-debug-2026-06-12.log
[12-Jun-2026 00:44:22 UTC] MERC_POD_DEBUG - shipmentID= context=syncMonto methods_count=0
[12-Jun-2026 00:44:22 UTC] MERC_POD_DEBUG - shipmentID= context=syncMonto methods_count=0
[12-Jun-2026 00:44:22 UTC] MERC_POD_DEBUG - shipmentID= context=syncMonto methods_count=0
[12-Jun-2026 00:44:22 UTC] MERC_POD_DEBUG - shipmentID= context=syncMonto methods_count=0
[12-Jun-2026 00:44:22 UTC] MERC_POD_DEBUG - shipmentID= context=syncMonto methods_count=0
[12-Jun-2026 00:44:22 UTC] 🔔 [MERC_LOG] Inicializado logger diario: /var/www/html/wp-content/merc_logs/merc-debug-2026-06-12.log
[12-Jun-2026 00:44:22 UTC] 🔔 [MERC_LOG] Inicializado logger diario: /var/www/html/wp-content/merc_logs/merc-debug-2026-06-12.log
[12-Jun-2026 00:44:22 UTC] 🔔 [MERC_LOG] Inicializado logger diario: /var/www/html/wp-content/merc_logs/merc-debug-2026-06-12.log
[12-Jun-2026 00:44:22 UTC] MERC_POD_DEBUG - shipmentID= context=syncMonto methods_count=0
[12-Jun-2026 00:44:22 UTC] 🔔 [MERC_LOG] Inicializado logger diario: /var/www/html/wp-content/merc_logs/merc-debug-2026-06-12.log
[12-Jun-2026 00:44:22 UTC] 🔔 [MERC_LOG] Inicializado logger diario: /var/www/html/wp-content/merc_logs/merc-debug-2026-06-12.log
[12-Jun-2026 00:44:22 UTC] MERC_POD_DEBUG - shipmentID= context=syncMonto methods_count=0
[12-Jun-2026 00:44:23 UTC] MERC_POD_DEBUG - shipmentID= context=syncMonto methods_count=0
[12-Jun-2026 00:44:23 UTC] MERC_POD_DEBUG - shipmentID= context=syncMonto methods_count=0
[12-Jun-2026 00:44:23 UTC] MERC_POD_DEBUG - shipmentID= context=syncMonto methods_count=0
[12-Jun-2026 00:44:23 UTC] 🔔 [MERC_LOG] Inicializado logger diario: /var/www/html/wp-content/merc_logs/merc-debug-2026-06-12.log
[12-Jun-2026 00:44:23 UTC] MERC_POD_DEBUG - shipmentID= context=syncMonto methods_count=0
[12-Jun-2026 00:44:35 UTC] 🔔 [MERC_LOG] Inicializado logger diario: /var/www/html/wp-content/merc_logs/merc-debug-2026-06-12.log
[12-Jun-2026 00:44:37 UTC] 🔵 [FILTER] filter_shipment_by_date_and_tiendaname llamado
[12-Jun-2026 00:44:37 UTC] 🔵 [FILTER] Usuario actual: 109
[12-Jun-2026 00:44:37 UTC] 🔵 [FILTER] Args iniciales: {"post_type":"wpcargo_shipment","post_status":"publish","posts_per_page":"500","paged":1,"s":"","meta_query":{"relation":"AND","0":[]}}
[12-Jun-2026 00:44:37 UTC] 🔵 [FILTER] GET params: Array
(
)

[12-Jun-2026 00:44:37 UTC] 🔵 [FILTER] Sin parámetros de fecha, aplicando HOY por defecto: 2026-06-11
[12-Jun-2026 00:44:37 UTC] 🔵 [FILTER] Fecha desde: '2026-06-11' | Fecha hasta: '2026-06-11'
[12-Jun-2026 00:44:37 UTC] 🔵 [FILTER] has_from: true | has_to: true
[12-Jun-2026 00:44:37 UTC] 🔵 [FILTER] SQL Query: 
            SELECT DISTINCT p.ID 
            FROM wp_posts p
            INNER JOIN wp_postmeta pm ON p.ID = pm.post_id
            WHERE p.post_type = 'wpcargo_shipment'
            AND pm.meta_key IN ('wpcargo_pickup_date_picker', 'wpcargo_pickup_date', 'calendarenvio', 'wpcargo_fecha_envio')
            AND (STR_TO_DATE(pm.meta_value, '%d/%m/%Y') >= STR_TO_DATE('2026-06-11', '%Y-%m-%d') AND STR_TO_DATE(pm.meta_value, '%d/%m/%Y') <= STR_TO_DATE('2026-06-11', '%Y-%m-%d'))
        
[12-Jun-2026 00:44:37 UTC] 🔵 [FILTER] IDs encontrados por fecha: 2
[12-Jun-2026 00:44:37 UTC] 🔵 [FILTER] Primeros 10 IDs: 31872, 31878
[12-Jun-2026 00:44:37 UTC] 🔵 [FILTER] post__in no existe, creando nuevo
[12-Jun-2026 00:44:37 UTC] 🔵 [FILTER] post_status cambiado a array para incluir estados normales (EXCLUYENDO trash)
[12-Jun-2026 00:44:37 UTC] 🔵 [FILTER] Args finales: {"post_type":"wpcargo_shipment","post_status":["publish","draft","pending","private"],"posts_per_page":"500","paged":1,"s":"","meta_query":{"relation":"AND","0":[]},"post__in":["31872","31878"]}
[12-Jun-2026 00:44:37 UTC] 🔔 [MERC_LOG] Inicializado logger diario: /var/www/html/wp-content/merc_logs/merc-debug-2026-06-12.log
[12-Jun-2026 00:44:38 UTC] 🔔 [MERC_LOG] Inicializado logger diario: /var/www/html/wp-content/merc_logs/merc-debug-2026-06-12.log
[12-Jun-2026 00:44:38 UTC] 🔔 [MERC_LOG] Inicializado logger diario: /var/www/html/wp-content/merc_logs/merc-debug-2026-06-12.log
[12-Jun-2026 00:44:40 UTC] 🔔 [MERC_LOG] Inicializado logger diario: /var/www/html/wp-content/merc_logs/merc-debug-2026-06-12.log
[12-Jun-2026 00:44:43 UTC] 🔔 [MERC_LOG] Inicializado logger diario: /var/www/html/wp-content/merc_logs/merc-debug-2026-06-12.log
[12-Jun-2026 00:44:46 UTC] 🔔 [MERC_LOG] Inicializado logger diario: /var/www/html/wp-content/merc_logs/merc-debug-2026-06-12.log
[12-Jun-2026 00:44:50 UTC] 🔔 [MERC_LOG] Inicializado logger diario: /var/www/html/wp-content/merc_logs/merc-debug-2026-06-12.log
[12-Jun-2026 00:44:51 UTC] PHP Deprecated:  Automatic conversion of false to array is deprecated in /var/www/html/wp-content/plugins/elementor/includes/api.php on line 176
[12-Jun-2026 00:44:54 UTC] [Elementor Atomic Widgets] [WARNING] Migrations manifest not found | Context: {"path":"https://migrations.elementor.com/manifest.json"}
[12-Jun-2026 00:44:54 UTC] PHP Deprecated:  Automatic conversion of false to array is deprecated in /var/www/html/wp-content/plugins/elementor/includes/api.php on line 176
[12-Jun-2026 00:44:58 UTC] [Elementor Atomic Widgets] [WARNING] Migrations manifest not found | Context: {"path":"https://migrations.elementor.com/manifest.json"}
[12-Jun-2026 00:44:58 UTC] PHP Deprecated:  Automatic conversion of false to array is deprecated in /var/www/html/wp-content/plugins/elementor/includes/api.php on line 176
[12-Jun-2026 00:44:59 UTC] 🔔 [MERC_LOG] Inicializado logger diario: /var/www/html/wp-content/merc_logs/merc-debug-2026-06-12.log
[12-Jun-2026 00:45:01 UTC] [Elementor Atomic Widgets] [WARNING] Migrations manifest not found | Context: {"path":"https://migrations.elementor.com/manifest.json"}
[12-Jun-2026 00:45:07 UTC] PHP Deprecated:  Automatic conversion of false to array is deprecated in /var/www/html/wp-content/plugins/elementor/includes/api.php on line 176
[12-Jun-2026 00:45:10 UTC] [Elementor Atomic Widgets] [WARNING] Migrations manifest not found | Context: {"path":"https://migrations.elementor.com/manifest.json"}
[12-Jun-2026 00:45:10 UTC] 📝 [EDIT_FORM_LOAD] Envío #3527 | Tipo:  | Costo envío: 0
[12-Jun-2026 00:45:10 UTC] 📦 === INICIO SELECTOR PRODUCTOS ===
[12-Jun-2026 00:45:10 UTC] Shipment ID: 0
[12-Jun-2026 00:45:10 UTC] Hook actual: after_wpcfe_shipment_form_fields
[12-Jun-2026 00:45:10 UTC] Total productos encontrados para usuario #109: 49
[12-Jun-2026 00:45:10 UTC] Producto ID 30209 - Título: AROMATIZADOR - Estado: 'sin_asignar' - Cantidad disponible: '4'
[12-Jun-2026 00:45:10 UTC]   ✅ Producto ID 30209 INCLUIDO (estado: 'sin_asignar' | stock disponible: 4)
[12-Jun-2026 00:45:10 UTC] Producto ID 26620 - Título: BANGOVER LEVANTATE LAZARO - Estado: 'sin_asignar' - Cantidad disponible: '2'
[12-Jun-2026 00:45:10 UTC]   ✅ Producto ID 26620 INCLUIDO (estado: 'sin_asignar' | stock disponible: 2)
[12-Jun-2026 00:45:10 UTC] Producto ID 21990 - Título: BLOQUEADOR COLLAGE A - Estado: 'asignado' - Cantidad disponible: '2'
[12-Jun-2026 00:45:10 UTC]   ✅ Producto ID 21990 INCLUIDO (estado: 'asignado' | stock disponible: 2)
[12-Jun-2026 00:45:10 UTC] Producto ID 29959 - Título: BLOQUEADOR COLLAGE B - Estado: 'sin_asignar' - Cantidad disponible: '1'
[12-Jun-2026 00:45:10 UTC]   ✅ Producto ID 29959 INCLUIDO (estado: 'sin_asignar' | stock disponible: 1)
[12-Jun-2026 00:45:10 UTC] Producto ID 21993 - Título: BLOQUEADOR CURCUMA A - Estado: 'sin_asignar' - Cantidad disponible: '2'
[12-Jun-2026 00:45:10 UTC]   ✅ Producto ID 21993 INCLUIDO (estado: 'sin_asignar' | stock disponible: 2)
[12-Jun-2026 00:45:10 UTC] Producto ID 21994 - Título: BLOQUEADOR CURCUMA B - Estado: 'sin_asignar' - Cantidad disponible: '2'
[12-Jun-2026 00:45:10 UTC]   ✅ Producto ID 21994 INCLUIDO (estado: 'sin_asignar' | stock disponible: 2)
[12-Jun-2026 00:45:10 UTC] Producto ID 30212 - Título: BRILLA MAS - Estado: 'sin_asignar' - Cantidad disponible: '2'
[12-Jun-2026 00:45:10 UTC]   ✅ Producto ID 30212 INCLUIDO (estado: 'sin_asignar' | stock disponible: 2)
[12-Jun-2026 00:45:10 UTC] Producto ID 20301 - Título: CACAO EN POLVO - Estado: 'asignado' - Cantidad disponible: '6'
[12-Jun-2026 00:45:10 UTC]   ✅ Producto ID 20301 INCLUIDO (estado: 'asignado' | stock disponible: 6)
[12-Jun-2026 00:45:10 UTC] Producto ID 20313 - Título: CACAO EN POLVO - Estado: 'sin_asignar' - Cantidad disponible: '1'
[12-Jun-2026 00:45:10 UTC]   ✅ Producto ID 20313 INCLUIDO (estado: 'sin_asignar' | stock disponible: 1)
[12-Jun-2026 00:45:10 UTC] Producto ID 20311 - Título: CAFE EN POLVO - Estado: 'sin_asignar' - Cantidad disponible: '8'
[12-Jun-2026 00:45:10 UTC]   ✅ Producto ID 20311 INCLUIDO (estado: 'sin_asignar' | stock disponible: 8)
[12-Jun-2026 00:45:10 UTC] Producto ID 26593 - Título: CANDIDA CLEANSE - Estado: 'sin_asignar' - Cantidad disponible: '4'
[12-Jun-2026 00:45:10 UTC]   ✅ Producto ID 26593 INCLUIDO (estado: 'sin_asignar' | stock disponible: 4)
[12-Jun-2026 00:45:10 UTC] Producto ID 24815 - Título: CREMA HIDRATANTE - Estado: 'sin_asignar' - Cantidad disponible: '2'
[12-Jun-2026 00:45:10 UTC]   ✅ Producto ID 24815 INCLUIDO (estado: 'sin_asignar' | stock disponible: 2)
[12-Jun-2026 00:45:10 UTC] Producto ID 7959 - Título: CREMA RETINOL - Estado: 'sin_asignar' - Cantidad disponible: '3'
[12-Jun-2026 00:45:10 UTC]   ✅ Producto ID 7959 INCLUIDO (estado: 'sin_asignar' | stock disponible: 3)
[12-Jun-2026 00:45:10 UTC] Producto ID 7958 - Título: CREMA ROREC - Estado: 'sin_asignar' - Cantidad disponible: '2'
[12-Jun-2026 00:45:10 UTC]   ✅ Producto ID 7958 INCLUIDO (estado: 'sin_asignar' | stock disponible: 2)
[12-Jun-2026 00:45:10 UTC] Producto ID 7955 - Título: DESPIGMENTANTE DE LABIOS - Estado: 'sin_asignar' - Cantidad disponible: '1'
[12-Jun-2026 00:45:10 UTC]   ✅ Producto ID 7955 INCLUIDO (estado: 'sin_asignar' | stock disponible: 1)
[12-Jun-2026 00:45:10 UTC] Producto ID 7949 - Título: EXFOLIANTE DE ARROZ - Estado: 'sin_asignar' - Cantidad disponible: '37'
[12-Jun-2026 00:45:10 UTC]   ✅ Producto ID 7949 INCLUIDO (estado: 'sin_asignar' | stock disponible: 37)
[12-Jun-2026 00:45:10 UTC] Producto ID 7956 - Título: EXFOLIANTE GEL - Estado: 'sin_asignar' - Cantidad disponible: '1'
[12-Jun-2026 00:45:10 UTC]   ✅ Producto ID 7956 INCLUIDO (estado: 'sin_asignar' | stock disponible: 1)
[12-Jun-2026 00:45:10 UTC] Producto ID 26630 - Título: HAIR GROWTH - Estado: 'sin_asignar' - Cantidad disponible: '188'
[12-Jun-2026 00:45:10 UTC]   ✅ Producto ID 26630 INCLUIDO (estado: 'sin_asignar' | stock disponible: 188)
[12-Jun-2026 00:45:10 UTC] Producto ID 9095 - Título: HERBALS & HEALTH - Estado: 'sin_asignar' - Cantidad disponible: '2'
[12-Jun-2026 00:45:10 UTC]   ✅ Producto ID 9095 INCLUIDO (estado: 'sin_asignar' | stock disponible: 2)
[12-Jun-2026 00:45:10 UTC] Producto ID 7960 - Título: HUMECTANTE SAKURA - Estado: 'sin_asignar' - Cantidad disponible: '8'
[12-Jun-2026 00:45:10 UTC]   ✅ Producto ID 7960 INCLUIDO (estado: 'sin_asignar' | stock disponible: 8)
[12-Jun-2026 00:45:10 UTC] Producto ID 7981 - Título: INFLADORES - Estado: 'sin_asignar' - Cantidad disponible: '57'
[12-Jun-2026 00:45:10 UTC]   ✅ Producto ID 7981 INCLUIDO (estado: 'sin_asignar' | stock disponible: 57)
[12-Jun-2026 00:45:10 UTC] Producto ID 21989 - Título: jjjjjjjjj - Estado: 'sin_asignar' - Cantidad disponible: '45'
[12-Jun-2026 00:45:10 UTC]   ✅ Producto ID 21989 INCLUIDO (estado: 'sin_asignar' | stock disponible: 45)
[12-Jun-2026 00:45:10 UTC] Producto ID 21998 - Título: LABIAL MAGICO - Estado: 'sin_asignar' - Cantidad disponible: '1'
[12-Jun-2026 00:45:10 UTC]   ✅ Producto ID 21998 INCLUIDO (estado: 'sin_asignar' | stock disponible: 1)
[12-Jun-2026 00:45:10 UTC] Producto ID 30316 - Título: LAMPARA BLACK LARGA - Estado: 'sin_asignar' - Cantidad disponible: '3'
[12-Jun-2026 00:45:10 UTC]   ✅ Producto ID 30316 INCLUIDO (estado: 'sin_asignar' | stock disponible: 3)
[12-Jun-2026 00:45:10 UTC] Producto ID 7995 - Título: LAMPARA CORTA BLACK - Estado: 'sin_asignar' - Cantidad disponible: '59'
[12-Jun-2026 00:45:10 UTC]   ✅ Producto ID 7995 INCLUIDO (estado: 'sin_asignar' | stock disponible: 59)
[12-Jun-2026 00:45:10 UTC] Producto ID 7996 - Título: LAMPARA CORTA WHITE - Estado: 'asignado' - Cantidad disponible: '0'
[12-Jun-2026 00:45:10 UTC]   ❌ Producto ID 7996 EXCLUIDO (estado: 'asignado' | stock disponible: 0)
[12-Jun-2026 00:45:10 UTC] Producto ID 7982 - Título: LAMPARA GOLD LARGA - Estado: 'asignado' - Cantidad disponible: '0'
[12-Jun-2026 00:45:10 UTC]   ❌ Producto ID 7982 EXCLUIDO (estado: 'asignado' | stock disponible: 0)
[12-Jun-2026 00:45:10 UTC] Producto ID 7991 - Título: LAMPARA LARGA SILVER - Estado: 'asignado' - Cantidad disponible: '0'
[12-Jun-2026 00:45:10 UTC]   ❌ Producto ID 7991 EXCLUIDO (estado: 'asignado' | stock disponible: 0)
[12-Jun-2026 00:45:10 UTC] Producto ID 7992 - Título: LAMPARA LARGA WHITE - Estado: 'asignado' - Cantidad disponible: '1'
[12-Jun-2026 00:45:10 UTC]   ✅ Producto ID 7992 INCLUIDO (estado: 'asignado' | stock disponible: 1)
[12-Jun-2026 00:45:10 UTC] Producto ID 24829 - Título: LAMPARA ROSE GOLD LARGA - Estado: 'asignado' - Cantidad disponible: '0'
[12-Jun-2026 00:45:10 UTC]   ❌ Producto ID 24829 EXCLUIDO (estado: 'asignado' | stock disponible: 0)
[12-Jun-2026 00:45:10 UTC] Producto ID 26598 - Título: MAGNET CUBE ZONE 100 PIEZAS - Estado: 'asignado' - Cantidad disponible: '0'
[12-Jun-2026 00:45:10 UTC]   ❌ Producto ID 26598 EXCLUIDO (estado: 'asignado' | stock disponible: 0)
[12-Jun-2026 00:45:10 UTC] Producto ID 28802 - Título: MAGNET CUBE ZONE 80 PIEZAS - Estado: 'asignado' - Cantidad disponible: '0'
[12-Jun-2026 00:45:10 UTC]   ❌ Producto ID 28802 EXCLUIDO (estado: 'asignado' | stock disponible: 0)
[12-Jun-2026 00:45:10 UTC] Producto ID 26588 - Título: MEDINAIL SPRAY - Estado: 'sin_asignar' - Cantidad disponible: '4'
[12-Jun-2026 00:45:10 UTC]   ✅ Producto ID 26588 INCLUIDO (estado: 'sin_asignar' | stock disponible: 4)
[12-Jun-2026 00:45:10 UTC] Producto ID 9098 - Título: NAD RESVERATROL - Estado: 'sin_asignar' - Cantidad disponible: '50'
[12-Jun-2026 00:45:10 UTC]   ✅ Producto ID 9098 INCLUIDO (estado: 'sin_asignar' | stock disponible: 50)
[12-Jun-2026 00:45:10 UTC] Producto ID 28745 - Título: NEGRO MAGICO - Estado: 'sin_asignar' - Cantidad disponible: '5'
[12-Jun-2026 00:45:10 UTC]   ✅ Producto ID 28745 INCLUIDO (estado: 'sin_asignar' | stock disponible: 5)
[12-Jun-2026 00:45:10 UTC] Producto ID 28748 - Título: NOURKRIN - Estado: 'sin_asignar' - Cantidad disponible: '2'
[12-Jun-2026 00:45:10 UTC]   ✅ Producto ID 28748 INCLUIDO (estado: 'sin_asignar' | stock disponible: 2)
[12-Jun-2026 00:45:10 UTC] Producto ID 26581 - Título: PAÑOS DE TELA - Estado: 'sin_asignar' - Cantidad disponible: '19'
[12-Jun-2026 00:45:10 UTC]   ✅ Producto ID 26581 INCLUIDO (estado: 'sin_asignar' | stock disponible: 19)
[12-Jun-2026 00:45:10 UTC] Producto ID 23119 - Título: PARLANTE ALEXA - Estado: 'sin_asignar' - Cantidad disponible: '3'
[12-Jun-2026 00:45:10 UTC]   ✅ Producto ID 23119 INCLUIDO (estado: 'sin_asignar' | stock disponible: 3)
[12-Jun-2026 00:45:10 UTC] Producto ID 6914 - Título: PARLANTE ALEXA - Estado: 'sin_asignar' - Cantidad disponible: '4'
[12-Jun-2026 00:45:10 UTC]   ✅ Producto ID 6914 INCLUIDO (estado: 'sin_asignar' | stock disponible: 4)
[12-Jun-2026 00:45:10 UTC] Producto ID 24382 - Título: PARLANTE ALEXA - Estado: 'sin_asignar' - Cantidad disponible: '1'
[12-Jun-2026 00:45:10 UTC]   ✅ Producto ID 24382 INCLUIDO (estado: 'sin_asignar' | stock disponible: 1)
[12-Jun-2026 00:45:10 UTC] Producto ID 24380 - Título: PARLANTE ALEXA - Estado: 'asignado' - Cantidad disponible: '2'
[12-Jun-2026 00:45:10 UTC]   ✅ Producto ID 24380 INCLUIDO (estado: 'asignado' | stock disponible: 2)
[12-Jun-2026 00:45:10 UTC] Producto ID 26583 - Título: PROTECTOR ULTRA WAX - Estado: 'sin_asignar' - Cantidad disponible: '6'
[12-Jun-2026 00:45:10 UTC]   ✅ Producto ID 26583 INCLUIDO (estado: 'sin_asignar' | stock disponible: 6)
[12-Jun-2026 00:45:10 UTC] Producto ID 30217 - Título: PULIMAX - Estado: 'sin_asignar' - Cantidad disponible: '12'
[12-Jun-2026 00:45:10 UTC]   ✅ Producto ID 30217 INCLUIDO (estado: 'sin_asignar' | stock disponible: 12)
[12-Jun-2026 00:45:10 UTC] Producto ID 6879 - Título: SHAMPOO - Estado: 'sin_asignar' - Cantidad disponible: '9'
[12-Jun-2026 00:45:10 UTC]   ✅ Producto ID 6879 INCLUIDO (estado: 'sin_asignar' | stock disponible: 9)
[12-Jun-2026 00:45:10 UTC] Producto ID 24821 - Título: SPRAY DEPILATORIO - Estado: 'sin_asignar' - Cantidad disponible: '25'
[12-Jun-2026 00:45:10 UTC]   ✅ Producto ID 24821 INCLUIDO (estado: 'sin_asignar' | stock disponible: 25)
[12-Jun-2026 00:45:10 UTC] Producto ID 28704 - Título: TAPIZ CLEAN - Estado: 'sin_asignar' - Cantidad disponible: '4'
[12-Jun-2026 00:45:10 UTC]   ✅ Producto ID 28704 INCLUIDO (estado: 'sin_asignar' | stock disponible: 4)
[12-Jun-2026 00:45:10 UTC] Producto ID 9096 - Título: ULTRA PURE - Estado: 'sin_asignar' - Cantidad disponible: '1'
[12-Jun-2026 00:45:10 UTC]   ✅ Producto ID 9096 INCLUIDO (estado: 'sin_asignar' | stock disponible: 1)
[12-Jun-2026 00:45:10 UTC] Producto ID 26589 - Título: WART REMOVER - Estado: 'sin_asignar' - Cantidad disponible: '4'
[12-Jun-2026 00:45:10 UTC]   ✅ Producto ID 26589 INCLUIDO (estado: 'sin_asignar' | stock disponible: 4)
[12-Jun-2026 00:45:10 UTC] Producto ID 26931 - Título: Zapatillas - Estado: 'sin_asignar' - Cantidad disponible: '30'
[12-Jun-2026 00:45:10 UTC]   ✅ Producto ID 26931 INCLUIDO (estado: 'sin_asignar' | stock disponible: 30)
[12-Jun-2026 00:45:10 UTC] Total productos disponibles después del filtro: 43
[12-Jun-2026 00:45:10 UTC] Producto seleccionado: ninguno
[12-Jun-2026 00:45:10 UTC] ⏳ Iniciando renderizado HTML...
[12-Jun-2026 00:45:10 UTC] Renderizando option para producto ID 30209
[12-Jun-2026 00:45:10 UTC] Renderizando option para producto ID 26620
[12-Jun-2026 00:45:10 UTC] Renderizando option para producto ID 21990
[12-Jun-2026 00:45:10 UTC] Renderizando option para producto ID 29959
[12-Jun-2026 00:45:10 UTC] Renderizando option para producto ID 21993
[12-Jun-2026 00:45:10 UTC] Renderizando option para producto ID 21994
[12-Jun-2026 00:45:10 UTC] Renderizando option para producto ID 30212
[12-Jun-2026 00:45:10 UTC] Renderizando option para producto ID 20301
[12-Jun-2026 00:45:10 UTC] Renderizando option para producto ID 20313
[12-Jun-2026 00:45:10 UTC] Renderizando option para producto ID 20311
[12-Jun-2026 00:45:10 UTC] Renderizando option para producto ID 26593
[12-Jun-2026 00:45:10 UTC] Renderizando option para producto ID 24815
[12-Jun-2026 00:45:10 UTC] Renderizando option para producto ID 7959
[12-Jun-2026 00:45:10 UTC] Renderizando option para producto ID 7958
[12-Jun-2026 00:45:10 UTC] Renderizando option para producto ID 7955
[12-Jun-2026 00:45:10 UTC] Renderizando option para producto ID 7949
[12-Jun-2026 00:45:10 UTC] Renderizando option para producto ID 7956
[12-Jun-2026 00:45:10 UTC] Renderizando option para producto ID 26630
[12-Jun-2026 00:45:10 UTC] Renderizando option para producto ID 9095
[12-Jun-2026 00:45:10 UTC] Renderizando option para producto ID 7960
[12-Jun-2026 00:45:10 UTC] Renderizando option para producto ID 7981
[12-Jun-2026 00:45:10 UTC] Renderizando option para producto ID 21989
[12-Jun-2026 00:45:10 UTC] Renderizando option para producto ID 21998
[12-Jun-2026 00:45:10 UTC] Renderizando option para producto ID 30316
[12-Jun-2026 00:45:10 UTC] Renderizando option para producto ID 7995
[12-Jun-2026 00:45:10 UTC] Renderizando option para producto ID 7992
[12-Jun-2026 00:45:10 UTC] Renderizando option para producto ID 26588
[12-Jun-2026 00:45:10 UTC] Renderizando option para producto ID 9098
[12-Jun-2026 00:45:10 UTC] Renderizando option para producto ID 28745
[12-Jun-2026 00:45:10 UTC] Renderizando option para producto ID 28748
[12-Jun-2026 00:45:10 UTC] Renderizando option para producto ID 26581
[12-Jun-2026 00:45:10 UTC] Renderizando option para producto ID 23119
[12-Jun-2026 00:45:10 UTC] Renderizando option para producto ID 6914
[12-Jun-2026 00:45:10 UTC] Renderizando option para producto ID 24382
[12-Jun-2026 00:45:10 UTC] Renderizando option para producto ID 24380
[12-Jun-2026 00:45:10 UTC] Renderizando option para producto ID 26583
[12-Jun-2026 00:45:10 UTC] Renderizando option para producto ID 30217
[12-Jun-2026 00:45:10 UTC] Renderizando option para producto ID 6879
[12-Jun-2026 00:45:10 UTC] Renderizando option para producto ID 24821
[12-Jun-2026 00:45:10 UTC] Renderizando option para producto ID 28704
[12-Jun-2026 00:45:10 UTC] Renderizando option para producto ID 9096
[12-Jun-2026 00:45:10 UTC] Renderizando option para producto ID 26589
[12-Jun-2026 00:45:10 UTC] Renderizando option para producto ID 26931
[12-Jun-2026 00:45:10 UTC] ✅ HTML renderizado - Longitud: 20635 caracteres
[12-Jun-2026 00:45:10 UTC] === FIN SELECTOR PRODUCTOS ===
[12-Jun-2026 00:45:10 UTC] 🔔 [MERC_LOG] Inicializado logger diario: /var/www/html/wp-content/merc_logs/merc-debug-2026-06-12.log
[12-Jun-2026 00:45:10 UTC] 🔔 [MERC_LOG] Inicializado logger diario: /var/www/html/wp-content/merc_logs/merc-debug-2026-06-12.log
[12-Jun-2026 00:45:10 UTC] 🔔 [MERC_LOG] Inicializado logger diario: /var/www/html/wp-content/merc_logs/merc-debug-2026-06-12.log
[12-Jun-2026 00:45:10 UTC] 🔔 [MERC_LOG] Inicializado logger diario: /var/www/html/wp-content/merc_logs/merc-debug-2026-06-12.log
[12-Jun-2026 00:45:10 UTC] 🔔 [MERC_LOG] Inicializado logger diario: /var/www/html/wp-content/merc_logs/merc-debug-2026-06-12.log
[12-Jun-2026 00:45:10 UTC] MERC_POD_DEBUG - shipmentID= context=syncMonto methods_count=0
[12-Jun-2026 00:45:11 UTC] MERC_POD_DEBUG - shipmentID= context=syncMonto methods_count=0
[12-Jun-2026 00:45:11 UTC] 🔄 [RESETEO DIARIO] Usuario 109 | Fecha: 2026-06-11
[12-Jun-2026 00:45:11 UTC] 🔍 [AJAX] Consultando desbloqueo parcial para FULL FITMENT
[12-Jun-2026 00:45:11 UTC]    Meta key: merc_desbloqueo_parcial_FULL FITMENT
[12-Jun-2026 00:45:11 UTC]    Unlock info: ""
[12-Jun-2026 00:45:11 UTC]    Force date: 
[12-Jun-2026 00:45:11 UTC] 🔔 [MERC_LOG] Inicializado logger diario: /var/www/html/wp-content/merc_logs/merc-debug-2026-06-12.log
[12-Jun-2026 00:45:11 UTC] 🔔 [MERC_LOG] Inicializado logger diario: /var/www/html/wp-content/merc_logs/merc-debug-2026-06-12.log
[12-Jun-2026 00:45:11 UTC] 🔔 [MERC_LOG] Inicializado logger diario: /var/www/html/wp-content/merc_logs/merc-debug-2026-06-12.log
[12-Jun-2026 00:45:11 UTC] MERC_POD_DEBUG - shipmentID= context=syncMonto methods_count=0
[12-Jun-2026 00:45:12 UTC] 🔔 [MERC_LOG] Inicializado logger diario: /var/www/html/wp-content/merc_logs/merc-debug-2026-06-12.log
[12-Jun-2026 00:45:12 UTC] 🔔 [MERC_LOG] Inicializado logger diario: /var/www/html/wp-content/merc_logs/merc-debug-2026-06-12.log
[12-Jun-2026 00:45:12 UTC] 🔔 [MERC_LOG] Inicializado logger diario: /var/www/html/wp-content/merc_logs/merc-debug-2026-06-12.log
[12-Jun-2026 00:45:12 UTC] 🔔 [MERC_LOG] Inicializado logger diario: /var/www/html/wp-content/merc_logs/merc-debug-2026-06-12.log
[12-Jun-2026 00:45:12 UTC] 🔔 [MERC_LOG] Inicializado logger diario: /var/www/html/wp-content/merc_logs/merc-debug-2026-06-12.log
[12-Jun-2026 00:45:12 UTC] 🔔 [MERC_LOG] Inicializado logger diario: /var/www/html/wp-content/merc_logs/merc-debug-2026-06-12.log
[12-Jun-2026 00:45:12 UTC] MERC_POD_DEBUG - shipmentID= context=syncMonto methods_count=0
[12-Jun-2026 00:45:12 UTC] MERC_POD_DEBUG - shipmentID= context=syncMonto methods_count=0
[12-Jun-2026 00:45:12 UTC] MERC_POD_DEBUG - shipmentID= context=syncMonto methods_count=0
[12-Jun-2026 00:45:12 UTC] MERC_POD_DEBUG - shipmentID= context=syncMonto methods_count=0
[12-Jun-2026 00:45:12 UTC] MERC_POD_DEBUG - shipmentID= context=syncMonto methods_count=0
[12-Jun-2026 00:45:12 UTC] MERC_POD_DEBUG - shipmentID= context=syncMonto methods_count=0
[12-Jun-2026 00:45:13 UTC] 🔔 [MERC_LOG] Inicializado logger diario: /var/www/html/wp-content/merc_logs/merc-debug-2026-06-12.log
[12-Jun-2026 00:45:13 UTC] 🔔 [MERC_LOG] Inicializado logger diario: /var/www/html/wp-content/merc_logs/merc-debug-2026-06-12.log
[12-Jun-2026 00:45:13 UTC] 🔔 [MERC_LOG] Inicializado logger diario: /var/www/html/wp-content/merc_logs/merc-debug-2026-06-12.log
[12-Jun-2026 00:45:13 UTC] 🔔 [MERC_LOG] Inicializado logger diario: /var/www/html/wp-content/merc_logs/merc-debug-2026-06-12.log
[12-Jun-2026 00:45:13 UTC] 🔔 [MERC_LOG] Inicializado logger diario: /var/www/html/wp-content/merc_logs/merc-debug-2026-06-12.log
[12-Jun-2026 00:45:13 UTC] 🔔 [MERC_LOG] Inicializado logger diario: /var/www/html/wp-content/merc_logs/merc-debug-2026-06-12.log
[12-Jun-2026 00:45:13 UTC] MERC_POD_DEBUG - shipmentID= context=syncMonto methods_count=0
[12-Jun-2026 00:45:13 UTC] MERC_POD_DEBUG - shipmentID= context=syncMonto methods_count=0
[12-Jun-2026 00:45:13 UTC] MERC_POD_DEBUG - shipmentID= context=syncMonto methods_count=0
[12-Jun-2026 00:45:13 UTC] MERC_POD_DEBUG - shipmentID= context=syncMonto methods_count=0
[12-Jun-2026 00:45:13 UTC] MERC_POD_DEBUG - shipmentID= context=syncMonto methods_count=0
[12-Jun-2026 00:45:13 UTC] MERC_POD_DEBUG - shipmentID= context=syncMonto methods_count=0
[12-Jun-2026 00:45:19 UTC] PHP Deprecated:  Automatic conversion of false to array is deprecated in /var/www/html/wp-content/plugins/elementor/includes/api.php on line 176
[12-Jun-2026 00:45:22 UTC] [Elementor Atomic Widgets] [WARNING] Migrations manifest not found | Context: {"path":"https://migrations.elementor.com/manifest.json"}
[12-Jun-2026 00:45:22 UTC] =====================================
[12-Jun-2026 00:45:22 UTC] 🔍 VERIFICANDO BLOQUEO - Cliente: #517 | Fecha: 2026-06-11
[12-Jun-2026 00:45:22 UTC] URL actual: /dashboard/
[12-Jun-2026 00:45:22 UTC] =====================================
[12-Jun-2026 00:45:22 UTC] 🔎 SQL Query: 
        SELECT 
            p.ID, 
            p.post_date,
            pm_status.meta_value as estado,
            pm_pago.meta_value as estado_pago,
            pm_fecha_reprog.meta_value as fecha_reprogramada
        FROM wp_posts p
        LEFT JOIN wp_postmeta pm_shipper 
            ON p.ID = pm_shipper.post_id 
            AND pm_shipper.meta_key = 'registered_shipper'
        LEFT JOIN wp_postmeta pm_status 
            ON p.ID = pm_status.post_id 
            AND pm_status.meta_key = 'wpcargo_status'
        LEFT JOIN wp_postmeta pm_pago 
            ON p.ID = pm_pago.post_id 
            AND pm_pago.meta_key = 'wpcargo_estado_pago_remitente'
        LEFT JOIN wp_postmeta pm_fecha_reprog 
            ON p.ID = pm_fecha_reprog.post_id 
            AND pm_fecha_reprog.meta_key = 'wpcargo_pickup_date_picker'
        WHERE p.post_type = 'wpcargo_shipment'
        AND p.post_status = 'publish'
        AND pm_shipper.meta_value = '517'
    
[12-Jun-2026 00:45:22 UTC] 📊 Total envíos del cliente (sin filtrar): 7
[12-Jun-2026 00:45:22 UTC]    📅 Envío #31835: post_date_raw='2026-05-24 11:34:58' | fecha_reprog_raw='24/05/2026' | fecha_efectiva='2026-05-24' | hoy='2026-06-11'
[12-Jun-2026 00:45:22 UTC]       ❌ NO incluido (fecha no coincide)
[12-Jun-2026 00:45:22 UTC]    📅 Envío #31841: post_date_raw='2026-06-06 17:06:16' | fecha_reprog_raw='06/06/2026' | fecha_efectiva='2026-06-06' | hoy='2026-06-11'
[12-Jun-2026 00:45:22 UTC]       ❌ NO incluido (fecha no coincide)
[12-Jun-2026 00:45:22 UTC]    📅 Envío #31842: post_date_raw='2026-06-06 17:12:14' | fecha_reprog_raw='06/06/2026' | fecha_efectiva='2026-06-06' | hoy='2026-06-11'
[12-Jun-2026 00:45:22 UTC]       ❌ NO incluido (fecha no coincide)
[12-Jun-2026 00:45:22 UTC]    📅 Envío #31844: post_date_raw='2026-06-06 17:21:15' | fecha_reprog_raw='06/06/2026' | fecha_efectiva='2026-06-06' | hoy='2026-06-11'
[12-Jun-2026 00:45:22 UTC]       ❌ NO incluido (fecha no coincide)
[12-Jun-2026 00:45:22 UTC]    📅 Envío #31861: post_date_raw='2026-06-07 15:42:35' | fecha_reprog_raw='07/06/2026' | fecha_efectiva='2026-06-07' | hoy='2026-06-11'
[12-Jun-2026 00:45:22 UTC]       ❌ NO incluido (fecha no coincide)
[12-Jun-2026 00:45:22 UTC]    📅 Envío #31866: post_date_raw='2026-06-07 17:51:18' | fecha_reprog_raw='07/06/2026' | fecha_efectiva='2026-06-07' | hoy='2026-06-11'
[12-Jun-2026 00:45:22 UTC]       ❌ NO incluido (fecha no coincide)
[12-Jun-2026 00:45:22 UTC]    📅 Envío #31872: post_date_raw='2026-06-11 07:56:31' | fecha_reprog_raw='11/06/2026' | fecha_efectiva='2026-06-11' | hoy='2026-06-11'
[12-Jun-2026 00:45:22 UTC]       ✅ INCLUIDO en filtrados
[12-Jun-2026 00:45:22 UTC] 📦 Total envíos encontrados para HOY: 1
[12-Jun-2026 00:45:22 UTC] PHP Deprecated:  trim(): Passing null to parameter #1 ($string) of type string is deprecated in /var/www/html/wp-content/themes/blocksy-child/functions.php on line 9498
[12-Jun-2026 00:45:22 UTC]    📅 Envío #31872: Creado=2026-06-11 | Reprog=2026-11-06 | Efectiva=2026-06-11 | Estado=entregado | Pago=
[12-Jun-2026 00:45:22 UTC]    Envío #31872: ENTREGADO pero NO pagado (estado_pago: ) → Bloquea
[12-Jun-2026 00:45:22 UTC] 📊 RESUMEN - Total: 1 | Finales: 0 | Recogidos: 0 | Entregados sin pagar: 1 | No Recogidos: 0 | Otros: 0
[12-Jun-2026 00:45:22 UTC] 🔴 BLOQUEADO: Hay envíos en proceso - Recogidos: 0, Entregados sin pagar: 1, No Recogidos: 0
[12-Jun-2026 00:45:22 UTC]    Se necesita que TODOS los 1 envíos del día estén finalizados (actualmente: 0 finalizados)
[12-Jun-2026 00:45:22 UTC] =====================================
[12-Jun-2026 00:45:22 UTC] =====================================
[12-Jun-2026 00:45:22 UTC] 🔍 VERIFICANDO BLOQUEO - Cliente: #517 | Fecha: 2026-06-11
[12-Jun-2026 00:45:22 UTC] URL actual: /dashboard/
[12-Jun-2026 00:45:22 UTC] =====================================
[12-Jun-2026 00:45:22 UTC] 🔎 SQL Query: 
        SELECT 
            p.ID, 
            p.post_date,
            pm_status.meta_value as estado,
            pm_pago.meta_value as estado_pago,
            pm_fecha_reprog.meta_value as fecha_reprogramada
        FROM wp_posts p
        LEFT JOIN wp_postmeta pm_shipper 
            ON p.ID = pm_shipper.post_id 
            AND pm_shipper.meta_key = 'registered_shipper'
        LEFT JOIN wp_postmeta pm_status 
            ON p.ID = pm_status.post_id 
            AND pm_status.meta_key = 'wpcargo_status'
        LEFT JOIN wp_postmeta pm_pago 
            ON p.ID = pm_pago.post_id 
            AND pm_pago.meta_key = 'wpcargo_estado_pago_remitente'
        LEFT JOIN wp_postmeta pm_fecha_reprog 
            ON p.ID = pm_fecha_reprog.post_id 
            AND pm_fecha_reprog.meta_key = 'wpcargo_pickup_date_picker'
        WHERE p.post_type = 'wpcargo_shipment'
        AND p.post_status = 'publish'
        AND pm_shipper.meta_value = '517'
    
[12-Jun-2026 00:45:22 UTC] 📊 Total envíos del cliente (sin filtrar): 7
[12-Jun-2026 00:45:22 UTC]    📅 Envío #31835: post_date_raw='2026-05-24 11:34:58' | fecha_reprog_raw='24/05/2026' | fecha_efectiva='2026-05-24' | hoy='2026-06-11'
[12-Jun-2026 00:45:22 UTC]       ❌ NO incluido (fecha no coincide)
[12-Jun-2026 00:45:22 UTC]    📅 Envío #31841: post_date_raw='2026-06-06 17:06:16' | fecha_reprog_raw='06/06/2026' | fecha_efectiva='2026-06-06' | hoy='2026-06-11'
[12-Jun-2026 00:45:22 UTC]       ❌ NO incluido (fecha no coincide)
[12-Jun-2026 00:45:22 UTC]    📅 Envío #31842: post_date_raw='2026-06-06 17:12:14' | fecha_reprog_raw='06/06/2026' | fecha_efectiva='2026-06-06' | hoy='2026-06-11'
[12-Jun-2026 00:45:22 UTC]       ❌ NO incluido (fecha no coincide)
[12-Jun-2026 00:45:22 UTC]    📅 Envío #31844: post_date_raw='2026-06-06 17:21:15' | fecha_reprog_raw='06/06/2026' | fecha_efectiva='2026-06-06' | hoy='2026-06-11'
[12-Jun-2026 00:45:22 UTC]       ❌ NO incluido (fecha no coincide)
[12-Jun-2026 00:45:22 UTC]    📅 Envío #31861: post_date_raw='2026-06-07 15:42:35' | fecha_reprog_raw='07/06/2026' | fecha_efectiva='2026-06-07' | hoy='2026-06-11'
[12-Jun-2026 00:45:22 UTC]       ❌ NO incluido (fecha no coincide)
[12-Jun-2026 00:45:22 UTC]    📅 Envío #31866: post_date_raw='2026-06-07 17:51:18' | fecha_reprog_raw='07/06/2026' | fecha_efectiva='2026-06-07' | hoy='2026-06-11'
[12-Jun-2026 00:45:22 UTC]       ❌ NO incluido (fecha no coincide)
[12-Jun-2026 00:45:22 UTC]    📅 Envío #31872: post_date_raw='2026-06-11 07:56:31' | fecha_reprog_raw='11/06/2026' | fecha_efectiva='2026-06-11' | hoy='2026-06-11'
[12-Jun-2026 00:45:22 UTC]       ✅ INCLUIDO en filtrados
[12-Jun-2026 00:45:22 UTC] 📦 Total envíos encontrados para HOY: 1
[12-Jun-2026 00:45:22 UTC]    📅 Envío #31872: Creado=2026-06-11 | Reprog=2026-11-06 | Efectiva=2026-06-11 | Estado=entregado | Pago=
[12-Jun-2026 00:45:22 UTC]    Envío #31872: ENTREGADO pero NO pagado (estado_pago: ) → Bloquea
[12-Jun-2026 00:45:22 UTC] 📊 RESUMEN - Total: 1 | Finales: 0 | Recogidos: 0 | Entregados sin pagar: 1 | No Recogidos: 0 | Otros: 0
[12-Jun-2026 00:45:22 UTC] 🔴 BLOQUEADO: Hay envíos en proceso - Recogidos: 0, Entregados sin pagar: 1, No Recogidos: 0
[12-Jun-2026 00:45:22 UTC]    Se necesita que TODOS los 1 envíos del día estén finalizados (actualmente: 0 finalizados)
[12-Jun-2026 00:45:22 UTC] =====================================
[12-Jun-2026 00:45:22 UTC] =====================================
[12-Jun-2026 00:45:22 UTC] 🔍 VERIFICANDO BLOQUEO - Cliente: #517 | Fecha: 2026-06-11
[12-Jun-2026 00:45:22 UTC] URL actual: /dashboard/
[12-Jun-2026 00:45:22 UTC] =====================================
[12-Jun-2026 00:45:22 UTC] 🔎 SQL Query: 
        SELECT 
            p.ID, 
            p.post_date,
            pm_status.meta_value as estado,
            pm_pago.meta_value as estado_pago,
            pm_fecha_reprog.meta_value as fecha_reprogramada
        FROM wp_posts p
        LEFT JOIN wp_postmeta pm_shipper 
            ON p.ID = pm_shipper.post_id 
            AND pm_shipper.meta_key = 'registered_shipper'
        LEFT JOIN wp_postmeta pm_status 
            ON p.ID = pm_status.post_id 
            AND pm_status.meta_key = 'wpcargo_status'
        LEFT JOIN wp_postmeta pm_pago 
            ON p.ID = pm_pago.post_id 
            AND pm_pago.meta_key = 'wpcargo_estado_pago_remitente'
        LEFT JOIN wp_postmeta pm_fecha_reprog 
            ON p.ID = pm_fecha_reprog.post_id 
            AND pm_fecha_reprog.meta_key = 'wpcargo_pickup_date_picker'
        WHERE p.post_type = 'wpcargo_shipment'
        AND p.post_status = 'publish'
        AND pm_shipper.meta_value = '517'
    
[12-Jun-2026 00:45:22 UTC] 📊 Total envíos del cliente (sin filtrar): 7
[12-Jun-2026 00:45:22 UTC]    📅 Envío #31835: post_date_raw='2026-05-24 11:34:58' | fecha_reprog_raw='24/05/2026' | fecha_efectiva='2026-05-24' | hoy='2026-06-11'
[12-Jun-2026 00:45:22 UTC]       ❌ NO incluido (fecha no coincide)
[12-Jun-2026 00:45:22 UTC]    📅 Envío #31841: post_date_raw='2026-06-06 17:06:16' | fecha_reprog_raw='06/06/2026' | fecha_efectiva='2026-06-06' | hoy='2026-06-11'
[12-Jun-2026 00:45:22 UTC]       ❌ NO incluido (fecha no coincide)
[12-Jun-2026 00:45:22 UTC]    📅 Envío #31842: post_date_raw='2026-06-06 17:12:14' | fecha_reprog_raw='06/06/2026' | fecha_efectiva='2026-06-06' | hoy='2026-06-11'
[12-Jun-2026 00:45:22 UTC]       ❌ NO incluido (fecha no coincide)
[12-Jun-2026 00:45:22 UTC]    📅 Envío #31844: post_date_raw='2026-06-06 17:21:15' | fecha_reprog_raw='06/06/2026' | fecha_efectiva='2026-06-06' | hoy='2026-06-11'
[12-Jun-2026 00:45:22 UTC]       ❌ NO incluido (fecha no coincide)
[12-Jun-2026 00:45:22 UTC]    📅 Envío #31861: post_date_raw='2026-06-07 15:42:35' | fecha_reprog_raw='07/06/2026' | fecha_efectiva='2026-06-07' | hoy='2026-06-11'
[12-Jun-2026 00:45:22 UTC]       ❌ NO incluido (fecha no coincide)
[12-Jun-2026 00:45:22 UTC]    📅 Envío #31866: post_date_raw='2026-06-07 17:51:18' | fecha_reprog_raw='07/06/2026' | fecha_efectiva='2026-06-07' | hoy='2026-06-11'
[12-Jun-2026 00:45:22 UTC]       ❌ NO incluido (fecha no coincide)
[12-Jun-2026 00:45:22 UTC]    📅 Envío #31872: post_date_raw='2026-06-11 07:56:31' | fecha_reprog_raw='11/06/2026' | fecha_efectiva='2026-06-11' | hoy='2026-06-11'
[12-Jun-2026 00:45:22 UTC]       ✅ INCLUIDO en filtrados
[12-Jun-2026 00:45:22 UTC] 📦 Total envíos encontrados para HOY: 1
[12-Jun-2026 00:45:22 UTC]    📅 Envío #31872: Creado=2026-06-11 | Reprog=2026-11-06 | Efectiva=2026-06-11 | Estado=entregado | Pago=
[12-Jun-2026 00:45:22 UTC]    Envío #31872: ENTREGADO pero NO pagado (estado_pago: ) → Bloquea
[12-Jun-2026 00:45:22 UTC] 📊 RESUMEN - Total: 1 | Finales: 0 | Recogidos: 0 | Entregados sin pagar: 1 | No Recogidos: 0 | Otros: 0
[12-Jun-2026 00:45:22 UTC] 🔴 BLOQUEADO: Hay envíos en proceso - Recogidos: 0, Entregados sin pagar: 1, No Recogidos: 0
[12-Jun-2026 00:45:22 UTC]    Se necesita que TODOS los 1 envíos del día estén finalizados (actualmente: 0 finalizados)
[12-Jun-2026 00:45:22 UTC] =====================================
[12-Jun-2026 00:45:22 UTC] =====================================
[12-Jun-2026 00:45:22 UTC] 🔍 VERIFICANDO BLOQUEO - Cliente: #517 | Fecha: 2026-06-11
[12-Jun-2026 00:45:22 UTC] URL actual: /dashboard/
[12-Jun-2026 00:45:22 UTC] =====================================
[12-Jun-2026 00:45:22 UTC] 🔎 SQL Query: 
        SELECT 
            p.ID, 
            p.post_date,
            pm_status.meta_value as estado,
            pm_pago.meta_value as estado_pago,
            pm_fecha_reprog.meta_value as fecha_reprogramada
        FROM wp_posts p
        LEFT JOIN wp_postmeta pm_shipper 
            ON p.ID = pm_shipper.post_id 
            AND pm_shipper.meta_key = 'registered_shipper'
        LEFT JOIN wp_postmeta pm_status 
            ON p.ID = pm_status.post_id 
            AND pm_status.meta_key = 'wpcargo_status'
        LEFT JOIN wp_postmeta pm_pago 
            ON p.ID = pm_pago.post_id 
            AND pm_pago.meta_key = 'wpcargo_estado_pago_remitente'
        LEFT JOIN wp_postmeta pm_fecha_reprog 
            ON p.ID = pm_fecha_reprog.post_id 
            AND pm_fecha_reprog.meta_key = 'wpcargo_pickup_date_picker'
        WHERE p.post_type = 'wpcargo_shipment'
        AND p.post_status = 'publish'
        AND pm_shipper.meta_value = '517'
    
[12-Jun-2026 00:45:22 UTC] 📊 Total envíos del cliente (sin filtrar): 7
[12-Jun-2026 00:45:22 UTC]    📅 Envío #31835: post_date_raw='2026-05-24 11:34:58' | fecha_reprog_raw='24/05/2026' | fecha_efectiva='2026-05-24' | hoy='2026-06-11'
[12-Jun-2026 00:45:22 UTC]       ❌ NO incluido (fecha no coincide)
[12-Jun-2026 00:45:22 UTC]    📅 Envío #31841: post_date_raw='2026-06-06 17:06:16' | fecha_reprog_raw='06/06/2026' | fecha_efectiva='2026-06-06' | hoy='2026-06-11'
[12-Jun-2026 00:45:22 UTC]       ❌ NO incluido (fecha no coincide)
[12-Jun-2026 00:45:22 UTC]    📅 Envío #31842: post_date_raw='2026-06-06 17:12:14' | fecha_reprog_raw='06/06/2026' | fecha_efectiva='2026-06-06' | hoy='2026-06-11'
[12-Jun-2026 00:45:22 UTC]       ❌ NO incluido (fecha no coincide)
[12-Jun-2026 00:45:22 UTC]    📅 Envío #31844: post_date_raw='2026-06-06 17:21:15' | fecha_reprog_raw='06/06/2026' | fecha_efectiva='2026-06-06' | hoy='2026-06-11'
[12-Jun-2026 00:45:22 UTC]       ❌ NO incluido (fecha no coincide)
[12-Jun-2026 00:45:22 UTC]    📅 Envío #31861: post_date_raw='2026-06-07 15:42:35' | fecha_reprog_raw='07/06/2026' | fecha_efectiva='2026-06-07' | hoy='2026-06-11'
[12-Jun-2026 00:45:22 UTC]       ❌ NO incluido (fecha no coincide)
[12-Jun-2026 00:45:22 UTC]    📅 Envío #31866: post_date_raw='2026-06-07 17:51:18' | fecha_reprog_raw='07/06/2026' | fecha_efectiva='2026-06-07' | hoy='2026-06-11'
[12-Jun-2026 00:45:22 UTC]       ❌ NO incluido (fecha no coincide)
[12-Jun-2026 00:45:22 UTC]    📅 Envío #31872: post_date_raw='2026-06-11 07:56:31' | fecha_reprog_raw='11/06/2026' | fecha_efectiva='2026-06-11' | hoy='2026-06-11'
[12-Jun-2026 00:45:22 UTC]       ✅ INCLUIDO en filtrados
[12-Jun-2026 00:45:22 UTC] 📦 Total envíos encontrados para HOY: 1
[12-Jun-2026 00:45:22 UTC]    📅 Envío #31872: Creado=2026-06-11 | Reprog=2026-11-06 | Efectiva=2026-06-11 | Estado=entregado | Pago=
[12-Jun-2026 00:45:22 UTC]    Envío #31872: ENTREGADO pero NO pagado (estado_pago: ) → Bloquea
[12-Jun-2026 00:45:22 UTC] 📊 RESUMEN - Total: 1 | Finales: 0 | Recogidos: 0 | Entregados sin pagar: 1 | No Recogidos: 0 | Otros: 0
[12-Jun-2026 00:45:22 UTC] 🔴 BLOQUEADO: Hay envíos en proceso - Recogidos: 0, Entregados sin pagar: 1, No Recogidos: 0
[12-Jun-2026 00:45:22 UTC]    Se necesita que TODOS los 1 envíos del día estén finalizados (actualmente: 0 finalizados)
[12-Jun-2026 00:45:22 UTC] =====================================
[12-Jun-2026 00:45:22 UTC] 🔵 [FILTER] filter_shipment_by_date_and_tiendaname llamado
[12-Jun-2026 00:45:22 UTC] 🔵 [FILTER] Usuario actual: 517
[12-Jun-2026 00:45:22 UTC] 🔵 [FILTER] Args iniciales: {"post_type":"wpcargo_shipment","post_status":"publish","posts_per_page":100,"paged":1,"s":"","meta_query":{"relation":"AND","0":{"__assignment":{"key":"registered_shipper","value":517,"compare":"="}}}}
[12-Jun-2026 00:45:22 UTC] 🔵 [FILTER] GET params: Array
(
)

[12-Jun-2026 00:45:22 UTC] 🔵 [FILTER] Sin parámetros de fecha, aplicando HOY por defecto: 2026-06-11
[12-Jun-2026 00:45:22 UTC] 🔵 [FILTER] Fecha desde: '2026-06-11' | Fecha hasta: '2026-06-11'
[12-Jun-2026 00:45:22 UTC] 🔵 [FILTER] has_from: true | has_to: true
[12-Jun-2026 00:45:22 UTC] 🔵 [FILTER] SQL Query: 
            SELECT DISTINCT p.ID 
            FROM wp_posts p
            INNER JOIN wp_postmeta pm ON p.ID = pm.post_id
            WHERE p.post_type = 'wpcargo_shipment'
            AND pm.meta_key IN ('wpcargo_pickup_date_picker', 'wpcargo_pickup_date', 'calendarenvio', 'wpcargo_fecha_envio')
            AND (STR_TO_DATE(pm.meta_value, '%d/%m/%Y') >= STR_TO_DATE('2026-06-11', '%Y-%m-%d') AND STR_TO_DATE(pm.meta_value, '%d/%m/%Y') <= STR_TO_DATE('2026-06-11', '%Y-%m-%d'))
        
[12-Jun-2026 00:45:22 UTC] 🔵 [FILTER] IDs encontrados por fecha: 2
[12-Jun-2026 00:45:22 UTC] 🔵 [FILTER] Primeros 10 IDs: 31872, 31878
[12-Jun-2026 00:45:22 UTC] 🔵 [FILTER] post__in no existe, creando nuevo
[12-Jun-2026 00:45:22 UTC] 🔵 [FILTER] post_status cambiado a array para incluir estados normales (EXCLUYENDO trash)
[12-Jun-2026 00:45:22 UTC] 🔵 [FILTER] Args finales: {"post_type":"wpcargo_shipment","post_status":["publish","draft","pending","private"],"posts_per_page":100,"paged":1,"s":"","meta_query":{"relation":"AND","0":{"__assignment":{"key":"registered_shipper","value":517,"compare":"="}}},"post__in":["31872","31878"]}
[12-Jun-2026 00:45:23 UTC] 🔔 [MERC_LOG] Inicializado logger diario: /var/www/html/wp-content/merc_logs/merc-debug-2026-06-12.log
[12-Jun-2026 00:45:24 UTC] 🔔 [MERC_LOG] Inicializado logger diario: /var/www/html/wp-content/merc_logs/merc-debug-2026-06-12.log
[12-Jun-2026 00:45:26 UTC] 🔔 [MERC_LOG] Inicializado logger diario: /var/www/html/wp-content/merc_logs/merc-debug-2026-06-12.log
[12-Jun-2026 00:45:40 UTC] 🔔 [MERC_LOG] Inicializado logger diario: /var/www/html/wp-content/merc_logs/merc-debug-2026-06-12.log
[12-Jun-2026 00:45:48 UTC] PHP Deprecated:  Automatic conversion of false to array is deprecated in /var/www/html/wp-content/plugins/elementor/includes/api.php on line 176
[12-Jun-2026 00:45:51 UTC] [Elementor Atomic Widgets] [WARNING] Migrations manifest not found | Context: {"path":"https://migrations.elementor.com/manifest.json"}
[12-Jun-2026 00:45:52 UTC] =====================================
[12-Jun-2026 00:45:52 UTC] 🔍 VERIFICANDO BLOQUEO - Cliente: #517 | Fecha: 2026-06-11
[12-Jun-2026 00:45:52 UTC] URL actual: /panel-cliente/
[12-Jun-2026 00:45:52 UTC] =====================================
[12-Jun-2026 00:45:52 UTC] 🔎 SQL Query: 
        SELECT 
            p.ID, 
            p.post_date,
            pm_status.meta_value as estado,
            pm_pago.meta_value as estado_pago,
            pm_fecha_reprog.meta_value as fecha_reprogramada
        FROM wp_posts p
        LEFT JOIN wp_postmeta pm_shipper 
            ON p.ID = pm_shipper.post_id 
            AND pm_shipper.meta_key = 'registered_shipper'
        LEFT JOIN wp_postmeta pm_status 
            ON p.ID = pm_status.post_id 
            AND pm_status.meta_key = 'wpcargo_status'
        LEFT JOIN wp_postmeta pm_pago 
            ON p.ID = pm_pago.post_id 
            AND pm_pago.meta_key = 'wpcargo_estado_pago_remitente'
        LEFT JOIN wp_postmeta pm_fecha_reprog 
            ON p.ID = pm_fecha_reprog.post_id 
            AND pm_fecha_reprog.meta_key = 'wpcargo_pickup_date_picker'
        WHERE p.post_type = 'wpcargo_shipment'
        AND p.post_status = 'publish'
        AND pm_shipper.meta_value = '517'
    
[12-Jun-2026 00:45:52 UTC] 📊 Total envíos del cliente (sin filtrar): 7
[12-Jun-2026 00:45:52 UTC]    📅 Envío #31835: post_date_raw='2026-05-24 11:34:58' | fecha_reprog_raw='24/05/2026' | fecha_efectiva='2026-05-24' | hoy='2026-06-11'
[12-Jun-2026 00:45:52 UTC]       ❌ NO incluido (fecha no coincide)
[12-Jun-2026 00:45:52 UTC]    📅 Envío #31841: post_date_raw='2026-06-06 17:06:16' | fecha_reprog_raw='06/06/2026' | fecha_efectiva='2026-06-06' | hoy='2026-06-11'
[12-Jun-2026 00:45:52 UTC]       ❌ NO incluido (fecha no coincide)
[12-Jun-2026 00:45:52 UTC]    📅 Envío #31842: post_date_raw='2026-06-06 17:12:14' | fecha_reprog_raw='06/06/2026' | fecha_efectiva='2026-06-06' | hoy='2026-06-11'
[12-Jun-2026 00:45:52 UTC]       ❌ NO incluido (fecha no coincide)
[12-Jun-2026 00:45:52 UTC]    📅 Envío #31844: post_date_raw='2026-06-06 17:21:15' | fecha_reprog_raw='06/06/2026' | fecha_efectiva='2026-06-06' | hoy='2026-06-11'
[12-Jun-2026 00:45:52 UTC]       ❌ NO incluido (fecha no coincide)
[12-Jun-2026 00:45:52 UTC]    📅 Envío #31861: post_date_raw='2026-06-07 15:42:35' | fecha_reprog_raw='07/06/2026' | fecha_efectiva='2026-06-07' | hoy='2026-06-11'
[12-Jun-2026 00:45:52 UTC]       ❌ NO incluido (fecha no coincide)
[12-Jun-2026 00:45:52 UTC]    📅 Envío #31866: post_date_raw='2026-06-07 17:51:18' | fecha_reprog_raw='07/06/2026' | fecha_efectiva='2026-06-07' | hoy='2026-06-11'
[12-Jun-2026 00:45:52 UTC]       ❌ NO incluido (fecha no coincide)
[12-Jun-2026 00:45:52 UTC]    📅 Envío #31872: post_date_raw='2026-06-11 07:56:31' | fecha_reprog_raw='11/06/2026' | fecha_efectiva='2026-06-11' | hoy='2026-06-11'
[12-Jun-2026 00:45:52 UTC]       ✅ INCLUIDO en filtrados
[12-Jun-2026 00:45:52 UTC] 📦 Total envíos encontrados para HOY: 1
[12-Jun-2026 00:45:52 UTC] PHP Deprecated:  trim(): Passing null to parameter #1 ($string) of type string is deprecated in /var/www/html/wp-content/themes/blocksy-child/functions.php on line 9498
[12-Jun-2026 00:45:52 UTC]    📅 Envío #31872: Creado=2026-06-11 | Reprog=2026-11-06 | Efectiva=2026-06-11 | Estado=entregado | Pago=
[12-Jun-2026 00:45:52 UTC]    Envío #31872: ENTREGADO pero NO pagado (estado_pago: ) → Bloquea
[12-Jun-2026 00:45:52 UTC] 📊 RESUMEN - Total: 1 | Finales: 0 | Recogidos: 0 | Entregados sin pagar: 1 | No Recogidos: 0 | Otros: 0
[12-Jun-2026 00:45:52 UTC] 🔴 BLOQUEADO: Hay envíos en proceso - Recogidos: 0, Entregados sin pagar: 1, No Recogidos: 0
[12-Jun-2026 00:45:52 UTC]    Se necesita que TODOS los 1 envíos del día estén finalizados (actualmente: 0 finalizados)
[12-Jun-2026 00:45:52 UTC] =====================================
[12-Jun-2026 00:45:52 UTC] =====================================
[12-Jun-2026 00:45:52 UTC] 🔍 VERIFICANDO BLOQUEO - Cliente: #517 | Fecha: 2026-06-11
[12-Jun-2026 00:45:52 UTC] URL actual: /panel-cliente/
[12-Jun-2026 00:45:52 UTC] =====================================
[12-Jun-2026 00:45:52 UTC] 🔎 SQL Query: 
        SELECT 
            p.ID, 
            p.post_date,
            pm_status.meta_value as estado,
            pm_pago.meta_value as estado_pago,
            pm_fecha_reprog.meta_value as fecha_reprogramada
        FROM wp_posts p
        LEFT JOIN wp_postmeta pm_shipper 
            ON p.ID = pm_shipper.post_id 
            AND pm_shipper.meta_key = 'registered_shipper'
        LEFT JOIN wp_postmeta pm_status 
            ON p.ID = pm_status.post_id 
            AND pm_status.meta_key = 'wpcargo_status'
        LEFT JOIN wp_postmeta pm_pago 
            ON p.ID = pm_pago.post_id 
            AND pm_pago.meta_key = 'wpcargo_estado_pago_remitente'
        LEFT JOIN wp_postmeta pm_fecha_reprog 
            ON p.ID = pm_fecha_reprog.post_id 
            AND pm_fecha_reprog.meta_key = 'wpcargo_pickup_date_picker'
        WHERE p.post_type = 'wpcargo_shipment'
        AND p.post_status = 'publish'
        AND pm_shipper.meta_value = '517'
    
[12-Jun-2026 00:45:52 UTC] 📊 Total envíos del cliente (sin filtrar): 7
[12-Jun-2026 00:45:52 UTC]    📅 Envío #31835: post_date_raw='2026-05-24 11:34:58' | fecha_reprog_raw='24/05/2026' | fecha_efectiva='2026-05-24' | hoy='2026-06-11'
[12-Jun-2026 00:45:52 UTC]       ❌ NO incluido (fecha no coincide)
[12-Jun-2026 00:45:52 UTC]    📅 Envío #31841: post_date_raw='2026-06-06 17:06:16' | fecha_reprog_raw='06/06/2026' | fecha_efectiva='2026-06-06' | hoy='2026-06-11'
[12-Jun-2026 00:45:52 UTC]       ❌ NO incluido (fecha no coincide)
[12-Jun-2026 00:45:52 UTC]    📅 Envío #31842: post_date_raw='2026-06-06 17:12:14' | fecha_reprog_raw='06/06/2026' | fecha_efectiva='2026-06-06' | hoy='2026-06-11'
[12-Jun-2026 00:45:52 UTC]       ❌ NO incluido (fecha no coincide)
[12-Jun-2026 00:45:52 UTC]    📅 Envío #31844: post_date_raw='2026-06-06 17:21:15' | fecha_reprog_raw='06/06/2026' | fecha_efectiva='2026-06-06' | hoy='2026-06-11'
[12-Jun-2026 00:45:52 UTC]       ❌ NO incluido (fecha no coincide)
[12-Jun-2026 00:45:52 UTC]    📅 Envío #31861: post_date_raw='2026-06-07 15:42:35' | fecha_reprog_raw='07/06/2026' | fecha_efectiva='2026-06-07' | hoy='2026-06-11'
[12-Jun-2026 00:45:52 UTC]       ❌ NO incluido (fecha no coincide)
[12-Jun-2026 00:45:52 UTC]    📅 Envío #31866: post_date_raw='2026-06-07 17:51:18' | fecha_reprog_raw='07/06/2026' | fecha_efectiva='2026-06-07' | hoy='2026-06-11'
[12-Jun-2026 00:45:52 UTC]       ❌ NO incluido (fecha no coincide)
[12-Jun-2026 00:45:52 UTC]    📅 Envío #31872: post_date_raw='2026-06-11 07:56:31' | fecha_reprog_raw='11/06/2026' | fecha_efectiva='2026-06-11' | hoy='2026-06-11'
[12-Jun-2026 00:45:52 UTC]       ✅ INCLUIDO en filtrados
[12-Jun-2026 00:45:52 UTC] 📦 Total envíos encontrados para HOY: 1
[12-Jun-2026 00:45:52 UTC]    📅 Envío #31872: Creado=2026-06-11 | Reprog=2026-11-06 | Efectiva=2026-06-11 | Estado=entregado | Pago=
[12-Jun-2026 00:45:52 UTC]    Envío #31872: ENTREGADO pero NO pagado (estado_pago: ) → Bloquea
[12-Jun-2026 00:45:52 UTC] 📊 RESUMEN - Total: 1 | Finales: 0 | Recogidos: 0 | Entregados sin pagar: 1 | No Recogidos: 0 | Otros: 0
[12-Jun-2026 00:45:52 UTC] 🔴 BLOQUEADO: Hay envíos en proceso - Recogidos: 0, Entregados sin pagar: 1, No Recogidos: 0
[12-Jun-2026 00:45:52 UTC]    Se necesita que TODOS los 1 envíos del día estén finalizados (actualmente: 0 finalizados)
[12-Jun-2026 00:45:52 UTC] =====================================
[12-Jun-2026 00:45:52 UTC] =====================================
[12-Jun-2026 00:45:52 UTC] 🔍 VERIFICANDO BLOQUEO - Cliente: #517 | Fecha: 2026-06-11
[12-Jun-2026 00:45:52 UTC] URL actual: /panel-cliente/
[12-Jun-2026 00:45:52 UTC] =====================================
[12-Jun-2026 00:45:52 UTC] 🔎 SQL Query: 
        SELECT 
            p.ID, 
            p.post_date,
            pm_status.meta_value as estado,
            pm_pago.meta_value as estado_pago,
            pm_fecha_reprog.meta_value as fecha_reprogramada
        FROM wp_posts p
        LEFT JOIN wp_postmeta pm_shipper 
            ON p.ID = pm_shipper.post_id 
            AND pm_shipper.meta_key = 'registered_shipper'
        LEFT JOIN wp_postmeta pm_status 
            ON p.ID = pm_status.post_id 
            AND pm_status.meta_key = 'wpcargo_status'
        LEFT JOIN wp_postmeta pm_pago 
            ON p.ID = pm_pago.post_id 
            AND pm_pago.meta_key = 'wpcargo_estado_pago_remitente'
        LEFT JOIN wp_postmeta pm_fecha_reprog 
            ON p.ID = pm_fecha_reprog.post_id 
            AND pm_fecha_reprog.meta_key = 'wpcargo_pickup_date_picker'
        WHERE p.post_type = 'wpcargo_shipment'
        AND p.post_status = 'publish'
        AND pm_shipper.meta_value = '517'
    
[12-Jun-2026 00:45:52 UTC] 📊 Total envíos del cliente (sin filtrar): 7
[12-Jun-2026 00:45:52 UTC]    📅 Envío #31835: post_date_raw='2026-05-24 11:34:58' | fecha_reprog_raw='24/05/2026' | fecha_efectiva='2026-05-24' | hoy='2026-06-11'
[12-Jun-2026 00:45:52 UTC]       ❌ NO incluido (fecha no coincide)
[12-Jun-2026 00:45:52 UTC]    📅 Envío #31841: post_date_raw='2026-06-06 17:06:16' | fecha_reprog_raw='06/06/2026' | fecha_efectiva='2026-06-06' | hoy='2026-06-11'
[12-Jun-2026 00:45:52 UTC]       ❌ NO incluido (fecha no coincide)
[12-Jun-2026 00:45:52 UTC]    📅 Envío #31842: post_date_raw='2026-06-06 17:12:14' | fecha_reprog_raw='06/06/2026' | fecha_efectiva='2026-06-06' | hoy='2026-06-11'
[12-Jun-2026 00:45:52 UTC]       ❌ NO incluido (fecha no coincide)
[12-Jun-2026 00:45:52 UTC]    📅 Envío #31844: post_date_raw='2026-06-06 17:21:15' | fecha_reprog_raw='06/06/2026' | fecha_efectiva='2026-06-06' | hoy='2026-06-11'
[12-Jun-2026 00:45:52 UTC]       ❌ NO incluido (fecha no coincide)
[12-Jun-2026 00:45:52 UTC]    📅 Envío #31861: post_date_raw='2026-06-07 15:42:35' | fecha_reprog_raw='07/06/2026' | fecha_efectiva='2026-06-07' | hoy='2026-06-11'
[12-Jun-2026 00:45:52 UTC]       ❌ NO incluido (fecha no coincide)
[12-Jun-2026 00:45:52 UTC]    📅 Envío #31866: post_date_raw='2026-06-07 17:51:18' | fecha_reprog_raw='07/06/2026' | fecha_efectiva='2026-06-07' | hoy='2026-06-11'
[12-Jun-2026 00:45:52 UTC]       ❌ NO incluido (fecha no coincide)
[12-Jun-2026 00:45:52 UTC]    📅 Envío #31872: post_date_raw='2026-06-11 07:56:31' | fecha_reprog_raw='11/06/2026' | fecha_efectiva='2026-06-11' | hoy='2026-06-11'
[12-Jun-2026 00:45:52 UTC]       ✅ INCLUIDO en filtrados
[12-Jun-2026 00:45:52 UTC] 📦 Total envíos encontrados para HOY: 1
[12-Jun-2026 00:45:52 UTC]    📅 Envío #31872: Creado=2026-06-11 | Reprog=2026-11-06 | Efectiva=2026-06-11 | Estado=entregado | Pago=
[12-Jun-2026 00:45:52 UTC]    Envío #31872: ENTREGADO pero NO pagado (estado_pago: ) → Bloquea
[12-Jun-2026 00:45:52 UTC] 📊 RESUMEN - Total: 1 | Finales: 0 | Recogidos: 0 | Entregados sin pagar: 1 | No Recogidos: 0 | Otros: 0
[12-Jun-2026 00:45:52 UTC] 🔴 BLOQUEADO: Hay envíos en proceso - Recogidos: 0, Entregados sin pagar: 1, No Recogidos: 0
[12-Jun-2026 00:45:52 UTC]    Se necesita que TODOS los 1 envíos del día estén finalizados (actualmente: 0 finalizados)
[12-Jun-2026 00:45:52 UTC] =====================================
[12-Jun-2026 00:45:52 UTC] =====================================
[12-Jun-2026 00:45:52 UTC] 🔍 VERIFICANDO BLOQUEO - Cliente: #517 | Fecha: 2026-06-11
[12-Jun-2026 00:45:52 UTC] URL actual: /panel-cliente/
[12-Jun-2026 00:45:52 UTC] =====================================
[12-Jun-2026 00:45:52 UTC] 🔎 SQL Query: 
        SELECT 
            p.ID, 
            p.post_date,
            pm_status.meta_value as estado,
            pm_pago.meta_value as estado_pago,
            pm_fecha_reprog.meta_value as fecha_reprogramada
        FROM wp_posts p
        LEFT JOIN wp_postmeta pm_shipper 
            ON p.ID = pm_shipper.post_id 
            AND pm_shipper.meta_key = 'registered_shipper'
        LEFT JOIN wp_postmeta pm_status 
            ON p.ID = pm_status.post_id 
            AND pm_status.meta_key = 'wpcargo_status'
        LEFT JOIN wp_postmeta pm_pago 
            ON p.ID = pm_pago.post_id 
            AND pm_pago.meta_key = 'wpcargo_estado_pago_remitente'
        LEFT JOIN wp_postmeta pm_fecha_reprog 
            ON p.ID = pm_fecha_reprog.post_id 
            AND pm_fecha_reprog.meta_key = 'wpcargo_pickup_date_picker'
        WHERE p.post_type = 'wpcargo_shipment'
        AND p.post_status = 'publish'
        AND pm_shipper.meta_value = '517'
    
[12-Jun-2026 00:45:52 UTC] 📊 Total envíos del cliente (sin filtrar): 7
[12-Jun-2026 00:45:52 UTC]    📅 Envío #31835: post_date_raw='2026-05-24 11:34:58' | fecha_reprog_raw='24/05/2026' | fecha_efectiva='2026-05-24' | hoy='2026-06-11'
[12-Jun-2026 00:45:52 UTC]       ❌ NO incluido (fecha no coincide)
[12-Jun-2026 00:45:52 UTC]    📅 Envío #31841: post_date_raw='2026-06-06 17:06:16' | fecha_reprog_raw='06/06/2026' | fecha_efectiva='2026-06-06' | hoy='2026-06-11'
[12-Jun-2026 00:45:52 UTC]       ❌ NO incluido (fecha no coincide)
[12-Jun-2026 00:45:52 UTC]    📅 Envío #31842: post_date_raw='2026-06-06 17:12:14' | fecha_reprog_raw='06/06/2026' | fecha_efectiva='2026-06-06' | hoy='2026-06-11'
[12-Jun-2026 00:45:52 UTC]       ❌ NO incluido (fecha no coincide)
[12-Jun-2026 00:45:52 UTC]    📅 Envío #31844: post_date_raw='2026-06-06 17:21:15' | fecha_reprog_raw='06/06/2026' | fecha_efectiva='2026-06-06' | hoy='2026-06-11'
[12-Jun-2026 00:45:52 UTC]       ❌ NO incluido (fecha no coincide)
[12-Jun-2026 00:45:52 UTC]    📅 Envío #31861: post_date_raw='2026-06-07 15:42:35' | fecha_reprog_raw='07/06/2026' | fecha_efectiva='2026-06-07' | hoy='2026-06-11'
[12-Jun-2026 00:45:52 UTC]       ❌ NO incluido (fecha no coincide)
[12-Jun-2026 00:45:52 UTC]    📅 Envío #31866: post_date_raw='2026-06-07 17:51:18' | fecha_reprog_raw='07/06/2026' | fecha_efectiva='2026-06-07' | hoy='2026-06-11'
[12-Jun-2026 00:45:52 UTC]       ❌ NO incluido (fecha no coincide)
[12-Jun-2026 00:45:52 UTC]    📅 Envío #31872: post_date_raw='2026-06-11 07:56:31' | fecha_reprog_raw='11/06/2026' | fecha_efectiva='2026-06-11' | hoy='2026-06-11'
[12-Jun-2026 00:45:52 UTC]       ✅ INCLUIDO en filtrados
[12-Jun-2026 00:45:52 UTC] 📦 Total envíos encontrados para HOY: 1
[12-Jun-2026 00:45:52 UTC]    📅 Envío #31872: Creado=2026-06-11 | Reprog=2026-11-06 | Efectiva=2026-06-11 | Estado=entregado | Pago=
[12-Jun-2026 00:45:52 UTC]    Envío #31872: ENTREGADO pero NO pagado (estado_pago: ) → Bloquea
[12-Jun-2026 00:45:52 UTC] 📊 RESUMEN - Total: 1 | Finales: 0 | Recogidos: 0 | Entregados sin pagar: 1 | No Recogidos: 0 | Otros: 0
[12-Jun-2026 00:45:52 UTC] 🔴 BLOQUEADO: Hay envíos en proceso - Recogidos: 0, Entregados sin pagar: 1, No Recogidos: 0
[12-Jun-2026 00:45:52 UTC]    Se necesita que TODOS los 1 envíos del día estén finalizados (actualmente: 0 finalizados)
[12-Jun-2026 00:45:52 UTC] =====================================
[12-Jun-2026 00:45:52 UTC] =====================================
[12-Jun-2026 00:45:52 UTC] 🔍 VERIFICANDO BLOQUEO - Cliente: #517 | Fecha: 2026-06-11
[12-Jun-2026 00:45:52 UTC] URL actual: /panel-cliente/
[12-Jun-2026 00:45:52 UTC] =====================================
[12-Jun-2026 00:45:52 UTC] 🔎 SQL Query: 
        SELECT 
            p.ID, 
            p.post_date,
            pm_status.meta_value as estado,
            pm_pago.meta_value as estado_pago,
            pm_fecha_reprog.meta_value as fecha_reprogramada
        FROM wp_posts p
        LEFT JOIN wp_postmeta pm_shipper 
            ON p.ID = pm_shipper.post_id 
            AND pm_shipper.meta_key = 'registered_shipper'
        LEFT JOIN wp_postmeta pm_status 
            ON p.ID = pm_status.post_id 
            AND pm_status.meta_key = 'wpcargo_status'
        LEFT JOIN wp_postmeta pm_pago 
            ON p.ID = pm_pago.post_id 
            AND pm_pago.meta_key = 'wpcargo_estado_pago_remitente'
        LEFT JOIN wp_postmeta pm_fecha_reprog 
            ON p.ID = pm_fecha_reprog.post_id 
            AND pm_fecha_reprog.meta_key = 'wpcargo_pickup_date_picker'
        WHERE p.post_type = 'wpcargo_shipment'
        AND p.post_status = 'publish'
        AND pm_shipper.meta_value = '517'
    
[12-Jun-2026 00:45:52 UTC] 📊 Total envíos del cliente (sin filtrar): 7
[12-Jun-2026 00:45:52 UTC]    📅 Envío #31835: post_date_raw='2026-05-24 11:34:58' | fecha_reprog_raw='24/05/2026' | fecha_efectiva='2026-05-24' | hoy='2026-06-11'
[12-Jun-2026 00:45:52 UTC]       ❌ NO incluido (fecha no coincide)
[12-Jun-2026 00:45:52 UTC]    📅 Envío #31841: post_date_raw='2026-06-06 17:06:16' | fecha_reprog_raw='06/06/2026' | fecha_efectiva='2026-06-06' | hoy='2026-06-11'
[12-Jun-2026 00:45:52 UTC]       ❌ NO incluido (fecha no coincide)
[12-Jun-2026 00:45:52 UTC]    📅 Envío #31842: post_date_raw='2026-06-06 17:12:14' | fecha_reprog_raw='06/06/2026' | fecha_efectiva='2026-06-06' | hoy='2026-06-11'
[12-Jun-2026 00:45:52 UTC]       ❌ NO incluido (fecha no coincide)
[12-Jun-2026 00:45:52 UTC]    📅 Envío #31844: post_date_raw='2026-06-06 17:21:15' | fecha_reprog_raw='06/06/2026' | fecha_efectiva='2026-06-06' | hoy='2026-06-11'
[12-Jun-2026 00:45:52 UTC]       ❌ NO incluido (fecha no coincide)
[12-Jun-2026 00:45:52 UTC]    📅 Envío #31861: post_date_raw='2026-06-07 15:42:35' | fecha_reprog_raw='07/06/2026' | fecha_efectiva='2026-06-07' | hoy='2026-06-11'
[12-Jun-2026 00:45:52 UTC]       ❌ NO incluido (fecha no coincide)
[12-Jun-2026 00:45:52 UTC]    📅 Envío #31866: post_date_raw='2026-06-07 17:51:18' | fecha_reprog_raw='07/06/2026' | fecha_efectiva='2026-06-07' | hoy='2026-06-11'
[12-Jun-2026 00:45:52 UTC]       ❌ NO incluido (fecha no coincide)
[12-Jun-2026 00:45:52 UTC]    📅 Envío #31872: post_date_raw='2026-06-11 07:56:31' | fecha_reprog_raw='11/06/2026' | fecha_efectiva='2026-06-11' | hoy='2026-06-11'
[12-Jun-2026 00:45:52 UTC]       ✅ INCLUIDO en filtrados
[12-Jun-2026 00:45:52 UTC] 📦 Total envíos encontrados para HOY: 1
[12-Jun-2026 00:45:52 UTC]    📅 Envío #31872: Creado=2026-06-11 | Reprog=2026-11-06 | Efectiva=2026-06-11 | Estado=entregado | Pago=
[12-Jun-2026 00:45:52 UTC]    Envío #31872: ENTREGADO pero NO pagado (estado_pago: ) → Bloquea
[12-Jun-2026 00:45:52 UTC] 📊 RESUMEN - Total: 1 | Finales: 0 | Recogidos: 0 | Entregados sin pagar: 1 | No Recogidos: 0 | Otros: 0
[12-Jun-2026 00:45:52 UTC] 🔴 BLOQUEADO: Hay envíos en proceso - Recogidos: 0, Entregados sin pagar: 1, No Recogidos: 0
[12-Jun-2026 00:45:52 UTC]    Se necesita que TODOS los 1 envíos del día estén finalizados (actualmente: 0 finalizados)
[12-Jun-2026 00:45:52 UTC] =====================================
[12-Jun-2026 00:45:52 UTC] === MERC_CLIENTE_BALANCE DEBUG ===
[12-Jun-2026 00:45:52 UTC] Cliente ID: 517
[12-Jun-2026 00:45:52 UTC] Fecha inicio (GET): VACÍA
[12-Jun-2026 00:45:52 UTC] Fecha fin (GET): VACÍA
[12-Jun-2026 00:45:52 UTC] 📋 Query SQL generada:
[12-Jun-2026 00:45:52 UTC] 
        SELECT p.ID,
               pm_producto.meta_value         AS costo_producto,
               pm_envio.meta_value            AS costo_envio,
               pm_quien_paga.meta_value       AS quien_paga,
               pm_included.meta_value         AS estado_pago_remitente,
               pm_cliente_pago_a.meta_value   AS cliente_pago_a,
               pm_pickup_date.meta_value      AS pickup_date
        FROM wp_posts p
        LEFT JOIN wp_postmeta pm_shipper 
            ON p.ID = pm_shipper.post_id 
            AND pm_shipper.meta_key = 'registered_shipper'
        LEFT JOIN wp_postmeta pm_producto 
            ON p.ID = pm_producto.post_id 
            AND pm_producto.meta_key = 'wpcargo_costo_producto'
        LEFT JOIN wp_postmeta pm_envio 
            ON p.ID = pm_envio.post_id 
            AND pm_envio.meta_key = 'wpcargo_costo_envio'
        LEFT JOIN wp_postmeta pm_quien_paga 
            ON p.ID = pm_quien_paga.post_id 
            AND pm_quien_paga.meta_key = 'wpcargo_quien_paga'
        LEFT JOIN wp_postmeta pm_included 
            ON p.ID = pm_included.post_id 
            AND pm_included.meta_key = 'wpcargo_included_in_liquidation'
        LEFT JOIN wp_postmeta pm_cliente_pago_a 
            ON p.ID = pm_cliente_pago_a.post_id 
            AND pm_cliente_pago_a.meta_key = 'wpcargo_cliente_pago_a'
        LEFT JOIN wp_postmeta pm_pickup_date
            ON p.ID = pm_pickup_date.post_id
            AND pm_pickup_date.meta_key IN ('wpcargo_pickup_date_picker', 'wpcargo_pickup_date', 'wpcargo_fecha_envio')
        WHERE p.post_type = 'wpcargo_shipment'
        AND p.post_status = 'publish'
        AND pm_shipper.meta_value = '517'
    
[12-Jun-2026 00:45:52 UTC] 📦 Envíos encontrados: 7
[12-Jun-2026 00:45:52 UTC]    → ID: 31835, Fecha meta: 24/05/2026
[12-Jun-2026 00:45:52 UTC]    → ID: 31841, Fecha meta: 06/06/2026
[12-Jun-2026 00:45:52 UTC]    → ID: 31842, Fecha meta: 06/06/2026
[12-Jun-2026 00:45:52 UTC]    → ID: 31844, Fecha meta: 06/06/2026
[12-Jun-2026 00:45:52 UTC]    → ID: 31861, Fecha meta: 07/06/2026
[12-Jun-2026 00:45:52 UTC]    → ID: 31866, Fecha meta: 07/06/2026
[12-Jun-2026 00:45:52 UTC]    → ID: 31872, Fecha meta: 11/06/2026
[12-Jun-2026 00:45:52 UTC] --- Procesando envíos para cálculo de totales ---
[12-Jun-2026 00:45:52 UTC]   Envío ID: 31835 | Producto: 30 | Envío: 10 | Quién paga: remitente | Estado: 
[12-Jun-2026 00:45:52 UTC]   Envío ID: 31841 | Producto: 27 | Envío: 13 | Quién paga: remitente | Estado: liq_6a24a99ce21da
[12-Jun-2026 00:45:52 UTC]   Envío ID: 31842 | Producto: 22 | Envío: 8 | Quién paga: remitente | Estado: liq_6a24a99ce21da
[12-Jun-2026 00:45:52 UTC]   Envío ID: 31844 | Producto: 30 | Envío: 10 | Quién paga: remitente | Estado: liq_6a24a99ce21da
[12-Jun-2026 00:45:52 UTC]   Envío ID: 31861 | Producto: 24 | Envío: 13 | Quién paga: remitente | Estado: liq_6a25f33a466cc
[12-Jun-2026 00:45:52 UTC]   Envío ID: 31866 | Producto: 30 | Envío: 8 | Quién paga: remitente | Estado: liq_6a25f798ae31c
[12-Jun-2026 00:45:52 UTC]   Envío ID: 31872 | Producto: 27 | Envío: 13 | Quién paga: remitente | Estado: 
[12-Jun-2026 00:45:52 UTC] --- Totales calculados ---
[12-Jun-2026 00:45:52 UTC] Por cobrar: 0
[12-Jun-2026 00:45:52 UTC] Por pagar: 23
[12-Jun-2026 00:45:52 UTC] Efectivo: 17
[12-Jun-2026 00:45:52 UTC] Recaudado MERC: 20
[12-Jun-2026 00:45:52 UTC] Recaudado MARCA: 20
[12-Jun-2026 00:45:52 UTC] === FIN DEBUG ===
[12-Jun-2026 00:45:52 UTC] PHP Warning:  Undefined variable $pos_total in /var/www/html/wp-content/themes/blocksy-child/functions.php on line 13896
[12-Jun-2026 00:45:53 UTC] 🔔 [MERC_LOG] Inicializado logger diario: /var/www/html/wp-content/merc_logs/merc-debug-2026-06-12.log
[12-Jun-2026 00:46:04 UTC] 🔔 [MERC_LOG] Inicializado logger diario: /var/www/html/wp-content/merc_logs/merc-debug-2026-06-12.log
[12-Jun-2026 00:46:14 UTC] [Elementor Atomic Widgets] [WARNING] Migrations manifest not found | Context: {"path":"https://migrations.elementor.com/manifest.json"}
[12-Jun-2026 00:46:14 UTC] =====================================
[12-Jun-2026 00:46:14 UTC] 🔍 VERIFICANDO BLOQUEO - Cliente: #517 | Fecha: 2026-06-11
[12-Jun-2026 00:46:14 UTC] URL actual: /dashboard/?wpcfe=add
[12-Jun-2026 00:46:14 UTC] =====================================
[12-Jun-2026 00:46:14 UTC] 🔎 SQL Query: 
        SELECT 
            p.ID, 
            p.post_date,
            pm_status.meta_value as estado,
            pm_pago.meta_value as estado_pago,
            pm_fecha_reprog.meta_value as fecha_reprogramada
        FROM wp_posts p
        LEFT JOIN wp_postmeta pm_shipper 
            ON p.ID = pm_shipper.post_id 
            AND pm_shipper.meta_key = 'registered_shipper'
        LEFT JOIN wp_postmeta pm_status 
            ON p.ID = pm_status.post_id 
            AND pm_status.meta_key = 'wpcargo_status'
        LEFT JOIN wp_postmeta pm_pago 
            ON p.ID = pm_pago.post_id 
            AND pm_pago.meta_key = 'wpcargo_estado_pago_remitente'
        LEFT JOIN wp_postmeta pm_fecha_reprog 
            ON p.ID = pm_fecha_reprog.post_id 
            AND pm_fecha_reprog.meta_key = 'wpcargo_pickup_date_picker'
        WHERE p.post_type = 'wpcargo_shipment'
        AND p.post_status = 'publish'
        AND pm_shipper.meta_value = '517'
    
[12-Jun-2026 00:46:14 UTC] 📊 Total envíos del cliente (sin filtrar): 7
[12-Jun-2026 00:46:14 UTC]    📅 Envío #31835: post_date_raw='2026-05-24 11:34:58' | fecha_reprog_raw='24/05/2026' | fecha_efectiva='2026-05-24' | hoy='2026-06-11'
[12-Jun-2026 00:46:14 UTC]       ❌ NO incluido (fecha no coincide)
[12-Jun-2026 00:46:14 UTC]    📅 Envío #31841: post_date_raw='2026-06-06 17:06:16' | fecha_reprog_raw='06/06/2026' | fecha_efectiva='2026-06-06' | hoy='2026-06-11'
[12-Jun-2026 00:46:14 UTC]       ❌ NO incluido (fecha no coincide)
[12-Jun-2026 00:46:14 UTC]    📅 Envío #31842: post_date_raw='2026-06-06 17:12:14' | fecha_reprog_raw='06/06/2026' | fecha_efectiva='2026-06-06' | hoy='2026-06-11'
[12-Jun-2026 00:46:14 UTC]       ❌ NO incluido (fecha no coincide)
[12-Jun-2026 00:46:14 UTC]    📅 Envío #31844: post_date_raw='2026-06-06 17:21:15' | fecha_reprog_raw='06/06/2026' | fecha_efectiva='2026-06-06' | hoy='2026-06-11'
[12-Jun-2026 00:46:14 UTC]       ❌ NO incluido (fecha no coincide)
[12-Jun-2026 00:46:14 UTC]    📅 Envío #31861: post_date_raw='2026-06-07 15:42:35' | fecha_reprog_raw='07/06/2026' | fecha_efectiva='2026-06-07' | hoy='2026-06-11'
[12-Jun-2026 00:46:14 UTC]       ❌ NO incluido (fecha no coincide)
[12-Jun-2026 00:46:14 UTC]    📅 Envío #31866: post_date_raw='2026-06-07 17:51:18' | fecha_reprog_raw='07/06/2026' | fecha_efectiva='2026-06-07' | hoy='2026-06-11'
[12-Jun-2026 00:46:14 UTC]       ❌ NO incluido (fecha no coincide)
[12-Jun-2026 00:46:14 UTC]    📅 Envío #31872: post_date_raw='2026-06-11 07:56:31' | fecha_reprog_raw='11/06/2026' | fecha_efectiva='2026-06-11' | hoy='2026-06-11'
[12-Jun-2026 00:46:14 UTC]       ✅ INCLUIDO en filtrados
[12-Jun-2026 00:46:14 UTC] 📦 Total envíos encontrados para HOY: 1
[12-Jun-2026 00:46:14 UTC] PHP Deprecated:  trim(): Passing null to parameter #1 ($string) of type string is deprecated in /var/www/html/wp-content/themes/blocksy-child/functions.php on line 9498
[12-Jun-2026 00:46:14 UTC]    📅 Envío #31872: Creado=2026-06-11 | Reprog=2026-11-06 | Efectiva=2026-06-11 | Estado=entregado | Pago=
[12-Jun-2026 00:46:14 UTC]    Envío #31872: ENTREGADO pero NO pagado (estado_pago: ) → Bloquea
[12-Jun-2026 00:46:14 UTC] 📊 RESUMEN - Total: 1 | Finales: 0 | Recogidos: 0 | Entregados sin pagar: 1 | No Recogidos: 0 | Otros: 0
[12-Jun-2026 00:46:14 UTC] 🔴 BLOQUEADO: Hay envíos en proceso - Recogidos: 0, Entregados sin pagar: 1, No Recogidos: 0
[12-Jun-2026 00:46:14 UTC]    Se necesita que TODOS los 1 envíos del día estén finalizados (actualmente: 0 finalizados)
[12-Jun-2026 00:46:14 UTC] =====================================
[12-Jun-2026 00:46:14 UTC] =====================================
[12-Jun-2026 00:46:14 UTC] 🔍 VERIFICANDO BLOQUEO - Cliente: #517 | Fecha: 2026-06-11
[12-Jun-2026 00:46:14 UTC] URL actual: /dashboard/?wpcfe=add
[12-Jun-2026 00:46:14 UTC] =====================================
[12-Jun-2026 00:46:14 UTC] 🔎 SQL Query: 
        SELECT 
            p.ID, 
            p.post_date,
            pm_status.meta_value as estado,
            pm_pago.meta_value as estado_pago,
            pm_fecha_reprog.meta_value as fecha_reprogramada
        FROM wp_posts p
        LEFT JOIN wp_postmeta pm_shipper 
            ON p.ID = pm_shipper.post_id 
            AND pm_shipper.meta_key = 'registered_shipper'
        LEFT JOIN wp_postmeta pm_status 
            ON p.ID = pm_status.post_id 
            AND pm_status.meta_key = 'wpcargo_status'
        LEFT JOIN wp_postmeta pm_pago 
            ON p.ID = pm_pago.post_id 
            AND pm_pago.meta_key = 'wpcargo_estado_pago_remitente'
        LEFT JOIN wp_postmeta pm_fecha_reprog 
            ON p.ID = pm_fecha_reprog.post_id 
            AND pm_fecha_reprog.meta_key = 'wpcargo_pickup_date_picker'
        WHERE p.post_type = 'wpcargo_shipment'
        AND p.post_status = 'publish'
        AND pm_shipper.meta_value = '517'
    
[12-Jun-2026 00:46:14 UTC] 📊 Total envíos del cliente (sin filtrar): 7
[12-Jun-2026 00:46:14 UTC]    📅 Envío #31835: post_date_raw='2026-05-24 11:34:58' | fecha_reprog_raw='24/05/2026' | fecha_efectiva='2026-05-24' | hoy='2026-06-11'
[12-Jun-2026 00:46:14 UTC]       ❌ NO incluido (fecha no coincide)
[12-Jun-2026 00:46:14 UTC]    📅 Envío #31841: post_date_raw='2026-06-06 17:06:16' | fecha_reprog_raw='06/06/2026' | fecha_efectiva='2026-06-06' | hoy='2026-06-11'
[12-Jun-2026 00:46:14 UTC]       ❌ NO incluido (fecha no coincide)
[12-Jun-2026 00:46:14 UTC]    📅 Envío #31842: post_date_raw='2026-06-06 17:12:14' | fecha_reprog_raw='06/06/2026' | fecha_efectiva='2026-06-06' | hoy='2026-06-11'
[12-Jun-2026 00:46:14 UTC]       ❌ NO incluido (fecha no coincide)
[12-Jun-2026 00:46:14 UTC]    📅 Envío #31844: post_date_raw='2026-06-06 17:21:15' | fecha_reprog_raw='06/06/2026' | fecha_efectiva='2026-06-06' | hoy='2026-06-11'
[12-Jun-2026 00:46:14 UTC]       ❌ NO incluido (fecha no coincide)
[12-Jun-2026 00:46:14 UTC]    📅 Envío #31861: post_date_raw='2026-06-07 15:42:35' | fecha_reprog_raw='07/06/2026' | fecha_efectiva='2026-06-07' | hoy='2026-06-11'
[12-Jun-2026 00:46:14 UTC]       ❌ NO incluido (fecha no coincide)
[12-Jun-2026 00:46:14 UTC]    📅 Envío #31866: post_date_raw='2026-06-07 17:51:18' | fecha_reprog_raw='07/06/2026' | fecha_efectiva='2026-06-07' | hoy='2026-06-11'
[12-Jun-2026 00:46:14 UTC]       ❌ NO incluido (fecha no coincide)
[12-Jun-2026 00:46:14 UTC]    📅 Envío #31872: post_date_raw='2026-06-11 07:56:31' | fecha_reprog_raw='11/06/2026' | fecha_efectiva='2026-06-11' | hoy='2026-06-11'
[12-Jun-2026 00:46:14 UTC]       ✅ INCLUIDO en filtrados
[12-Jun-2026 00:46:14 UTC] 📦 Total envíos encontrados para HOY: 1
[12-Jun-2026 00:46:14 UTC]    📅 Envío #31872: Creado=2026-06-11 | Reprog=2026-11-06 | Efectiva=2026-06-11 | Estado=entregado | Pago=
[12-Jun-2026 00:46:14 UTC]    Envío #31872: ENTREGADO pero NO pagado (estado_pago: ) → Bloquea
[12-Jun-2026 00:46:14 UTC] 📊 RESUMEN - Total: 1 | Finales: 0 | Recogidos: 0 | Entregados sin pagar: 1 | No Recogidos: 0 | Otros: 0
[12-Jun-2026 00:46:14 UTC] 🔴 BLOQUEADO: Hay envíos en proceso - Recogidos: 0, Entregados sin pagar: 1, No Recogidos: 0
[12-Jun-2026 00:46:14 UTC]    Se necesita que TODOS los 1 envíos del día estén finalizados (actualmente: 0 finalizados)
[12-Jun-2026 00:46:14 UTC] =====================================
[12-Jun-2026 00:46:14 UTC] =====================================
[12-Jun-2026 00:46:14 UTC] 🔍 VERIFICANDO BLOQUEO - Cliente: #517 | Fecha: 2026-06-11
[12-Jun-2026 00:46:14 UTC] URL actual: /dashboard/?wpcfe=add
[12-Jun-2026 00:46:14 UTC] =====================================
[12-Jun-2026 00:46:14 UTC] 🔎 SQL Query: 
        SELECT 
            p.ID, 
            p.post_date,
            pm_status.meta_value as estado,
            pm_pago.meta_value as estado_pago,
            pm_fecha_reprog.meta_value as fecha_reprogramada
        FROM wp_posts p
        LEFT JOIN wp_postmeta pm_shipper 
            ON p.ID = pm_shipper.post_id 
            AND pm_shipper.meta_key = 'registered_shipper'
        LEFT JOIN wp_postmeta pm_status 
            ON p.ID = pm_status.post_id 
            AND pm_status.meta_key = 'wpcargo_status'
        LEFT JOIN wp_postmeta pm_pago 
            ON p.ID = pm_pago.post_id 
            AND pm_pago.meta_key = 'wpcargo_estado_pago_remitente'
        LEFT JOIN wp_postmeta pm_fecha_reprog 
            ON p.ID = pm_fecha_reprog.post_id 
            AND pm_fecha_reprog.meta_key = 'wpcargo_pickup_date_picker'
        WHERE p.post_type = 'wpcargo_shipment'
        AND p.post_status = 'publish'
        AND pm_shipper.meta_value = '517'
    
[12-Jun-2026 00:46:14 UTC] 📊 Total envíos del cliente (sin filtrar): 7
[12-Jun-2026 00:46:14 UTC]    📅 Envío #31835: post_date_raw='2026-05-24 11:34:58' | fecha_reprog_raw='24/05/2026' | fecha_efectiva='2026-05-24' | hoy='2026-06-11'
[12-Jun-2026 00:46:14 UTC]       ❌ NO incluido (fecha no coincide)
[12-Jun-2026 00:46:14 UTC]    📅 Envío #31841: post_date_raw='2026-06-06 17:06:16' | fecha_reprog_raw='06/06/2026' | fecha_efectiva='2026-06-06' | hoy='2026-06-11'
[12-Jun-2026 00:46:14 UTC]       ❌ NO incluido (fecha no coincide)
[12-Jun-2026 00:46:14 UTC]    📅 Envío #31842: post_date_raw='2026-06-06 17:12:14' | fecha_reprog_raw='06/06/2026' | fecha_efectiva='2026-06-06' | hoy='2026-06-11'
[12-Jun-2026 00:46:14 UTC]       ❌ NO incluido (fecha no coincide)
[12-Jun-2026 00:46:14 UTC]    📅 Envío #31844: post_date_raw='2026-06-06 17:21:15' | fecha_reprog_raw='06/06/2026' | fecha_efectiva='2026-06-06' | hoy='2026-06-11'
[12-Jun-2026 00:46:14 UTC]       ❌ NO incluido (fecha no coincide)
[12-Jun-2026 00:46:14 UTC]    📅 Envío #31861: post_date_raw='2026-06-07 15:42:35' | fecha_reprog_raw='07/06/2026' | fecha_efectiva='2026-06-07' | hoy='2026-06-11'
[12-Jun-2026 00:46:14 UTC]       ❌ NO incluido (fecha no coincide)
[12-Jun-2026 00:46:14 UTC]    📅 Envío #31866: post_date_raw='2026-06-07 17:51:18' | fecha_reprog_raw='07/06/2026' | fecha_efectiva='2026-06-07' | hoy='2026-06-11'
[12-Jun-2026 00:46:14 UTC]       ❌ NO incluido (fecha no coincide)
[12-Jun-2026 00:46:14 UTC]    📅 Envío #31872: post_date_raw='2026-06-11 07:56:31' | fecha_reprog_raw='11/06/2026' | fecha_efectiva='2026-06-11' | hoy='2026-06-11'
[12-Jun-2026 00:46:14 UTC]       ✅ INCLUIDO en filtrados
[12-Jun-2026 00:46:14 UTC] 📦 Total envíos encontrados para HOY: 1
[12-Jun-2026 00:46:14 UTC]    📅 Envío #31872: Creado=2026-06-11 | Reprog=2026-11-06 | Efectiva=2026-06-11 | Estado=entregado | Pago=
[12-Jun-2026 00:46:14 UTC]    Envío #31872: ENTREGADO pero NO pagado (estado_pago: ) → Bloquea
[12-Jun-2026 00:46:14 UTC] 📊 RESUMEN - Total: 1 | Finales: 0 | Recogidos: 0 | Entregados sin pagar: 1 | No Recogidos: 0 | Otros: 0
[12-Jun-2026 00:46:14 UTC] 🔴 BLOQUEADO: Hay envíos en proceso - Recogidos: 0, Entregados sin pagar: 1, No Recogidos: 0
[12-Jun-2026 00:46:14 UTC]    Se necesita que TODOS los 1 envíos del día estén finalizados (actualmente: 0 finalizados)
[12-Jun-2026 00:46:14 UTC] =====================================
[12-Jun-2026 00:46:14 UTC] =====================================
[12-Jun-2026 00:46:14 UTC] 🔍 VERIFICANDO BLOQUEO - Cliente: #517 | Fecha: 2026-06-11
[12-Jun-2026 00:46:14 UTC] URL actual: /dashboard/?wpcfe=add
[12-Jun-2026 00:46:14 UTC] =====================================
[12-Jun-2026 00:46:14 UTC] 🔎 SQL Query: 
        SELECT 
            p.ID, 
            p.post_date,
            pm_status.meta_value as estado,
            pm_pago.meta_value as estado_pago,
            pm_fecha_reprog.meta_value as fecha_reprogramada
        FROM wp_posts p
        LEFT JOIN wp_postmeta pm_shipper 
            ON p.ID = pm_shipper.post_id 
            AND pm_shipper.meta_key = 'registered_shipper'
        LEFT JOIN wp_postmeta pm_status 
            ON p.ID = pm_status.post_id 
            AND pm_status.meta_key = 'wpcargo_status'
        LEFT JOIN wp_postmeta pm_pago 
            ON p.ID = pm_pago.post_id 
            AND pm_pago.meta_key = 'wpcargo_estado_pago_remitente'
        LEFT JOIN wp_postmeta pm_fecha_reprog 
            ON p.ID = pm_fecha_reprog.post_id 
            AND pm_fecha_reprog.meta_key = 'wpcargo_pickup_date_picker'
        WHERE p.post_type = 'wpcargo_shipment'
        AND p.post_status = 'publish'
        AND pm_shipper.meta_value = '517'
    
[12-Jun-2026 00:46:14 UTC] 📊 Total envíos del cliente (sin filtrar): 7
[12-Jun-2026 00:46:14 UTC]    📅 Envío #31835: post_date_raw='2026-05-24 11:34:58' | fecha_reprog_raw='24/05/2026' | fecha_efectiva='2026-05-24' | hoy='2026-06-11'
[12-Jun-2026 00:46:14 UTC]       ❌ NO incluido (fecha no coincide)
[12-Jun-2026 00:46:14 UTC]    📅 Envío #31841: post_date_raw='2026-06-06 17:06:16' | fecha_reprog_raw='06/06/2026' | fecha_efectiva='2026-06-06' | hoy='2026-06-11'
[12-Jun-2026 00:46:14 UTC]       ❌ NO incluido (fecha no coincide)
[12-Jun-2026 00:46:14 UTC]    📅 Envío #31842: post_date_raw='2026-06-06 17:12:14' | fecha_reprog_raw='06/06/2026' | fecha_efectiva='2026-06-06' | hoy='2026-06-11'
[12-Jun-2026 00:46:14 UTC]       ❌ NO incluido (fecha no coincide)
[12-Jun-2026 00:46:14 UTC]    📅 Envío #31844: post_date_raw='2026-06-06 17:21:15' | fecha_reprog_raw='06/06/2026' | fecha_efectiva='2026-06-06' | hoy='2026-06-11'
[12-Jun-2026 00:46:14 UTC]       ❌ NO incluido (fecha no coincide)
[12-Jun-2026 00:46:14 UTC]    📅 Envío #31861: post_date_raw='2026-06-07 15:42:35' | fecha_reprog_raw='07/06/2026' | fecha_efectiva='2026-06-07' | hoy='2026-06-11'
[12-Jun-2026 00:46:14 UTC]       ❌ NO incluido (fecha no coincide)
[12-Jun-2026 00:46:14 UTC]    📅 Envío #31866: post_date_raw='2026-06-07 17:51:18' | fecha_reprog_raw='07/06/2026' | fecha_efectiva='2026-06-07' | hoy='2026-06-11'
[12-Jun-2026 00:46:14 UTC]       ❌ NO incluido (fecha no coincide)
[12-Jun-2026 00:46:14 UTC]    📅 Envío #31872: post_date_raw='2026-06-11 07:56:31' | fecha_reprog_raw='11/06/2026' | fecha_efectiva='2026-06-11' | hoy='2026-06-11'
[12-Jun-2026 00:46:14 UTC]       ✅ INCLUIDO en filtrados
[12-Jun-2026 00:46:14 UTC] 📦 Total envíos encontrados para HOY: 1
[12-Jun-2026 00:46:14 UTC]    📅 Envío #31872: Creado=2026-06-11 | Reprog=2026-11-06 | Efectiva=2026-06-11 | Estado=entregado | Pago=
[12-Jun-2026 00:46:14 UTC]    Envío #31872: ENTREGADO pero NO pagado (estado_pago: ) → Bloquea
[12-Jun-2026 00:46:14 UTC] 📊 RESUMEN - Total: 1 | Finales: 0 | Recogidos: 0 | Entregados sin pagar: 1 | No Recogidos: 0 | Otros: 0
[12-Jun-2026 00:46:14 UTC] 🔴 BLOQUEADO: Hay envíos en proceso - Recogidos: 0, Entregados sin pagar: 1, No Recogidos: 0
[12-Jun-2026 00:46:14 UTC]    Se necesita que TODOS los 1 envíos del día estén finalizados (actualmente: 0 finalizados)
[12-Jun-2026 00:46:14 UTC] =====================================
[12-Jun-2026 00:46:15 UTC] 🔔 [MERC_LOG] Inicializado logger diario: /var/www/html/wp-content/merc_logs/merc-debug-2026-06-12.log
[12-Jun-2026 00:46:17 UTC] 🔔 [MERC_LOG] Inicializado logger diario: /var/www/html/wp-content/merc_logs/merc-debug-2026-06-12.log
[12-Jun-2026 00:46:18 UTC] ═══════════════════════════════════════════════════════════════
[12-Jun-2026 00:46:18 UTC] 🔍 NUEVA LÓGICA DE BLOQUEOS - Cliente: 517 | Tipo: normal | Ahora: 19:46
[12-Jun-2026 00:46:18 UTC] Límites: SIN=10:00 | CON=10:00
[12-Jun-2026 00:46:18 UTC] 📊 [CONTAR ENVÍOS] Cliente 517 | Tipo: normal | Hoy: 2026-06-11 | Total: 0
[12-Jun-2026 00:46:18 UTC] 📊 Envíos de tipo NORMAL creados hoy: 0
[12-Jun-2026 00:46:18 UTC] 📌 ESCENARIO 1: SIN ENVÍOS
[12-Jun-2026 00:46:18 UTC]    Comparando: 19:46 vs 10:00
[12-Jun-2026 00:46:18 UTC]    ✅ PASÓ LA HORA LÍMITE → PERMITIR CON FECHA MAÑANA
[12-Jun-2026 00:46:19 UTC] =====================================
[12-Jun-2026 00:46:19 UTC] 🔍 VERIFICANDO BLOQUEO - Cliente: #517 | Fecha: 2026-06-11
[12-Jun-2026 00:46:19 UTC] URL actual: /dashboard/?wpcfe=add&type=normal
[12-Jun-2026 00:46:19 UTC] =====================================
[12-Jun-2026 00:46:19 UTC] 🔎 SQL Query: 
        SELECT 
            p.ID, 
            p.post_date,
            pm_status.meta_value as estado,
            pm_pago.meta_value as estado_pago,
            pm_fecha_reprog.meta_value as fecha_reprogramada
        FROM wp_posts p
        LEFT JOIN wp_postmeta pm_shipper 
            ON p.ID = pm_shipper.post_id 
            AND pm_shipper.meta_key = 'registered_shipper'
        LEFT JOIN wp_postmeta pm_status 
            ON p.ID = pm_status.post_id 
            AND pm_status.meta_key = 'wpcargo_status'
        LEFT JOIN wp_postmeta pm_pago 
            ON p.ID = pm_pago.post_id 
            AND pm_pago.meta_key = 'wpcargo_estado_pago_remitente'
        LEFT JOIN wp_postmeta pm_fecha_reprog 
            ON p.ID = pm_fecha_reprog.post_id 
            AND pm_fecha_reprog.meta_key = 'wpcargo_pickup_date_picker'
        WHERE p.post_type = 'wpcargo_shipment'
        AND p.post_status = 'publish'
        AND pm_shipper.meta_value = '517'
    
[12-Jun-2026 00:46:19 UTC] 📊 Total envíos del cliente (sin filtrar): 7
[12-Jun-2026 00:46:19 UTC]    📅 Envío #31835: post_date_raw='2026-05-24 11:34:58' | fecha_reprog_raw='24/05/2026' | fecha_efectiva='2026-05-24' | hoy='2026-06-11'
[12-Jun-2026 00:46:19 UTC]       ❌ NO incluido (fecha no coincide)
[12-Jun-2026 00:46:19 UTC]    📅 Envío #31841: post_date_raw='2026-06-06 17:06:16' | fecha_reprog_raw='06/06/2026' | fecha_efectiva='2026-06-06' | hoy='2026-06-11'
[12-Jun-2026 00:46:19 UTC]       ❌ NO incluido (fecha no coincide)
[12-Jun-2026 00:46:19 UTC]    📅 Envío #31842: post_date_raw='2026-06-06 17:12:14' | fecha_reprog_raw='06/06/2026' | fecha_efectiva='2026-06-06' | hoy='2026-06-11'
[12-Jun-2026 00:46:19 UTC]       ❌ NO incluido (fecha no coincide)
[12-Jun-2026 00:46:19 UTC]    📅 Envío #31844: post_date_raw='2026-06-06 17:21:15' | fecha_reprog_raw='06/06/2026' | fecha_efectiva='2026-06-06' | hoy='2026-06-11'
[12-Jun-2026 00:46:19 UTC]       ❌ NO incluido (fecha no coincide)
[12-Jun-2026 00:46:19 UTC]    📅 Envío #31861: post_date_raw='2026-06-07 15:42:35' | fecha_reprog_raw='07/06/2026' | fecha_efectiva='2026-06-07' | hoy='2026-06-11'
[12-Jun-2026 00:46:19 UTC]       ❌ NO incluido (fecha no coincide)
[12-Jun-2026 00:46:19 UTC]    📅 Envío #31866: post_date_raw='2026-06-07 17:51:18' | fecha_reprog_raw='07/06/2026' | fecha_efectiva='2026-06-07' | hoy='2026-06-11'
[12-Jun-2026 00:46:19 UTC]       ❌ NO incluido (fecha no coincide)
[12-Jun-2026 00:46:19 UTC]    📅 Envío #31872: post_date_raw='2026-06-11 07:56:31' | fecha_reprog_raw='11/06/2026' | fecha_efectiva='2026-06-11' | hoy='2026-06-11'
[12-Jun-2026 00:46:19 UTC]       ✅ INCLUIDO en filtrados
[12-Jun-2026 00:46:19 UTC] 📦 Total envíos encontrados para HOY: 1
[12-Jun-2026 00:46:19 UTC] PHP Deprecated:  trim(): Passing null to parameter #1 ($string) of type string is deprecated in /var/www/html/wp-content/themes/blocksy-child/functions.php on line 9498
[12-Jun-2026 00:46:19 UTC]    📅 Envío #31872: Creado=2026-06-11 | Reprog=2026-11-06 | Efectiva=2026-06-11 | Estado=entregado | Pago=
[12-Jun-2026 00:46:19 UTC]    Envío #31872: ENTREGADO pero NO pagado (estado_pago: ) → Bloquea
[12-Jun-2026 00:46:19 UTC] 📊 RESUMEN - Total: 1 | Finales: 0 | Recogidos: 0 | Entregados sin pagar: 1 | No Recogidos: 0 | Otros: 0
[12-Jun-2026 00:46:19 UTC] 🔴 BLOQUEADO: Hay envíos en proceso - Recogidos: 0, Entregados sin pagar: 1, No Recogidos: 0
[12-Jun-2026 00:46:19 UTC]    Se necesita que TODOS los 1 envíos del día estén finalizados (actualmente: 0 finalizados)
[12-Jun-2026 00:46:19 UTC] =====================================
[12-Jun-2026 00:46:19 UTC] =====================================
[12-Jun-2026 00:46:19 UTC] 🔍 VERIFICANDO BLOQUEO - Cliente: #517 | Fecha: 2026-06-11
[12-Jun-2026 00:46:19 UTC] URL actual: /dashboard/?wpcfe=add&type=normal
[12-Jun-2026 00:46:19 UTC] =====================================
[12-Jun-2026 00:46:19 UTC] 🔎 SQL Query: 
        SELECT 
            p.ID, 
            p.post_date,
            pm_status.meta_value as estado,
            pm_pago.meta_value as estado_pago,
            pm_fecha_reprog.meta_value as fecha_reprogramada
        FROM wp_posts p
        LEFT JOIN wp_postmeta pm_shipper 
            ON p.ID = pm_shipper.post_id 
            AND pm_shipper.meta_key = 'registered_shipper'
        LEFT JOIN wp_postmeta pm_status 
            ON p.ID = pm_status.post_id 
            AND pm_status.meta_key = 'wpcargo_status'
        LEFT JOIN wp_postmeta pm_pago 
            ON p.ID = pm_pago.post_id 
            AND pm_pago.meta_key = 'wpcargo_estado_pago_remitente'
        LEFT JOIN wp_postmeta pm_fecha_reprog 
            ON p.ID = pm_fecha_reprog.post_id 
            AND pm_fecha_reprog.meta_key = 'wpcargo_pickup_date_picker'
        WHERE p.post_type = 'wpcargo_shipment'
        AND p.post_status = 'publish'
        AND pm_shipper.meta_value = '517'
    
[12-Jun-2026 00:46:19 UTC] 📊 Total envíos del cliente (sin filtrar): 7
[12-Jun-2026 00:46:19 UTC]    📅 Envío #31835: post_date_raw='2026-05-24 11:34:58' | fecha_reprog_raw='24/05/2026' | fecha_efectiva='2026-05-24' | hoy='2026-06-11'
[12-Jun-2026 00:46:19 UTC]       ❌ NO incluido (fecha no coincide)
[12-Jun-2026 00:46:19 UTC]    📅 Envío #31841: post_date_raw='2026-06-06 17:06:16' | fecha_reprog_raw='06/06/2026' | fecha_efectiva='2026-06-06' | hoy='2026-06-11'
[12-Jun-2026 00:46:19 UTC]       ❌ NO incluido (fecha no coincide)
[12-Jun-2026 00:46:19 UTC]    📅 Envío #31842: post_date_raw='2026-06-06 17:12:14' | fecha_reprog_raw='06/06/2026' | fecha_efectiva='2026-06-06' | hoy='2026-06-11'
[12-Jun-2026 00:46:19 UTC]       ❌ NO incluido (fecha no coincide)
[12-Jun-2026 00:46:19 UTC]    📅 Envío #31844: post_date_raw='2026-06-06 17:21:15' | fecha_reprog_raw='06/06/2026' | fecha_efectiva='2026-06-06' | hoy='2026-06-11'
[12-Jun-2026 00:46:19 UTC]       ❌ NO incluido (fecha no coincide)
[12-Jun-2026 00:46:19 UTC]    📅 Envío #31861: post_date_raw='2026-06-07 15:42:35' | fecha_reprog_raw='07/06/2026' | fecha_efectiva='2026-06-07' | hoy='2026-06-11'
[12-Jun-2026 00:46:19 UTC]       ❌ NO incluido (fecha no coincide)
[12-Jun-2026 00:46:19 UTC]    📅 Envío #31866: post_date_raw='2026-06-07 17:51:18' | fecha_reprog_raw='07/06/2026' | fecha_efectiva='2026-06-07' | hoy='2026-06-11'
[12-Jun-2026 00:46:19 UTC]       ❌ NO incluido (fecha no coincide)
[12-Jun-2026 00:46:19 UTC]    📅 Envío #31872: post_date_raw='2026-06-11 07:56:31' | fecha_reprog_raw='11/06/2026' | fecha_efectiva='2026-06-11' | hoy='2026-06-11'
[12-Jun-2026 00:46:19 UTC]       ✅ INCLUIDO en filtrados
[12-Jun-2026 00:46:19 UTC] 📦 Total envíos encontrados para HOY: 1
[12-Jun-2026 00:46:19 UTC]    📅 Envío #31872: Creado=2026-06-11 | Reprog=2026-11-06 | Efectiva=2026-06-11 | Estado=entregado | Pago=
[12-Jun-2026 00:46:19 UTC]    Envío #31872: ENTREGADO pero NO pagado (estado_pago: ) → Bloquea
[12-Jun-2026 00:46:19 UTC] 📊 RESUMEN - Total: 1 | Finales: 0 | Recogidos: 0 | Entregados sin pagar: 1 | No Recogidos: 0 | Otros: 0
[12-Jun-2026 00:46:19 UTC] 🔴 BLOQUEADO: Hay envíos en proceso - Recogidos: 0, Entregados sin pagar: 1, No Recogidos: 0
[12-Jun-2026 00:46:19 UTC]    Se necesita que TODOS los 1 envíos del día estén finalizados (actualmente: 0 finalizados)
[12-Jun-2026 00:46:19 UTC] =====================================
[12-Jun-2026 00:46:19 UTC] =====================================
[12-Jun-2026 00:46:19 UTC] 🔍 VERIFICANDO BLOQUEO - Cliente: #517 | Fecha: 2026-06-11
[12-Jun-2026 00:46:19 UTC] URL actual: /dashboard/?wpcfe=add&type=normal
[12-Jun-2026 00:46:19 UTC] =====================================
[12-Jun-2026 00:46:19 UTC] 🔎 SQL Query: 
        SELECT 
            p.ID, 
            p.post_date,
            pm_status.meta_value as estado,
            pm_pago.meta_value as estado_pago,
            pm_fecha_reprog.meta_value as fecha_reprogramada
        FROM wp_posts p
        LEFT JOIN wp_postmeta pm_shipper 
            ON p.ID = pm_shipper.post_id 
            AND pm_shipper.meta_key = 'registered_shipper'
        LEFT JOIN wp_postmeta pm_status 
            ON p.ID = pm_status.post_id 
            AND pm_status.meta_key = 'wpcargo_status'
        LEFT JOIN wp_postmeta pm_pago 
            ON p.ID = pm_pago.post_id 
            AND pm_pago.meta_key = 'wpcargo_estado_pago_remitente'
        LEFT JOIN wp_postmeta pm_fecha_reprog 
            ON p.ID = pm_fecha_reprog.post_id 
            AND pm_fecha_reprog.meta_key = 'wpcargo_pickup_date_picker'
        WHERE p.post_type = 'wpcargo_shipment'
        AND p.post_status = 'publish'
        AND pm_shipper.meta_value = '517'
    
[12-Jun-2026 00:46:19 UTC] 📊 Total envíos del cliente (sin filtrar): 7
[12-Jun-2026 00:46:19 UTC]    📅 Envío #31835: post_date_raw='2026-05-24 11:34:58' | fecha_reprog_raw='24/05/2026' | fecha_efectiva='2026-05-24' | hoy='2026-06-11'
[12-Jun-2026 00:46:19 UTC]       ❌ NO incluido (fecha no coincide)
[12-Jun-2026 00:46:19 UTC]    📅 Envío #31841: post_date_raw='2026-06-06 17:06:16' | fecha_reprog_raw='06/06/2026' | fecha_efectiva='2026-06-06' | hoy='2026-06-11'
[12-Jun-2026 00:46:19 UTC]       ❌ NO incluido (fecha no coincide)
[12-Jun-2026 00:46:19 UTC]    📅 Envío #31842: post_date_raw='2026-06-06 17:12:14' | fecha_reprog_raw='06/06/2026' | fecha_efectiva='2026-06-06' | hoy='2026-06-11'
[12-Jun-2026 00:46:19 UTC]       ❌ NO incluido (fecha no coincide)
[12-Jun-2026 00:46:19 UTC]    📅 Envío #31844: post_date_raw='2026-06-06 17:21:15' | fecha_reprog_raw='06/06/2026' | fecha_efectiva='2026-06-06' | hoy='2026-06-11'
[12-Jun-2026 00:46:19 UTC]       ❌ NO incluido (fecha no coincide)
[12-Jun-2026 00:46:19 UTC]    📅 Envío #31861: post_date_raw='2026-06-07 15:42:35' | fecha_reprog_raw='07/06/2026' | fecha_efectiva='2026-06-07' | hoy='2026-06-11'
[12-Jun-2026 00:46:19 UTC]       ❌ NO incluido (fecha no coincide)
[12-Jun-2026 00:46:19 UTC]    📅 Envío #31866: post_date_raw='2026-06-07 17:51:18' | fecha_reprog_raw='07/06/2026' | fecha_efectiva='2026-06-07' | hoy='2026-06-11'
[12-Jun-2026 00:46:19 UTC]       ❌ NO incluido (fecha no coincide)
[12-Jun-2026 00:46:19 UTC]    📅 Envío #31872: post_date_raw='2026-06-11 07:56:31' | fecha_reprog_raw='11/06/2026' | fecha_efectiva='2026-06-11' | hoy='2026-06-11'
[12-Jun-2026 00:46:19 UTC]       ✅ INCLUIDO en filtrados
[12-Jun-2026 00:46:19 UTC] 📦 Total envíos encontrados para HOY: 1
[12-Jun-2026 00:46:19 UTC]    📅 Envío #31872: Creado=2026-06-11 | Reprog=2026-11-06 | Efectiva=2026-06-11 | Estado=entregado | Pago=
[12-Jun-2026 00:46:19 UTC]    Envío #31872: ENTREGADO pero NO pagado (estado_pago: ) → Bloquea
[12-Jun-2026 00:46:19 UTC] 📊 RESUMEN - Total: 1 | Finales: 0 | Recogidos: 0 | Entregados sin pagar: 1 | No Recogidos: 0 | Otros: 0
[12-Jun-2026 00:46:19 UTC] 🔴 BLOQUEADO: Hay envíos en proceso - Recogidos: 0, Entregados sin pagar: 1, No Recogidos: 0
[12-Jun-2026 00:46:19 UTC]    Se necesita que TODOS los 1 envíos del día estén finalizados (actualmente: 0 finalizados)
[12-Jun-2026 00:46:19 UTC] =====================================
[12-Jun-2026 00:46:19 UTC] =====================================
[12-Jun-2026 00:46:19 UTC] 🔍 VERIFICANDO BLOQUEO - Cliente: #517 | Fecha: 2026-06-11
[12-Jun-2026 00:46:19 UTC] URL actual: /dashboard/?wpcfe=add&type=normal
[12-Jun-2026 00:46:19 UTC] =====================================
[12-Jun-2026 00:46:19 UTC] 🔎 SQL Query: 
        SELECT 
            p.ID, 
            p.post_date,
            pm_status.meta_value as estado,
            pm_pago.meta_value as estado_pago,
            pm_fecha_reprog.meta_value as fecha_reprogramada
        FROM wp_posts p
        LEFT JOIN wp_postmeta pm_shipper 
            ON p.ID = pm_shipper.post_id 
            AND pm_shipper.meta_key = 'registered_shipper'
        LEFT JOIN wp_postmeta pm_status 
            ON p.ID = pm_status.post_id 
            AND pm_status.meta_key = 'wpcargo_status'
        LEFT JOIN wp_postmeta pm_pago 
            ON p.ID = pm_pago.post_id 
            AND pm_pago.meta_key = 'wpcargo_estado_pago_remitente'
        LEFT JOIN wp_postmeta pm_fecha_reprog 
            ON p.ID = pm_fecha_reprog.post_id 
            AND pm_fecha_reprog.meta_key = 'wpcargo_pickup_date_picker'
        WHERE p.post_type = 'wpcargo_shipment'
        AND p.post_status = 'publish'
        AND pm_shipper.meta_value = '517'
    
[12-Jun-2026 00:46:19 UTC] 📊 Total envíos del cliente (sin filtrar): 7
[12-Jun-2026 00:46:19 UTC]    📅 Envío #31835: post_date_raw='2026-05-24 11:34:58' | fecha_reprog_raw='24/05/2026' | fecha_efectiva='2026-05-24' | hoy='2026-06-11'
[12-Jun-2026 00:46:19 UTC]       ❌ NO incluido (fecha no coincide)
[12-Jun-2026 00:46:19 UTC]    📅 Envío #31841: post_date_raw='2026-06-06 17:06:16' | fecha_reprog_raw='06/06/2026' | fecha_efectiva='2026-06-06' | hoy='2026-06-11'
[12-Jun-2026 00:46:19 UTC]       ❌ NO incluido (fecha no coincide)
[12-Jun-2026 00:46:19 UTC]    📅 Envío #31842: post_date_raw='2026-06-06 17:12:14' | fecha_reprog_raw='06/06/2026' | fecha_efectiva='2026-06-06' | hoy='2026-06-11'
[12-Jun-2026 00:46:19 UTC]       ❌ NO incluido (fecha no coincide)
[12-Jun-2026 00:46:19 UTC]    📅 Envío #31844: post_date_raw='2026-06-06 17:21:15' | fecha_reprog_raw='06/06/2026' | fecha_efectiva='2026-06-06' | hoy='2026-06-11'
[12-Jun-2026 00:46:19 UTC]       ❌ NO incluido (fecha no coincide)
[12-Jun-2026 00:46:19 UTC]    📅 Envío #31861: post_date_raw='2026-06-07 15:42:35' | fecha_reprog_raw='07/06/2026' | fecha_efectiva='2026-06-07' | hoy='2026-06-11'
[12-Jun-2026 00:46:19 UTC]       ❌ NO incluido (fecha no coincide)
[12-Jun-2026 00:46:19 UTC]    📅 Envío #31866: post_date_raw='2026-06-07 17:51:18' | fecha_reprog_raw='07/06/2026' | fecha_efectiva='2026-06-07' | hoy='2026-06-11'
[12-Jun-2026 00:46:19 UTC]       ❌ NO incluido (fecha no coincide)
[12-Jun-2026 00:46:19 UTC]    📅 Envío #31872: post_date_raw='2026-06-11 07:56:31' | fecha_reprog_raw='11/06/2026' | fecha_efectiva='2026-06-11' | hoy='2026-06-11'
[12-Jun-2026 00:46:19 UTC]       ✅ INCLUIDO en filtrados
[12-Jun-2026 00:46:19 UTC] 📦 Total envíos encontrados para HOY: 1
[12-Jun-2026 00:46:19 UTC]    📅 Envío #31872: Creado=2026-06-11 | Reprog=2026-11-06 | Efectiva=2026-06-11 | Estado=entregado | Pago=
[12-Jun-2026 00:46:19 UTC]    Envío #31872: ENTREGADO pero NO pagado (estado_pago: ) → Bloquea
[12-Jun-2026 00:46:19 UTC] 📊 RESUMEN - Total: 1 | Finales: 0 | Recogidos: 0 | Entregados sin pagar: 1 | No Recogidos: 0 | Otros: 0
[12-Jun-2026 00:46:19 UTC] 🔴 BLOQUEADO: Hay envíos en proceso - Recogidos: 0, Entregados sin pagar: 1, No Recogidos: 0
[12-Jun-2026 00:46:19 UTC]    Se necesita que TODOS los 1 envíos del día estén finalizados (actualmente: 0 finalizados)
[12-Jun-2026 00:46:19 UTC] =====================================
[12-Jun-2026 00:46:19 UTC] 📝 [EDIT_FORM_LOAD] Envío #3527 | Tipo:  | Costo envío: 0
[12-Jun-2026 00:46:19 UTC] ⚠️ Tipo de envío no es full_fitment, saltando selector de productos
[12-Jun-2026 00:46:19 UTC] 🔍 FRONTEND VALIDATION: DEBUG: Usuario=517, Tipo=normal, Hora=19:46
[12-Jun-2026 00:46:19 UTC] ═══════════════════════════════════════════════════════════════
[12-Jun-2026 00:46:19 UTC] 🔍 NUEVA LÓGICA DE BLOQUEOS - Cliente: 517 | Tipo: normal | Ahora: 19:46
[12-Jun-2026 00:46:19 UTC] Límites: SIN=10:00 | CON=10:00
[12-Jun-2026 00:46:19 UTC] 📊 [CONTAR ENVÍOS] Cliente 517 | Tipo: normal | Hoy: 2026-06-11 | Total: 0
[12-Jun-2026 00:46:19 UTC] 📊 Envíos de tipo NORMAL creados hoy: 0
[12-Jun-2026 00:46:19 UTC] 📌 ESCENARIO 1: SIN ENVÍOS
[12-Jun-2026 00:46:19 UTC]    Comparando: 19:46 vs 10:00
[12-Jun-2026 00:46:19 UTC]    ✅ PASÓ LA HORA LÍMITE → PERMITIR CON FECHA MAÑANA
[12-Jun-2026 00:46:19 UTC] 🎯 RESULTADO BLOQUEO: PERMITIDO
[12-Jun-2026 00:46:20 UTC] 🔔 [MERC_LOG] Inicializado logger diario: /var/www/html/wp-content/merc_logs/merc-debug-2026-06-12.log
[12-Jun-2026 00:46:20 UTC] 🔔 [MERC_LOG] Inicializado logger diario: /var/www/html/wp-content/merc_logs/merc-debug-2026-06-12.log
[12-Jun-2026 00:46:20 UTC] 🔔 [MERC_LOG] Inicializado logger diario: /var/www/html/wp-content/merc_logs/merc-debug-2026-06-12.log
[12-Jun-2026 00:46:20 UTC] 🔔 [MERC_LOG] Inicializado logger diario: /var/www/html/wp-content/merc_logs/merc-debug-2026-06-12.log
[12-Jun-2026 00:46:20 UTC] 🔔 [MERC_LOG] Inicializado logger diario: /var/www/html/wp-content/merc_logs/merc-debug-2026-06-12.log
[12-Jun-2026 00:46:20 UTC] MERC_POD_DEBUG - shipmentID= context=syncMonto methods_count=0
[12-Jun-2026 00:46:20 UTC] 🔍 [AJAX] Consultando desbloqueo parcial para NORMAL
[12-Jun-2026 00:46:20 UTC]    Meta key: merc_desbloqueo_parcial_NORMAL
[12-Jun-2026 00:46:20 UTC]    Unlock info: {"tipo":"normal","fecha":"2026-06-11","razon":"sin_envios_pasada_hora","fecha_asignada":"12\/06\/2026"}
[12-Jun-2026 00:46:20 UTC]    Force date: 12/06/2026
[12-Jun-2026 00:46:20 UTC] MERC_POD_DEBUG - shipmentID= context=syncMonto methods_count=0
[12-Jun-2026 00:46:20 UTC] 🔄 [RESETEO DIARIO] Usuario 517 | Fecha: 2026-06-11
[12-Jun-2026 00:46:20 UTC] 🔔 [MERC_LOG] Inicializado logger diario: /var/www/html/wp-content/merc_logs/merc-debug-2026-06-12.log
[12-Jun-2026 00:46:20 UTC] MERC_DEBUG_PRODUCTOS: 🔍 [INICIO] Buscando productos para usuario: graypadilla6@gmail.com (ID: 517)
[12-Jun-2026 00:46:20 UTC] MERC_DEBUG_PRODUCTOS: ✅ Query devolvió 49 productos para user_id=517
[12-Jun-2026 00:46:20 UTC] MERC_DEBUG_PRODUCTOS: Producto ID=30209 titulo=AROMATIZADOR meta_cliente=461 estado=sin_asignar stock=4
[12-Jun-2026 00:46:20 UTC] MERC_DEBUG_PRODUCTOS: ⚠️ SALTANDO Producto ID=30209 - meta_cliente=461 !== user_id=517
[12-Jun-2026 00:46:20 UTC] MERC_DEBUG_PRODUCTOS: Producto ID=26620 titulo=BANGOVER LEVANTATE LAZARO meta_cliente=481 estado=sin_asignar stock=2
[12-Jun-2026 00:46:20 UTC] MERC_DEBUG_PRODUCTOS: ⚠️ SALTANDO Producto ID=26620 - meta_cliente=481 !== user_id=517
[12-Jun-2026 00:46:20 UTC] MERC_DEBUG_PRODUCTOS: Producto ID=21990 titulo=BLOQUEADOR COLLAGE A meta_cliente=103 estado=asignado stock=2
[12-Jun-2026 00:46:20 UTC] MERC_DEBUG_PRODUCTOS: ⚠️ SALTANDO Producto ID=21990 - meta_cliente=103 !== user_id=517
[12-Jun-2026 00:46:20 UTC] MERC_DEBUG_PRODUCTOS: Producto ID=29959 titulo=BLOQUEADOR COLLAGE B meta_cliente=103 estado=sin_asignar stock=1
[12-Jun-2026 00:46:20 UTC] MERC_DEBUG_PRODUCTOS: ⚠️ SALTANDO Producto ID=29959 - meta_cliente=103 !== user_id=517
[12-Jun-2026 00:46:20 UTC] MERC_DEBUG_PRODUCTOS: Producto ID=21993 titulo=BLOQUEADOR CURCUMA A meta_cliente=103 estado=sin_asignar stock=2
[12-Jun-2026 00:46:20 UTC] MERC_DEBUG_PRODUCTOS: ⚠️ SALTANDO Producto ID=21993 - meta_cliente=103 !== user_id=517
[12-Jun-2026 00:46:20 UTC] MERC_DEBUG_PRODUCTOS: Producto ID=21994 titulo=BLOQUEADOR CURCUMA B meta_cliente=103 estado=sin_asignar stock=2
[12-Jun-2026 00:46:20 UTC] MERC_DEBUG_PRODUCTOS: ⚠️ SALTANDO Producto ID=21994 - meta_cliente=103 !== user_id=517
[12-Jun-2026 00:46:20 UTC] MERC_DEBUG_PRODUCTOS: Producto ID=30212 titulo=BRILLA MAS meta_cliente=461 estado=sin_asignar stock=2
[12-Jun-2026 00:46:20 UTC] MERC_DEBUG_PRODUCTOS: ⚠️ SALTANDO Producto ID=30212 - meta_cliente=461 !== user_id=517
[12-Jun-2026 00:46:20 UTC] MERC_DEBUG_PRODUCTOS: Producto ID=20301 titulo=CACAO EN POLVO meta_cliente=288 estado=asignado stock=6
[12-Jun-2026 00:46:20 UTC] MERC_DEBUG_PRODUCTOS: ⚠️ SALTANDO Producto ID=20301 - meta_cliente=288 !== user_id=517
[12-Jun-2026 00:46:20 UTC] MERC_DEBUG_PRODUCTOS: Producto ID=20313 titulo=CACAO EN POLVO meta_cliente=288 estado=sin_asignar stock=1
[12-Jun-2026 00:46:20 UTC] MERC_DEBUG_PRODUCTOS: ⚠️ SALTANDO Producto ID=20313 - meta_cliente=288 !== user_id=517
[12-Jun-2026 00:46:20 UTC] MERC_DEBUG_PRODUCTOS: Producto ID=20311 titulo=CAFE EN POLVO meta_cliente=288 estado=sin_asignar stock=8
[12-Jun-2026 00:46:20 UTC] MERC_DEBUG_PRODUCTOS: ⚠️ SALTANDO Producto ID=20311 - meta_cliente=288 !== user_id=517
[12-Jun-2026 00:46:20 UTC] MERC_DEBUG_PRODUCTOS: Producto ID=26593 titulo=CANDIDA CLEANSE meta_cliente=136 estado=sin_asignar stock=4
[12-Jun-2026 00:46:20 UTC] MERC_DEBUG_PRODUCTOS: ⚠️ SALTANDO Producto ID=26593 - meta_cliente=136 !== user_id=517
[12-Jun-2026 00:46:20 UTC] MERC_DEBUG_PRODUCTOS: Producto ID=24815 titulo=CREMA HIDRATANTE meta_cliente=136 estado=sin_asignar stock=2
[12-Jun-2026 00:46:20 UTC] MERC_DEBUG_PRODUCTOS: ⚠️ SALTANDO Producto ID=24815 - meta_cliente=136 !== user_id=517
[12-Jun-2026 00:46:20 UTC] MERC_DEBUG_PRODUCTOS: Producto ID=7959 titulo=CREMA RETINOL meta_cliente=136 estado=sin_asignar stock=3
[12-Jun-2026 00:46:20 UTC] MERC_DEBUG_PRODUCTOS: ⚠️ SALTANDO Producto ID=7959 - meta_cliente=136 !== user_id=517
[12-Jun-2026 00:46:20 UTC] MERC_DEBUG_PRODUCTOS: Producto ID=7958 titulo=CREMA ROREC meta_cliente=136 estado=sin_asignar stock=2
[12-Jun-2026 00:46:20 UTC] MERC_DEBUG_PRODUCTOS: ⚠️ SALTANDO Producto ID=7958 - meta_cliente=136 !== user_id=517
[12-Jun-2026 00:46:20 UTC] MERC_DEBUG_PRODUCTOS: Producto ID=7955 titulo=DESPIGMENTANTE DE LABIOS meta_cliente=136 estado=sin_asignar stock=1
[12-Jun-2026 00:46:20 UTC] MERC_DEBUG_PRODUCTOS: ⚠️ SALTANDO Producto ID=7955 - meta_cliente=136 !== user_id=517
[12-Jun-2026 00:46:20 UTC] MERC_DEBUG_PRODUCTOS: Producto ID=7949 titulo=EXFOLIANTE DE ARROZ meta_cliente=136 estado=sin_asignar stock=37
[12-Jun-2026 00:46:20 UTC] MERC_DEBUG_PRODUCTOS: ⚠️ SALTANDO Producto ID=7949 - meta_cliente=136 !== user_id=517
[12-Jun-2026 00:46:20 UTC] MERC_DEBUG_PRODUCTOS: Producto ID=7956 titulo=EXFOLIANTE GEL meta_cliente=136 estado=sin_asignar stock=1
[12-Jun-2026 00:46:20 UTC] MERC_DEBUG_PRODUCTOS: ⚠️ SALTANDO Producto ID=7956 - meta_cliente=136 !== user_id=517
[12-Jun-2026 00:46:20 UTC] MERC_DEBUG_PRODUCTOS: Producto ID=26630 titulo=HAIR GROWTH meta_cliente=270 estado=sin_asignar stock=188
[12-Jun-2026 00:46:20 UTC] MERC_DEBUG_PRODUCTOS: ⚠️ SALTANDO Producto ID=26630 - meta_cliente=270 !== user_id=517
[12-Jun-2026 00:46:20 UTC] MERC_DEBUG_PRODUCTOS: Producto ID=9095 titulo=HERBALS & HEALTH meta_cliente=270 estado=sin_asignar stock=2
[12-Jun-2026 00:46:20 UTC] MERC_DEBUG_PRODUCTOS: ⚠️ SALTANDO Producto ID=9095 - meta_cliente=270 !== user_id=517
[12-Jun-2026 00:46:20 UTC] MERC_DEBUG_PRODUCTOS: Producto ID=7960 titulo=HUMECTANTE SAKURA meta_cliente=136 estado=sin_asignar stock=8
[12-Jun-2026 00:46:20 UTC] MERC_DEBUG_PRODUCTOS: ⚠️ SALTANDO Producto ID=7960 - meta_cliente=136 !== user_id=517
[12-Jun-2026 00:46:20 UTC] MERC_DEBUG_PRODUCTOS: Producto ID=7981 titulo=INFLADORES meta_cliente=145 estado=sin_asignar stock=57
[12-Jun-2026 00:46:20 UTC] MERC_DEBUG_PRODUCTOS: ⚠️ SALTANDO Producto ID=7981 - meta_cliente=145 !== user_id=517
[12-Jun-2026 00:46:20 UTC] MERC_DEBUG_PRODUCTOS: Producto ID=21989 titulo=jjjjjjjjj meta_cliente=429 estado=sin_asignar stock=45
[12-Jun-2026 00:46:20 UTC] MERC_DEBUG_PRODUCTOS: ⚠️ SALTANDO Producto ID=21989 - meta_cliente=429 !== user_id=517
[12-Jun-2026 00:46:20 UTC] MERC_DEBUG_PRODUCTOS: Producto ID=21998 titulo=LABIAL MAGICO meta_cliente=103 estado=sin_asignar stock=1
[12-Jun-2026 00:46:20 UTC] MERC_DEBUG_PRODUCTOS: ⚠️ SALTANDO Producto ID=21998 - meta_cliente=103 !== user_id=517
[12-Jun-2026 00:46:20 UTC] MERC_DEBUG_PRODUCTOS: Producto ID=30316 titulo=LAMPARA BLACK LARGA meta_cliente=145 estado=sin_asignar stock=3
[12-Jun-2026 00:46:20 UTC] MERC_DEBUG_PRODUCTOS: ⚠️ SALTANDO Producto ID=30316 - meta_cliente=145 !== user_id=517
[12-Jun-2026 00:46:20 UTC] MERC_DEBUG_PRODUCTOS: Producto ID=7995 titulo=LAMPARA CORTA BLACK meta_cliente=145 estado=sin_asignar stock=59
[12-Jun-2026 00:46:20 UTC] MERC_DEBUG_PRODUCTOS: ⚠️ SALTANDO Producto ID=7995 - meta_cliente=145 !== user_id=517
[12-Jun-2026 00:46:20 UTC] MERC_DEBUG_PRODUCTOS: Producto ID=7996 titulo=LAMPARA CORTA WHITE meta_cliente=145 estado=asignado stock=0
[12-Jun-2026 00:46:20 UTC] MERC_DEBUG_PRODUCTOS: ⚠️ SALTANDO Producto ID=7996 - meta_cliente=145 !== user_id=517
[12-Jun-2026 00:46:20 UTC] MERC_DEBUG_PRODUCTOS: Producto ID=7982 titulo=LAMPARA GOLD LARGA meta_cliente=145 estado=asignado stock=0
[12-Jun-2026 00:46:20 UTC] MERC_DEBUG_PRODUCTOS: ⚠️ SALTANDO Producto ID=7982 - meta_cliente=145 !== user_id=517
[12-Jun-2026 00:46:20 UTC] MERC_DEBUG_PRODUCTOS: Producto ID=7991 titulo=LAMPARA LARGA SILVER meta_cliente=145 estado=asignado stock=0
[12-Jun-2026 00:46:20 UTC] MERC_DEBUG_PRODUCTOS: ⚠️ SALTANDO Producto ID=7991 - meta_cliente=145 !== user_id=517
[12-Jun-2026 00:46:20 UTC] MERC_DEBUG_PRODUCTOS: Producto ID=7992 titulo=LAMPARA LARGA WHITE meta_cliente=145 estado=asignado stock=1
[12-Jun-2026 00:46:20 UTC] MERC_DEBUG_PRODUCTOS: ⚠️ SALTANDO Producto ID=7992 - meta_cliente=145 !== user_id=517
[12-Jun-2026 00:46:20 UTC] MERC_DEBUG_PRODUCTOS: Producto ID=24829 titulo=LAMPARA ROSE GOLD LARGA meta_cliente=145 estado=asignado stock=0
[12-Jun-2026 00:46:20 UTC] MERC_DEBUG_PRODUCTOS: ⚠️ SALTANDO Producto ID=24829 - meta_cliente=145 !== user_id=517
[12-Jun-2026 00:46:20 UTC] MERC_DEBUG_PRODUCTOS: Producto ID=26598 titulo=MAGNET CUBE ZONE 100 PIEZAS meta_cliente=201 estado=asignado stock=0
[12-Jun-2026 00:46:20 UTC] MERC_DEBUG_PRODUCTOS: ⚠️ SALTANDO Producto ID=26598 - meta_cliente=201 !== user_id=517
[12-Jun-2026 00:46:20 UTC] MERC_DEBUG_PRODUCTOS: Producto ID=28802 titulo=MAGNET CUBE ZONE 80 PIEZAS meta_cliente=201 estado=asignado stock=0
[12-Jun-2026 00:46:20 UTC] MERC_DEBUG_PRODUCTOS: ⚠️ SALTANDO Producto ID=28802 - meta_cliente=201 !== user_id=517
[12-Jun-2026 00:46:20 UTC] MERC_DEBUG_PRODUCTOS: Producto ID=26588 titulo=MEDINAIL SPRAY meta_cliente=461 estado=sin_asignar stock=4
[12-Jun-2026 00:46:20 UTC] MERC_DEBUG_PRODUCTOS: ⚠️ SALTANDO Producto ID=26588 - meta_cliente=461 !== user_id=517
[12-Jun-2026 00:46:20 UTC] MERC_DEBUG_PRODUCTOS: Producto ID=9098 titulo=NAD RESVERATROL meta_cliente=270 estado=sin_asignar stock=50
[12-Jun-2026 00:46:20 UTC] MERC_DEBUG_PRODUCTOS: ⚠️ SALTANDO Producto ID=9098 - meta_cliente=270 !== user_id=517
[12-Jun-2026 00:46:20 UTC] MERC_DEBUG_PRODUCTOS: Producto ID=28745 titulo=NEGRO MAGICO meta_cliente=461 estado=sin_asignar stock=5
[12-Jun-2026 00:46:20 UTC] MERC_DEBUG_PRODUCTOS: ⚠️ SALTANDO Producto ID=28745 - meta_cliente=461 !== user_id=517
[12-Jun-2026 00:46:20 UTC] MERC_DEBUG_PRODUCTOS: Producto ID=28748 titulo=NOURKRIN meta_cliente=461 estado=sin_asignar stock=2
[12-Jun-2026 00:46:20 UTC] MERC_DEBUG_PRODUCTOS: ⚠️ SALTANDO Producto ID=28748 - meta_cliente=461 !== user_id=517
[12-Jun-2026 00:46:20 UTC] MERC_DEBUG_PRODUCTOS: Producto ID=26581 titulo=PAÑOS DE TELA meta_cliente=461 estado=sin_asignar stock=19
[12-Jun-2026 00:46:20 UTC] MERC_DEBUG_PRODUCTOS: ⚠️ SALTANDO Producto ID=26581 - meta_cliente=461 !== user_id=517
[12-Jun-2026 00:46:20 UTC] MERC_DEBUG_PRODUCTOS: Producto ID=23119 titulo=PARLANTE ALEXA meta_cliente=85 estado=sin_asignar stock=3
[12-Jun-2026 00:46:20 UTC] MERC_DEBUG_PRODUCTOS: ⚠️ SALTANDO Producto ID=23119 - meta_cliente=85 !== user_id=517
[12-Jun-2026 00:46:20 UTC] MERC_DEBUG_PRODUCTOS: Producto ID=6914 titulo=PARLANTE ALEXA meta_cliente=85 estado=sin_asignar stock=4
[12-Jun-2026 00:46:20 UTC] MERC_DEBUG_PRODUCTOS: ⚠️ SALTANDO Producto ID=6914 - meta_cliente=85 !== user_id=517
[12-Jun-2026 00:46:20 UTC] MERC_DEBUG_PRODUCTOS: Producto ID=24382 titulo=PARLANTE ALEXA meta_cliente=85 estado=sin_asignar stock=1
[12-Jun-2026 00:46:20 UTC] MERC_DEBUG_PRODUCTOS: ⚠️ SALTANDO Producto ID=24382 - meta_cliente=85 !== user_id=517
[12-Jun-2026 00:46:20 UTC] MERC_DEBUG_PRODUCTOS: Producto ID=24380 titulo=PARLANTE ALEXA meta_cliente=85 estado=asignado stock=2
[12-Jun-2026 00:46:20 UTC] MERC_DEBUG_PRODUCTOS: ⚠️ SALTANDO Producto ID=24380 - meta_cliente=85 !== user_id=517
[12-Jun-2026 00:46:20 UTC] MERC_DEBUG_PRODUCTOS: Producto ID=26583 titulo=PROTECTOR ULTRA WAX meta_cliente=461 estado=sin_asignar stock=6
[12-Jun-2026 00:46:20 UTC] MERC_DEBUG_PRODUCTOS: ⚠️ SALTANDO Producto ID=26583 - meta_cliente=461 !== user_id=517
[12-Jun-2026 00:46:20 UTC] MERC_DEBUG_PRODUCTOS: Producto ID=30217 titulo=PULIMAX meta_cliente=461 estado=sin_asignar stock=12
[12-Jun-2026 00:46:20 UTC] MERC_DEBUG_PRODUCTOS: ⚠️ SALTANDO Producto ID=30217 - meta_cliente=461 !== user_id=517
[12-Jun-2026 00:46:20 UTC] MERC_DEBUG_PRODUCTOS: Producto ID=6879 titulo=SHAMPOO meta_cliente=91 estado=sin_asignar stock=9
[12-Jun-2026 00:46:20 UTC] MERC_DEBUG_PRODUCTOS: ⚠️ SALTANDO Producto ID=6879 - meta_cliente=91 !== user_id=517
[12-Jun-2026 00:46:20 UTC] MERC_DEBUG_PRODUCTOS: Producto ID=24821 titulo=SPRAY DEPILATORIO meta_cliente=136 estado=sin_asignar stock=25
[12-Jun-2026 00:46:20 UTC] MERC_DEBUG_PRODUCTOS: ⚠️ SALTANDO Producto ID=24821 - meta_cliente=136 !== user_id=517
[12-Jun-2026 00:46:20 UTC] MERC_DEBUG_PRODUCTOS: Producto ID=28704 titulo=TAPIZ CLEAN meta_cliente=461 estado=sin_asignar stock=4
[12-Jun-2026 00:46:20 UTC] MERC_DEBUG_PRODUCTOS: ⚠️ SALTANDO Producto ID=28704 - meta_cliente=461 !== user_id=517
[12-Jun-2026 00:46:20 UTC] MERC_DEBUG_PRODUCTOS: Producto ID=9096 titulo=ULTRA PURE meta_cliente=270 estado=sin_asignar stock=1
[12-Jun-2026 00:46:20 UTC] MERC_DEBUG_PRODUCTOS: ⚠️ SALTANDO Producto ID=9096 - meta_cliente=270 !== user_id=517
[12-Jun-2026 00:46:20 UTC] MERC_DEBUG_PRODUCTOS: Producto ID=26589 titulo=WART REMOVER meta_cliente=461 estado=sin_asignar stock=4
[12-Jun-2026 00:46:20 UTC] MERC_DEBUG_PRODUCTOS: ⚠️ SALTANDO Producto ID=26589 - meta_cliente=461 !== user_id=517
[12-Jun-2026 00:46:20 UTC] MERC_DEBUG_PRODUCTOS: Producto ID=26931 titulo=Zapatillas meta_cliente=118 estado=sin_asignar stock=30
[12-Jun-2026 00:46:20 UTC] MERC_DEBUG_PRODUCTOS: ⚠️ SALTANDO Producto ID=26931 - meta_cliente=118 !== user_id=517
[12-Jun-2026 00:46:20 UTC] MERC_DEBUG_PRODUCTOS: 🎯 [FIN] Retornando 0 opciones filtradas para user_id=517 (desde 49 totales)
[12-Jun-2026 00:46:20 UTC] 🔔 [MERC_LOG] Inicializado logger diario: /var/www/html/wp-content/merc_logs/merc-debug-2026-06-12.log
[12-Jun-2026 00:46:20 UTC] 🔔 [MERC_LOG] Inicializado logger diario: /var/www/html/wp-content/merc_logs/merc-debug-2026-06-12.log
[12-Jun-2026 00:46:20 UTC] 🔔 [MERC_LOG] Inicializado logger diario: /var/www/html/wp-content/merc_logs/merc-debug-2026-06-12.log
[12-Jun-2026 00:46:20 UTC] 🔔 [MERC_LOG] Inicializado logger diario: /var/www/html/wp-content/merc_logs/merc-debug-2026-06-12.log
[12-Jun-2026 00:46:20 UTC] 🔔 [MERC_LOG] Inicializado logger diario: /var/www/html/wp-content/merc_logs/merc-debug-2026-06-12.log
[12-Jun-2026 00:46:20 UTC] 🔔 [MERC_LOG] Inicializado logger diario: /var/www/html/wp-content/merc_logs/merc-debug-2026-06-12.log
[12-Jun-2026 00:46:21 UTC] MERC_POD_DEBUG - shipmentID= context=syncMonto methods_count=0
[12-Jun-2026 00:46:21 UTC] MERC_POD_DEBUG - shipmentID= context=syncMonto methods_count=0
[12-Jun-2026 00:46:21 UTC] MERC_POD_DEBUG - shipmentID= context=syncMonto methods_count=0
[12-Jun-2026 00:46:21 UTC] 🔔 [MERC_LOG] Inicializado logger diario: /var/www/html/wp-content/merc_logs/merc-debug-2026-06-12.log
[12-Jun-2026 00:46:21 UTC] MERC_POD_DEBUG - shipmentID= context=syncMonto methods_count=0
[12-Jun-2026 00:46:21 UTC] MERC_POD_DEBUG - shipmentID= context=syncMonto methods_count=0
[12-Jun-2026 00:46:21 UTC] 🔔 [MERC_LOG] Inicializado logger diario: /var/www/html/wp-content/merc_logs/merc-debug-2026-06-12.log
[12-Jun-2026 00:46:21 UTC] MERC_POD_DEBUG - shipmentID= context=syncMonto methods_count=0
[12-Jun-2026 00:46:21 UTC] 🔔 [MERC_LOG] Inicializado logger diario: /var/www/html/wp-content/merc_logs/merc-debug-2026-06-12.log
[12-Jun-2026 00:46:21 UTC] 🔔 [MERC_LOG] Inicializado logger diario: /var/www/html/wp-content/merc_logs/merc-debug-2026-06-12.log
[12-Jun-2026 00:46:21 UTC] 🔔 [MERC_LOG] Inicializado logger diario: /var/www/html/wp-content/merc_logs/merc-debug-2026-06-12.log
[12-Jun-2026 00:46:21 UTC] 🔔 [MERC_LOG] Inicializado logger diario: /var/www/html/wp-content/merc_logs/merc-debug-2026-06-12.log
[12-Jun-2026 00:46:21 UTC] MERC_POD_DEBUG - shipmentID= context=syncMonto methods_count=0
[12-Jun-2026 00:46:21 UTC] MERC_POD_DEBUG - shipmentID= context=syncMonto methods_count=0
[12-Jun-2026 00:46:21 UTC] 🔔 [MERC_LOG] Inicializado logger diario: /var/www/html/wp-content/merc_logs/merc-debug-2026-06-12.log
[12-Jun-2026 00:46:21 UTC] 🔔 [MERC_LOG] Inicializado logger diario: /var/www/html/wp-content/merc_logs/merc-debug-2026-06-12.log
[12-Jun-2026 00:46:21 UTC] MERC_POD_DEBUG - shipmentID= context=syncMonto methods_count=0
[12-Jun-2026 00:46:21 UTC] MERC_POD_DEBUG - shipmentID= context=syncMonto methods_count=0
[12-Jun-2026 00:46:21 UTC] MERC_POD_DEBUG - shipmentID= context=syncMonto methods_count=0
[12-Jun-2026 00:46:21 UTC] 🔔 [MERC_LOG] Inicializado logger diario: /var/www/html/wp-content/merc_logs/merc-debug-2026-06-12.log
[12-Jun-2026 00:46:21 UTC] MERC_POD_DEBUG - shipmentID= context=syncMonto methods_count=0
[12-Jun-2026 00:46:21 UTC] 🔔 [MERC_LOG] Inicializado logger diario: /var/www/html/wp-content/merc_logs/merc-debug-2026-06-12.log
[12-Jun-2026 00:46:21 UTC] MERC_POD_DEBUG - shipmentID= context=syncMonto methods_count=0
[12-Jun-2026 00:46:21 UTC] 🔔 [MERC_LOG] Inicializado logger diario: /var/www/html/wp-content/merc_logs/merc-debug-2026-06-12.log
[12-Jun-2026 00:46:21 UTC] 🔔 [MERC_LOG] Inicializado logger diario: /var/www/html/wp-content/merc_logs/merc-debug-2026-06-12.log
[12-Jun-2026 00:46:21 UTC] MERC_POD_DEBUG - shipmentID= context=syncMonto methods_count=0
[12-Jun-2026 00:46:21 UTC] 🔔 [MERC_LOG] Inicializado logger diario: /var/www/html/wp-content/merc_logs/merc-debug-2026-06-12.log
[12-Jun-2026 00:46:21 UTC] MERC_POD_DEBUG - shipmentID= context=syncMonto methods_count=0
[12-Jun-2026 00:46:21 UTC] MERC_POD_DEBUG - shipmentID= context=syncMonto methods_count=0
[12-Jun-2026 00:46:21 UTC] MERC_POD_DEBUG - shipmentID= context=syncMonto methods_count=0
[12-Jun-2026 00:46:21 UTC] MERC_POD_DEBUG - shipmentID= context=syncMonto methods_count=0
[12-Jun-2026 00:46:27 UTC] 🔔 [MERC_LOG] Inicializado logger diario: /var/www/html/wp-content/merc_logs/merc-debug-2026-06-12.log
[12-Jun-2026 00:46:35 UTC] PHP Deprecated:  Automatic conversion of false to array is deprecated in /var/www/html/wp-content/plugins/elementor/includes/api.php on line 176
[12-Jun-2026 00:46:38 UTC] [Elementor Atomic Widgets] [WARNING] Migrations manifest not found | Context: {"path":"https://migrations.elementor.com/manifest.json"}
[12-Jun-2026 00:46:38 UTC] =====================================
[12-Jun-2026 00:46:38 UTC] 🔍 VERIFICANDO BLOQUEO - Cliente: #517 | Fecha: 2026-06-11
[12-Jun-2026 00:46:38 UTC] URL actual: /dashboard/
[12-Jun-2026 00:46:38 UTC] =====================================
[12-Jun-2026 00:46:38 UTC] 🔎 SQL Query: 
        SELECT 
            p.ID, 
            p.post_date,
            pm_status.meta_value as estado,
            pm_pago.meta_value as estado_pago,
            pm_fecha_reprog.meta_value as fecha_reprogramada
        FROM wp_posts p
        LEFT JOIN wp_postmeta pm_shipper 
            ON p.ID = pm_shipper.post_id 
            AND pm_shipper.meta_key = 'registered_shipper'
        LEFT JOIN wp_postmeta pm_status 
            ON p.ID = pm_status.post_id 
            AND pm_status.meta_key = 'wpcargo_status'
        LEFT JOIN wp_postmeta pm_pago 
            ON p.ID = pm_pago.post_id 
            AND pm_pago.meta_key = 'wpcargo_estado_pago_remitente'
        LEFT JOIN wp_postmeta pm_fecha_reprog 
            ON p.ID = pm_fecha_reprog.post_id 
            AND pm_fecha_reprog.meta_key = 'wpcargo_pickup_date_picker'
        WHERE p.post_type = 'wpcargo_shipment'
        AND p.post_status = 'publish'
        AND pm_shipper.meta_value = '517'
    
[12-Jun-2026 00:46:38 UTC] 📊 Total envíos del cliente (sin filtrar): 7
[12-Jun-2026 00:46:38 UTC]    📅 Envío #31835: post_date_raw='2026-05-24 11:34:58' | fecha_reprog_raw='24/05/2026' | fecha_efectiva='2026-05-24' | hoy='2026-06-11'
[12-Jun-2026 00:46:38 UTC]       ❌ NO incluido (fecha no coincide)
[12-Jun-2026 00:46:38 UTC]    📅 Envío #31841: post_date_raw='2026-06-06 17:06:16' | fecha_reprog_raw='06/06/2026' | fecha_efectiva='2026-06-06' | hoy='2026-06-11'
[12-Jun-2026 00:46:38 UTC]       ❌ NO incluido (fecha no coincide)
[12-Jun-2026 00:46:38 UTC]    📅 Envío #31842: post_date_raw='2026-06-06 17:12:14' | fecha_reprog_raw='06/06/2026' | fecha_efectiva='2026-06-06' | hoy='2026-06-11'
[12-Jun-2026 00:46:38 UTC]       ❌ NO incluido (fecha no coincide)
[12-Jun-2026 00:46:38 UTC]    📅 Envío #31844: post_date_raw='2026-06-06 17:21:15' | fecha_reprog_raw='06/06/2026' | fecha_efectiva='2026-06-06' | hoy='2026-06-11'
[12-Jun-2026 00:46:38 UTC]       ❌ NO incluido (fecha no coincide)
[12-Jun-2026 00:46:38 UTC]    📅 Envío #31861: post_date_raw='2026-06-07 15:42:35' | fecha_reprog_raw='07/06/2026' | fecha_efectiva='2026-06-07' | hoy='2026-06-11'
[12-Jun-2026 00:46:38 UTC]       ❌ NO incluido (fecha no coincide)
[12-Jun-2026 00:46:38 UTC]    📅 Envío #31866: post_date_raw='2026-06-07 17:51:18' | fecha_reprog_raw='07/06/2026' | fecha_efectiva='2026-06-07' | hoy='2026-06-11'
[12-Jun-2026 00:46:38 UTC]       ❌ NO incluido (fecha no coincide)
[12-Jun-2026 00:46:38 UTC]    📅 Envío #31872: post_date_raw='2026-06-11 07:56:31' | fecha_reprog_raw='11/06/2026' | fecha_efectiva='2026-06-11' | hoy='2026-06-11'
[12-Jun-2026 00:46:38 UTC]       ✅ INCLUIDO en filtrados
[12-Jun-2026 00:46:38 UTC] 📦 Total envíos encontrados para HOY: 1
[12-Jun-2026 00:46:38 UTC] PHP Deprecated:  trim(): Passing null to parameter #1 ($string) of type string is deprecated in /var/www/html/wp-content/themes/blocksy-child/functions.php on line 9498
[12-Jun-2026 00:46:38 UTC]    📅 Envío #31872: Creado=2026-06-11 | Reprog=2026-11-06 | Efectiva=2026-06-11 | Estado=entregado | Pago=
[12-Jun-2026 00:46:38 UTC]    Envío #31872: ENTREGADO pero NO pagado (estado_pago: ) → Bloquea
[12-Jun-2026 00:46:38 UTC] 📊 RESUMEN - Total: 1 | Finales: 0 | Recogidos: 0 | Entregados sin pagar: 1 | No Recogidos: 0 | Otros: 0
[12-Jun-2026 00:46:38 UTC] 🔴 BLOQUEADO: Hay envíos en proceso - Recogidos: 0, Entregados sin pagar: 1, No Recogidos: 0
[12-Jun-2026 00:46:38 UTC]    Se necesita que TODOS los 1 envíos del día estén finalizados (actualmente: 0 finalizados)
[12-Jun-2026 00:46:38 UTC] =====================================
[12-Jun-2026 00:46:38 UTC] =====================================
[12-Jun-2026 00:46:38 UTC] 🔍 VERIFICANDO BLOQUEO - Cliente: #517 | Fecha: 2026-06-11
[12-Jun-2026 00:46:38 UTC] URL actual: /dashboard/
[12-Jun-2026 00:46:38 UTC] =====================================
[12-Jun-2026 00:46:38 UTC] 🔎 SQL Query: 
        SELECT 
            p.ID, 
            p.post_date,
            pm_status.meta_value as estado,
            pm_pago.meta_value as estado_pago,
            pm_fecha_reprog.meta_value as fecha_reprogramada
        FROM wp_posts p
        LEFT JOIN wp_postmeta pm_shipper 
            ON p.ID = pm_shipper.post_id 
            AND pm_shipper.meta_key = 'registered_shipper'
        LEFT JOIN wp_postmeta pm_status 
            ON p.ID = pm_status.post_id 
            AND pm_status.meta_key = 'wpcargo_status'
        LEFT JOIN wp_postmeta pm_pago 
            ON p.ID = pm_pago.post_id 
            AND pm_pago.meta_key = 'wpcargo_estado_pago_remitente'
        LEFT JOIN wp_postmeta pm_fecha_reprog 
            ON p.ID = pm_fecha_reprog.post_id 
            AND pm_fecha_reprog.meta_key = 'wpcargo_pickup_date_picker'
        WHERE p.post_type = 'wpcargo_shipment'
        AND p.post_status = 'publish'
        AND pm_shipper.meta_value = '517'
    
[12-Jun-2026 00:46:38 UTC] 📊 Total envíos del cliente (sin filtrar): 7
[12-Jun-2026 00:46:38 UTC]    📅 Envío #31835: post_date_raw='2026-05-24 11:34:58' | fecha_reprog_raw='24/05/2026' | fecha_efectiva='2026-05-24' | hoy='2026-06-11'
[12-Jun-2026 00:46:38 UTC]       ❌ NO incluido (fecha no coincide)
[12-Jun-2026 00:46:38 UTC]    📅 Envío #31841: post_date_raw='2026-06-06 17:06:16' | fecha_reprog_raw='06/06/2026' | fecha_efectiva='2026-06-06' | hoy='2026-06-11'
[12-Jun-2026 00:46:38 UTC]       ❌ NO incluido (fecha no coincide)
[12-Jun-2026 00:46:38 UTC]    📅 Envío #31842: post_date_raw='2026-06-06 17:12:14' | fecha_reprog_raw='06/06/2026' | fecha_efectiva='2026-06-06' | hoy='2026-06-11'
[12-Jun-2026 00:46:38 UTC]       ❌ NO incluido (fecha no coincide)
[12-Jun-2026 00:46:38 UTC]    📅 Envío #31844: post_date_raw='2026-06-06 17:21:15' | fecha_reprog_raw='06/06/2026' | fecha_efectiva='2026-06-06' | hoy='2026-06-11'
[12-Jun-2026 00:46:38 UTC]       ❌ NO incluido (fecha no coincide)
[12-Jun-2026 00:46:38 UTC]    📅 Envío #31861: post_date_raw='2026-06-07 15:42:35' | fecha_reprog_raw='07/06/2026' | fecha_efectiva='2026-06-07' | hoy='2026-06-11'
[12-Jun-2026 00:46:38 UTC]       ❌ NO incluido (fecha no coincide)
[12-Jun-2026 00:46:38 UTC]    📅 Envío #31866: post_date_raw='2026-06-07 17:51:18' | fecha_reprog_raw='07/06/2026' | fecha_efectiva='2026-06-07' | hoy='2026-06-11'
[12-Jun-2026 00:46:38 UTC]       ❌ NO incluido (fecha no coincide)
[12-Jun-2026 00:46:38 UTC]    📅 Envío #31872: post_date_raw='2026-06-11 07:56:31' | fecha_reprog_raw='11/06/2026' | fecha_efectiva='2026-06-11' | hoy='2026-06-11'
[12-Jun-2026 00:46:38 UTC]       ✅ INCLUIDO en filtrados
[12-Jun-2026 00:46:38 UTC] 📦 Total envíos encontrados para HOY: 1
[12-Jun-2026 00:46:38 UTC]    📅 Envío #31872: Creado=2026-06-11 | Reprog=2026-11-06 | Efectiva=2026-06-11 | Estado=entregado | Pago=
[12-Jun-2026 00:46:38 UTC]    Envío #31872: ENTREGADO pero NO pagado (estado_pago: ) → Bloquea
[12-Jun-2026 00:46:38 UTC] 📊 RESUMEN - Total: 1 | Finales: 0 | Recogidos: 0 | Entregados sin pagar: 1 | No Recogidos: 0 | Otros: 0
[12-Jun-2026 00:46:38 UTC] 🔴 BLOQUEADO: Hay envíos en proceso - Recogidos: 0, Entregados sin pagar: 1, No Recogidos: 0
[12-Jun-2026 00:46:38 UTC]    Se necesita que TODOS los 1 envíos del día estén finalizados (actualmente: 0 finalizados)
[12-Jun-2026 00:46:38 UTC] =====================================
[12-Jun-2026 00:46:38 UTC] =====================================
[12-Jun-2026 00:46:38 UTC] 🔍 VERIFICANDO BLOQUEO - Cliente: #517 | Fecha: 2026-06-11
[12-Jun-2026 00:46:38 UTC] URL actual: /dashboard/
[12-Jun-2026 00:46:38 UTC] =====================================
[12-Jun-2026 00:46:38 UTC] 🔎 SQL Query: 
        SELECT 
            p.ID, 
            p.post_date,
            pm_status.meta_value as estado,
            pm_pago.meta_value as estado_pago,
            pm_fecha_reprog.meta_value as fecha_reprogramada
        FROM wp_posts p
        LEFT JOIN wp_postmeta pm_shipper 
            ON p.ID = pm_shipper.post_id 
            AND pm_shipper.meta_key = 'registered_shipper'
        LEFT JOIN wp_postmeta pm_status 
            ON p.ID = pm_status.post_id 
            AND pm_status.meta_key = 'wpcargo_status'
        LEFT JOIN wp_postmeta pm_pago 
            ON p.ID = pm_pago.post_id 
            AND pm_pago.meta_key = 'wpcargo_estado_pago_remitente'
        LEFT JOIN wp_postmeta pm_fecha_reprog 
            ON p.ID = pm_fecha_reprog.post_id 
            AND pm_fecha_reprog.meta_key = 'wpcargo_pickup_date_picker'
        WHERE p.post_type = 'wpcargo_shipment'
        AND p.post_status = 'publish'
        AND pm_shipper.meta_value = '517'
    
[12-Jun-2026 00:46:38 UTC] 📊 Total envíos del cliente (sin filtrar): 7
[12-Jun-2026 00:46:38 UTC]    📅 Envío #31835: post_date_raw='2026-05-24 11:34:58' | fecha_reprog_raw='24/05/2026' | fecha_efectiva='2026-05-24' | hoy='2026-06-11'
[12-Jun-2026 00:46:38 UTC]       ❌ NO incluido (fecha no coincide)
[12-Jun-2026 00:46:38 UTC]    📅 Envío #31841: post_date_raw='2026-06-06 17:06:16' | fecha_reprog_raw='06/06/2026' | fecha_efectiva='2026-06-06' | hoy='2026-06-11'
[12-Jun-2026 00:46:38 UTC]       ❌ NO incluido (fecha no coincide)
[12-Jun-2026 00:46:38 UTC]    📅 Envío #31842: post_date_raw='2026-06-06 17:12:14' | fecha_reprog_raw='06/06/2026' | fecha_efectiva='2026-06-06' | hoy='2026-06-11'
[12-Jun-2026 00:46:38 UTC]       ❌ NO incluido (fecha no coincide)
[12-Jun-2026 00:46:38 UTC]    📅 Envío #31844: post_date_raw='2026-06-06 17:21:15' | fecha_reprog_raw='06/06/2026' | fecha_efectiva='2026-06-06' | hoy='2026-06-11'
[12-Jun-2026 00:46:38 UTC]       ❌ NO incluido (fecha no coincide)
[12-Jun-2026 00:46:38 UTC]    📅 Envío #31861: post_date_raw='2026-06-07 15:42:35' | fecha_reprog_raw='07/06/2026' | fecha_efectiva='2026-06-07' | hoy='2026-06-11'
[12-Jun-2026 00:46:38 UTC]       ❌ NO incluido (fecha no coincide)
[12-Jun-2026 00:46:38 UTC]    📅 Envío #31866: post_date_raw='2026-06-07 17:51:18' | fecha_reprog_raw='07/06/2026' | fecha_efectiva='2026-06-07' | hoy='2026-06-11'
[12-Jun-2026 00:46:38 UTC]       ❌ NO incluido (fecha no coincide)
[12-Jun-2026 00:46:38 UTC]    📅 Envío #31872: post_date_raw='2026-06-11 07:56:31' | fecha_reprog_raw='11/06/2026' | fecha_efectiva='2026-06-11' | hoy='2026-06-11'
[12-Jun-2026 00:46:38 UTC]       ✅ INCLUIDO en filtrados
[12-Jun-2026 00:46:38 UTC] 📦 Total envíos encontrados para HOY: 1
[12-Jun-2026 00:46:38 UTC]    📅 Envío #31872: Creado=2026-06-11 | Reprog=2026-11-06 | Efectiva=2026-06-11 | Estado=entregado | Pago=
[12-Jun-2026 00:46:38 UTC]    Envío #31872: ENTREGADO pero NO pagado (estado_pago: ) → Bloquea
[12-Jun-2026 00:46:38 UTC] 📊 RESUMEN - Total: 1 | Finales: 0 | Recogidos: 0 | Entregados sin pagar: 1 | No Recogidos: 0 | Otros: 0
[12-Jun-2026 00:46:38 UTC] 🔴 BLOQUEADO: Hay envíos en proceso - Recogidos: 0, Entregados sin pagar: 1, No Recogidos: 0
[12-Jun-2026 00:46:38 UTC]    Se necesita que TODOS los 1 envíos del día estén finalizados (actualmente: 0 finalizados)
[12-Jun-2026 00:46:38 UTC] =====================================
[12-Jun-2026 00:46:38 UTC] =====================================
[12-Jun-2026 00:46:38 UTC] 🔍 VERIFICANDO BLOQUEO - Cliente: #517 | Fecha: 2026-06-11
[12-Jun-2026 00:46:38 UTC] URL actual: /dashboard/
[12-Jun-2026 00:46:38 UTC] =====================================
[12-Jun-2026 00:46:38 UTC] 🔎 SQL Query: 
        SELECT 
            p.ID, 
            p.post_date,
            pm_status.meta_value as estado,
            pm_pago.meta_value as estado_pago,
            pm_fecha_reprog.meta_value as fecha_reprogramada
        FROM wp_posts p
        LEFT JOIN wp_postmeta pm_shipper 
            ON p.ID = pm_shipper.post_id 
            AND pm_shipper.meta_key = 'registered_shipper'
        LEFT JOIN wp_postmeta pm_status 
            ON p.ID = pm_status.post_id 
            AND pm_status.meta_key = 'wpcargo_status'
        LEFT JOIN wp_postmeta pm_pago 
            ON p.ID = pm_pago.post_id 
            AND pm_pago.meta_key = 'wpcargo_estado_pago_remitente'
        LEFT JOIN wp_postmeta pm_fecha_reprog 
            ON p.ID = pm_fecha_reprog.post_id 
            AND pm_fecha_reprog.meta_key = 'wpcargo_pickup_date_picker'
        WHERE p.post_type = 'wpcargo_shipment'
        AND p.post_status = 'publish'
        AND pm_shipper.meta_value = '517'
    
[12-Jun-2026 00:46:38 UTC] 📊 Total envíos del cliente (sin filtrar): 7
[12-Jun-2026 00:46:38 UTC]    📅 Envío #31835: post_date_raw='2026-05-24 11:34:58' | fecha_reprog_raw='24/05/2026' | fecha_efectiva='2026-05-24' | hoy='2026-06-11'
[12-Jun-2026 00:46:38 UTC]       ❌ NO incluido (fecha no coincide)
[12-Jun-2026 00:46:38 UTC]    📅 Envío #31841: post_date_raw='2026-06-06 17:06:16' | fecha_reprog_raw='06/06/2026' | fecha_efectiva='2026-06-06' | hoy='2026-06-11'
[12-Jun-2026 00:46:38 UTC]       ❌ NO incluido (fecha no coincide)
[12-Jun-2026 00:46:38 UTC]    📅 Envío #31842: post_date_raw='2026-06-06 17:12:14' | fecha_reprog_raw='06/06/2026' | fecha_efectiva='2026-06-06' | hoy='2026-06-11'
[12-Jun-2026 00:46:38 UTC]       ❌ NO incluido (fecha no coincide)
[12-Jun-2026 00:46:38 UTC]    📅 Envío #31844: post_date_raw='2026-06-06 17:21:15' | fecha_reprog_raw='06/06/2026' | fecha_efectiva='2026-06-06' | hoy='2026-06-11'
[12-Jun-2026 00:46:38 UTC]       ❌ NO incluido (fecha no coincide)
[12-Jun-2026 00:46:38 UTC]    📅 Envío #31861: post_date_raw='2026-06-07 15:42:35' | fecha_reprog_raw='07/06/2026' | fecha_efectiva='2026-06-07' | hoy='2026-06-11'
[12-Jun-2026 00:46:38 UTC]       ❌ NO incluido (fecha no coincide)
[12-Jun-2026 00:46:38 UTC]    📅 Envío #31866: post_date_raw='2026-06-07 17:51:18' | fecha_reprog_raw='07/06/2026' | fecha_efectiva='2026-06-07' | hoy='2026-06-11'
[12-Jun-2026 00:46:38 UTC]       ❌ NO incluido (fecha no coincide)
[12-Jun-2026 00:46:38 UTC]    📅 Envío #31872: post_date_raw='2026-06-11 07:56:31' | fecha_reprog_raw='11/06/2026' | fecha_efectiva='2026-06-11' | hoy='2026-06-11'
[12-Jun-2026 00:46:38 UTC]       ✅ INCLUIDO en filtrados
[12-Jun-2026 00:46:38 UTC] 📦 Total envíos encontrados para HOY: 1
[12-Jun-2026 00:46:38 UTC]    📅 Envío #31872: Creado=2026-06-11 | Reprog=2026-11-06 | Efectiva=2026-06-11 | Estado=entregado | Pago=
[12-Jun-2026 00:46:38 UTC]    Envío #31872: ENTREGADO pero NO pagado (estado_pago: ) → Bloquea
[12-Jun-2026 00:46:38 UTC] 📊 RESUMEN - Total: 1 | Finales: 0 | Recogidos: 0 | Entregados sin pagar: 1 | No Recogidos: 0 | Otros: 0
[12-Jun-2026 00:46:38 UTC] 🔴 BLOQUEADO: Hay envíos en proceso - Recogidos: 0, Entregados sin pagar: 1, No Recogidos: 0
[12-Jun-2026 00:46:38 UTC]    Se necesita que TODOS los 1 envíos del día estén finalizados (actualmente: 0 finalizados)
[12-Jun-2026 00:46:38 UTC] =====================================
[12-Jun-2026 00:46:38 UTC] 🔵 [FILTER] filter_shipment_by_date_and_tiendaname llamado
[12-Jun-2026 00:46:38 UTC] 🔵 [FILTER] Usuario actual: 517
[12-Jun-2026 00:46:38 UTC] 🔵 [FILTER] Args iniciales: {"post_type":"wpcargo_shipment","post_status":"publish","posts_per_page":100,"paged":1,"s":"","meta_query":{"relation":"AND","0":{"__assignment":{"key":"registered_shipper","value":517,"compare":"="}}}}
[12-Jun-2026 00:46:38 UTC] 🔵 [FILTER] GET params: Array
(
)

[12-Jun-2026 00:46:38 UTC] 🔵 [FILTER] Sin parámetros de fecha, aplicando HOY por defecto: 2026-06-11
[12-Jun-2026 00:46:38 UTC] 🔵 [FILTER] Fecha desde: '2026-06-11' | Fecha hasta: '2026-06-11'
[12-Jun-2026 00:46:38 UTC] 🔵 [FILTER] has_from: true | has_to: true
[12-Jun-2026 00:46:38 UTC] 🔵 [FILTER] SQL Query: 
            SELECT DISTINCT p.ID 
            FROM wp_posts p
            INNER JOIN wp_postmeta pm ON p.ID = pm.post_id
            WHERE p.post_type = 'wpcargo_shipment'
            AND pm.meta_key IN ('wpcargo_pickup_date_picker', 'wpcargo_pickup_date', 'calendarenvio', 'wpcargo_fecha_envio')
            AND (STR_TO_DATE(pm.meta_value, '%d/%m/%Y') >= STR_TO_DATE('2026-06-11', '%Y-%m-%d') AND STR_TO_DATE(pm.meta_value, '%d/%m/%Y') <= STR_TO_DATE('2026-06-11', '%Y-%m-%d'))
        
[12-Jun-2026 00:46:38 UTC] 🔵 [FILTER] IDs encontrados por fecha: 2
[12-Jun-2026 00:46:38 UTC] 🔵 [FILTER] Primeros 10 IDs: 31872, 31878
[12-Jun-2026 00:46:38 UTC] 🔵 [FILTER] post__in no existe, creando nuevo
[12-Jun-2026 00:46:38 UTC] 🔵 [FILTER] post_status cambiado a array para incluir estados normales (EXCLUYENDO trash)
[12-Jun-2026 00:46:38 UTC] 🔵 [FILTER] Args finales: {"post_type":"wpcargo_shipment","post_status":["publish","draft","pending","private"],"posts_per_page":100,"paged":1,"s":"","meta_query":{"relation":"AND","0":{"__assignment":{"key":"registered_shipper","value":517,"compare":"="}}},"post__in":["31872","31878"]}
[12-Jun-2026 00:46:38 UTC] 🔔 [MERC_LOG] Inicializado logger diario: /var/www/html/wp-content/merc_logs/merc-debug-2026-06-12.log
[12-Jun-2026 00:46:40 UTC] 🔔 [MERC_LOG] Inicializado logger diario: /var/www/html/wp-content/merc_logs/merc-debug-2026-06-12.log
[12-Jun-2026 00:46:42 UTC] 🔔 [MERC_LOG] Inicializado logger diario: /var/www/html/wp-content/merc_logs/merc-debug-2026-06-12.log
[12-Jun-2026 00:46:50 UTC] 🔔 [MERC_LOG] Inicializado logger diario: /var/www/html/wp-content/merc_logs/merc-debug-2026-06-12.log
[12-Jun-2026 00:46:50 UTC] MERC_DEBUG_PRODUCTOS: 🔍 [INICIO] Buscando productos para usuario: 4R Kids Store (ID: 478)
[12-Jun-2026 00:46:50 UTC] MERC_DEBUG_PRODUCTOS: ✅ Query devolvió 49 productos para user_id=478
[12-Jun-2026 00:46:50 UTC] MERC_DEBUG_PRODUCTOS: Producto ID=30209 titulo=AROMATIZADOR meta_cliente=461 estado=sin_asignar stock=4
[12-Jun-2026 00:46:50 UTC] MERC_DEBUG_PRODUCTOS: ⚠️ SALTANDO Producto ID=30209 - meta_cliente=461 !== user_id=478
[12-Jun-2026 00:46:50 UTC] MERC_DEBUG_PRODUCTOS: Producto ID=26620 titulo=BANGOVER LEVANTATE LAZARO meta_cliente=481 estado=sin_asignar stock=2
[12-Jun-2026 00:46:50 UTC] MERC_DEBUG_PRODUCTOS: ⚠️ SALTANDO Producto ID=26620 - meta_cliente=481 !== user_id=478
[12-Jun-2026 00:46:50 UTC] MERC_DEBUG_PRODUCTOS: Producto ID=21990 titulo=BLOQUEADOR COLLAGE A meta_cliente=103 estado=asignado stock=2
[12-Jun-2026 00:46:50 UTC] MERC_DEBUG_PRODUCTOS: ⚠️ SALTANDO Producto ID=21990 - meta_cliente=103 !== user_id=478
[12-Jun-2026 00:46:50 UTC] MERC_DEBUG_PRODUCTOS: Producto ID=29959 titulo=BLOQUEADOR COLLAGE B meta_cliente=103 estado=sin_asignar stock=1
[12-Jun-2026 00:46:50 UTC] MERC_DEBUG_PRODUCTOS: ⚠️ SALTANDO Producto ID=29959 - meta_cliente=103 !== user_id=478
[12-Jun-2026 00:46:50 UTC] MERC_DEBUG_PRODUCTOS: Producto ID=21993 titulo=BLOQUEADOR CURCUMA A meta_cliente=103 estado=sin_asignar stock=2
[12-Jun-2026 00:46:50 UTC] MERC_DEBUG_PRODUCTOS: ⚠️ SALTANDO Producto ID=21993 - meta_cliente=103 !== user_id=478
[12-Jun-2026 00:46:50 UTC] MERC_DEBUG_PRODUCTOS: Producto ID=21994 titulo=BLOQUEADOR CURCUMA B meta_cliente=103 estado=sin_asignar stock=2
[12-Jun-2026 00:46:50 UTC] MERC_DEBUG_PRODUCTOS: ⚠️ SALTANDO Producto ID=21994 - meta_cliente=103 !== user_id=478
[12-Jun-2026 00:46:50 UTC] MERC_DEBUG_PRODUCTOS: Producto ID=30212 titulo=BRILLA MAS meta_cliente=461 estado=sin_asignar stock=2
[12-Jun-2026 00:46:50 UTC] MERC_DEBUG_PRODUCTOS: ⚠️ SALTANDO Producto ID=30212 - meta_cliente=461 !== user_id=478
[12-Jun-2026 00:46:50 UTC] MERC_DEBUG_PRODUCTOS: Producto ID=20301 titulo=CACAO EN POLVO meta_cliente=288 estado=asignado stock=6
[12-Jun-2026 00:46:50 UTC] MERC_DEBUG_PRODUCTOS: ⚠️ SALTANDO Producto ID=20301 - meta_cliente=288 !== user_id=478
[12-Jun-2026 00:46:50 UTC] MERC_DEBUG_PRODUCTOS: Producto ID=20313 titulo=CACAO EN POLVO meta_cliente=288 estado=sin_asignar stock=1
[12-Jun-2026 00:46:50 UTC] MERC_DEBUG_PRODUCTOS: ⚠️ SALTANDO Producto ID=20313 - meta_cliente=288 !== user_id=478
[12-Jun-2026 00:46:50 UTC] MERC_DEBUG_PRODUCTOS: Producto ID=20311 titulo=CAFE EN POLVO meta_cliente=288 estado=sin_asignar stock=8
[12-Jun-2026 00:46:50 UTC] MERC_DEBUG_PRODUCTOS: ⚠️ SALTANDO Producto ID=20311 - meta_cliente=288 !== user_id=478
[12-Jun-2026 00:46:50 UTC] MERC_DEBUG_PRODUCTOS: Producto ID=26593 titulo=CANDIDA CLEANSE meta_cliente=136 estado=sin_asignar stock=4
[12-Jun-2026 00:46:50 UTC] MERC_DEBUG_PRODUCTOS: ⚠️ SALTANDO Producto ID=26593 - meta_cliente=136 !== user_id=478
[12-Jun-2026 00:46:50 UTC] MERC_DEBUG_PRODUCTOS: Producto ID=24815 titulo=CREMA HIDRATANTE meta_cliente=136 estado=sin_asignar stock=2
[12-Jun-2026 00:46:50 UTC] MERC_DEBUG_PRODUCTOS: ⚠️ SALTANDO Producto ID=24815 - meta_cliente=136 !== user_id=478
[12-Jun-2026 00:46:50 UTC] MERC_DEBUG_PRODUCTOS: Producto ID=7959 titulo=CREMA RETINOL meta_cliente=136 estado=sin_asignar stock=3
[12-Jun-2026 00:46:50 UTC] MERC_DEBUG_PRODUCTOS: ⚠️ SALTANDO Producto ID=7959 - meta_cliente=136 !== user_id=478
[12-Jun-2026 00:46:50 UTC] MERC_DEBUG_PRODUCTOS: Producto ID=7958 titulo=CREMA ROREC meta_cliente=136 estado=sin_asignar stock=2
[12-Jun-2026 00:46:50 UTC] MERC_DEBUG_PRODUCTOS: ⚠️ SALTANDO Producto ID=7958 - meta_cliente=136 !== user_id=478
[12-Jun-2026 00:46:50 UTC] MERC_DEBUG_PRODUCTOS: Producto ID=7955 titulo=DESPIGMENTANTE DE LABIOS meta_cliente=136 estado=sin_asignar stock=1
[12-Jun-2026 00:46:50 UTC] MERC_DEBUG_PRODUCTOS: ⚠️ SALTANDO Producto ID=7955 - meta_cliente=136 !== user_id=478
[12-Jun-2026 00:46:50 UTC] MERC_DEBUG_PRODUCTOS: Producto ID=7949 titulo=EXFOLIANTE DE ARROZ meta_cliente=136 estado=sin_asignar stock=37
[12-Jun-2026 00:46:50 UTC] MERC_DEBUG_PRODUCTOS: ⚠️ SALTANDO Producto ID=7949 - meta_cliente=136 !== user_id=478
[12-Jun-2026 00:46:50 UTC] MERC_DEBUG_PRODUCTOS: Producto ID=7956 titulo=EXFOLIANTE GEL meta_cliente=136 estado=sin_asignar stock=1
[12-Jun-2026 00:46:50 UTC] MERC_DEBUG_PRODUCTOS: ⚠️ SALTANDO Producto ID=7956 - meta_cliente=136 !== user_id=478
[12-Jun-2026 00:46:50 UTC] MERC_DEBUG_PRODUCTOS: Producto ID=26630 titulo=HAIR GROWTH meta_cliente=270 estado=sin_asignar stock=188
[12-Jun-2026 00:46:50 UTC] MERC_DEBUG_PRODUCTOS: ⚠️ SALTANDO Producto ID=26630 - meta_cliente=270 !== user_id=478
[12-Jun-2026 00:46:50 UTC] MERC_DEBUG_PRODUCTOS: Producto ID=9095 titulo=HERBALS & HEALTH meta_cliente=270 estado=sin_asignar stock=2
[12-Jun-2026 00:46:50 UTC] MERC_DEBUG_PRODUCTOS: ⚠️ SALTANDO Producto ID=9095 - meta_cliente=270 !== user_id=478
[12-Jun-2026 00:46:50 UTC] MERC_DEBUG_PRODUCTOS: Producto ID=7960 titulo=HUMECTANTE SAKURA meta_cliente=136 estado=sin_asignar stock=8
[12-Jun-2026 00:46:50 UTC] MERC_DEBUG_PRODUCTOS: ⚠️ SALTANDO Producto ID=7960 - meta_cliente=136 !== user_id=478
[12-Jun-2026 00:46:50 UTC] MERC_DEBUG_PRODUCTOS: Producto ID=7981 titulo=INFLADORES meta_cliente=145 estado=sin_asignar stock=57
[12-Jun-2026 00:46:50 UTC] MERC_DEBUG_PRODUCTOS: ⚠️ SALTANDO Producto ID=7981 - meta_cliente=145 !== user_id=478
[12-Jun-2026 00:46:50 UTC] MERC_DEBUG_PRODUCTOS: Producto ID=21989 titulo=jjjjjjjjj meta_cliente=429 estado=sin_asignar stock=45
[12-Jun-2026 00:46:50 UTC] MERC_DEBUG_PRODUCTOS: ⚠️ SALTANDO Producto ID=21989 - meta_cliente=429 !== user_id=478
[12-Jun-2026 00:46:50 UTC] MERC_DEBUG_PRODUCTOS: Producto ID=21998 titulo=LABIAL MAGICO meta_cliente=103 estado=sin_asignar stock=1
[12-Jun-2026 00:46:50 UTC] MERC_DEBUG_PRODUCTOS: ⚠️ SALTANDO Producto ID=21998 - meta_cliente=103 !== user_id=478
[12-Jun-2026 00:46:50 UTC] MERC_DEBUG_PRODUCTOS: Producto ID=30316 titulo=LAMPARA BLACK LARGA meta_cliente=145 estado=sin_asignar stock=3
[12-Jun-2026 00:46:50 UTC] MERC_DEBUG_PRODUCTOS: ⚠️ SALTANDO Producto ID=30316 - meta_cliente=145 !== user_id=478
[12-Jun-2026 00:46:50 UTC] MERC_DEBUG_PRODUCTOS: Producto ID=7995 titulo=LAMPARA CORTA BLACK meta_cliente=145 estado=sin_asignar stock=59
[12-Jun-2026 00:46:50 UTC] MERC_DEBUG_PRODUCTOS: ⚠️ SALTANDO Producto ID=7995 - meta_cliente=145 !== user_id=478
[12-Jun-2026 00:46:50 UTC] MERC_DEBUG_PRODUCTOS: Producto ID=7996 titulo=LAMPARA CORTA WHITE meta_cliente=145 estado=asignado stock=0
[12-Jun-2026 00:46:50 UTC] MERC_DEBUG_PRODUCTOS: ⚠️ SALTANDO Producto ID=7996 - meta_cliente=145 !== user_id=478
[12-Jun-2026 00:46:50 UTC] MERC_DEBUG_PRODUCTOS: Producto ID=7982 titulo=LAMPARA GOLD LARGA meta_cliente=145 estado=asignado stock=0
[12-Jun-2026 00:46:50 UTC] MERC_DEBUG_PRODUCTOS: ⚠️ SALTANDO Producto ID=7982 - meta_cliente=145 !== user_id=478
[12-Jun-2026 00:46:50 UTC] MERC_DEBUG_PRODUCTOS: Producto ID=7991 titulo=LAMPARA LARGA SILVER meta_cliente=145 estado=asignado stock=0
[12-Jun-2026 00:46:50 UTC] MERC_DEBUG_PRODUCTOS: ⚠️ SALTANDO Producto ID=7991 - meta_cliente=145 !== user_id=478
[12-Jun-2026 00:46:50 UTC] MERC_DEBUG_PRODUCTOS: Producto ID=7992 titulo=LAMPARA LARGA WHITE meta_cliente=145 estado=asignado stock=1
[12-Jun-2026 00:46:50 UTC] MERC_DEBUG_PRODUCTOS: ⚠️ SALTANDO Producto ID=7992 - meta_cliente=145 !== user_id=478
[12-Jun-2026 00:46:50 UTC] MERC_DEBUG_PRODUCTOS: Producto ID=24829 titulo=LAMPARA ROSE GOLD LARGA meta_cliente=145 estado=asignado stock=0
[12-Jun-2026 00:46:50 UTC] MERC_DEBUG_PRODUCTOS: ⚠️ SALTANDO Producto ID=24829 - meta_cliente=145 !== user_id=478
[12-Jun-2026 00:46:50 UTC] MERC_DEBUG_PRODUCTOS: Producto ID=26598 titulo=MAGNET CUBE ZONE 100 PIEZAS meta_cliente=201 estado=asignado stock=0
[12-Jun-2026 00:46:50 UTC] MERC_DEBUG_PRODUCTOS: ⚠️ SALTANDO Producto ID=26598 - meta_cliente=201 !== user_id=478
[12-Jun-2026 00:46:50 UTC] MERC_DEBUG_PRODUCTOS: Producto ID=28802 titulo=MAGNET CUBE ZONE 80 PIEZAS meta_cliente=201 estado=asignado stock=0
[12-Jun-2026 00:46:50 UTC] MERC_DEBUG_PRODUCTOS: ⚠️ SALTANDO Producto ID=28802 - meta_cliente=201 !== user_id=478
[12-Jun-2026 00:46:50 UTC] MERC_DEBUG_PRODUCTOS: Producto ID=26588 titulo=MEDINAIL SPRAY meta_cliente=461 estado=sin_asignar stock=4
[12-Jun-2026 00:46:50 UTC] MERC_DEBUG_PRODUCTOS: ⚠️ SALTANDO Producto ID=26588 - meta_cliente=461 !== user_id=478
[12-Jun-2026 00:46:50 UTC] MERC_DEBUG_PRODUCTOS: Producto ID=9098 titulo=NAD RESVERATROL meta_cliente=270 estado=sin_asignar stock=50
[12-Jun-2026 00:46:50 UTC] MERC_DEBUG_PRODUCTOS: ⚠️ SALTANDO Producto ID=9098 - meta_cliente=270 !== user_id=478
[12-Jun-2026 00:46:50 UTC] MERC_DEBUG_PRODUCTOS: Producto ID=28745 titulo=NEGRO MAGICO meta_cliente=461 estado=sin_asignar stock=5
[12-Jun-2026 00:46:50 UTC] MERC_DEBUG_PRODUCTOS: ⚠️ SALTANDO Producto ID=28745 - meta_cliente=461 !== user_id=478
[12-Jun-2026 00:46:50 UTC] MERC_DEBUG_PRODUCTOS: Producto ID=28748 titulo=NOURKRIN meta_cliente=461 estado=sin_asignar stock=2
[12-Jun-2026 00:46:50 UTC] MERC_DEBUG_PRODUCTOS: ⚠️ SALTANDO Producto ID=28748 - meta_cliente=461 !== user_id=478
[12-Jun-2026 00:46:50 UTC] MERC_DEBUG_PRODUCTOS: Producto ID=26581 titulo=PAÑOS DE TELA meta_cliente=461 estado=sin_asignar stock=19
[12-Jun-2026 00:46:50 UTC] MERC_DEBUG_PRODUCTOS: ⚠️ SALTANDO Producto ID=26581 - meta_cliente=461 !== user_id=478
[12-Jun-2026 00:46:50 UTC] MERC_DEBUG_PRODUCTOS: Producto ID=23119 titulo=PARLANTE ALEXA meta_cliente=85 estado=sin_asignar stock=3
[12-Jun-2026 00:46:50 UTC] MERC_DEBUG_PRODUCTOS: ⚠️ SALTANDO Producto ID=23119 - meta_cliente=85 !== user_id=478
[12-Jun-2026 00:46:50 UTC] MERC_DEBUG_PRODUCTOS: Producto ID=6914 titulo=PARLANTE ALEXA meta_cliente=85 estado=sin_asignar stock=4
[12-Jun-2026 00:46:50 UTC] MERC_DEBUG_PRODUCTOS: ⚠️ SALTANDO Producto ID=6914 - meta_cliente=85 !== user_id=478
[12-Jun-2026 00:46:50 UTC] MERC_DEBUG_PRODUCTOS: Producto ID=24382 titulo=PARLANTE ALEXA meta_cliente=85 estado=sin_asignar stock=1
[12-Jun-2026 00:46:50 UTC] MERC_DEBUG_PRODUCTOS: ⚠️ SALTANDO Producto ID=24382 - meta_cliente=85 !== user_id=478
[12-Jun-2026 00:46:50 UTC] MERC_DEBUG_PRODUCTOS: Producto ID=24380 titulo=PARLANTE ALEXA meta_cliente=85 estado=asignado stock=2
[12-Jun-2026 00:46:50 UTC] MERC_DEBUG_PRODUCTOS: ⚠️ SALTANDO Producto ID=24380 - meta_cliente=85 !== user_id=478
[12-Jun-2026 00:46:50 UTC] MERC_DEBUG_PRODUCTOS: Producto ID=26583 titulo=PROTECTOR ULTRA WAX meta_cliente=461 estado=sin_asignar stock=6
[12-Jun-2026 00:46:50 UTC] MERC_DEBUG_PRODUCTOS: ⚠️ SALTANDO Producto ID=26583 - meta_cliente=461 !== user_id=478
[12-Jun-2026 00:46:50 UTC] MERC_DEBUG_PRODUCTOS: Producto ID=30217 titulo=PULIMAX meta_cliente=461 estado=sin_asignar stock=12
[12-Jun-2026 00:46:50 UTC] MERC_DEBUG_PRODUCTOS: ⚠️ SALTANDO Producto ID=30217 - meta_cliente=461 !== user_id=478
[12-Jun-2026 00:46:50 UTC] MERC_DEBUG_PRODUCTOS: Producto ID=6879 titulo=SHAMPOO meta_cliente=91 estado=sin_asignar stock=9
[12-Jun-2026 00:46:50 UTC] MERC_DEBUG_PRODUCTOS: ⚠️ SALTANDO Producto ID=6879 - meta_cliente=91 !== user_id=478
[12-Jun-2026 00:46:50 UTC] MERC_DEBUG_PRODUCTOS: Producto ID=24821 titulo=SPRAY DEPILATORIO meta_cliente=136 estado=sin_asignar stock=25
[12-Jun-2026 00:46:50 UTC] MERC_DEBUG_PRODUCTOS: ⚠️ SALTANDO Producto ID=24821 - meta_cliente=136 !== user_id=478
[12-Jun-2026 00:46:50 UTC] MERC_DEBUG_PRODUCTOS: Producto ID=28704 titulo=TAPIZ CLEAN meta_cliente=461 estado=sin_asignar stock=4
[12-Jun-2026 00:46:50 UTC] MERC_DEBUG_PRODUCTOS: ⚠️ SALTANDO Producto ID=28704 - meta_cliente=461 !== user_id=478
[12-Jun-2026 00:46:50 UTC] MERC_DEBUG_PRODUCTOS: Producto ID=9096 titulo=ULTRA PURE meta_cliente=270 estado=sin_asignar stock=1
[12-Jun-2026 00:46:50 UTC] MERC_DEBUG_PRODUCTOS: ⚠️ SALTANDO Producto ID=9096 - meta_cliente=270 !== user_id=478
[12-Jun-2026 00:46:50 UTC] MERC_DEBUG_PRODUCTOS: Producto ID=26589 titulo=WART REMOVER meta_cliente=461 estado=sin_asignar stock=4
[12-Jun-2026 00:46:50 UTC] MERC_DEBUG_PRODUCTOS: ⚠️ SALTANDO Producto ID=26589 - meta_cliente=461 !== user_id=478
[12-Jun-2026 00:46:50 UTC] MERC_DEBUG_PRODUCTOS: Producto ID=26931 titulo=Zapatillas meta_cliente=118 estado=sin_asignar stock=30
[12-Jun-2026 00:46:50 UTC] MERC_DEBUG_PRODUCTOS: ⚠️ SALTANDO Producto ID=26931 - meta_cliente=118 !== user_id=478
[12-Jun-2026 00:46:50 UTC] MERC_DEBUG_PRODUCTOS: 🎯 [FIN] Retornando 0 opciones filtradas para user_id=478 (desde 49 totales)
[12-Jun-2026 00:46:54 UTC] 🔔 [MERC_LOG] Inicializado logger diario: /var/www/html/wp-content/merc_logs/merc-debug-2026-06-12.log
[12-Jun-2026 00:46:54 UTC] 🔔 [MERC_LOG] Inicializado logger diario: /var/www/html/wp-content/merc_logs/merc-debug-2026-06-12.log
[12-Jun-2026 00:46:54 UTC] 🔔 [MERC_LOG] Inicializado logger diario: /var/www/html/wp-content/merc_logs/merc-debug-2026-06-12.log
[12-Jun-2026 00:46:54 UTC] 🔔 [MERC_LOG] Inicializado logger diario: /var/www/html/wp-content/merc_logs/merc-debug-2026-06-12.log
[12-Jun-2026 00:46:54 UTC] 🔔 [MERC_LOG] Inicializado logger diario: /var/www/html/wp-content/merc_logs/merc-debug-2026-06-12.log
[12-Jun-2026 00:46:54 UTC] 🔔 [MERC_LOG] Inicializado logger diario: /var/www/html/wp-content/merc_logs/merc-debug-2026-06-12.log
[12-Jun-2026 00:46:54 UTC] MERC_POD_DEBUG - shipmentID= context=syncMonto methods_count=0
[12-Jun-2026 00:46:54 UTC] MERC_POD_DEBUG - shipmentID= context=syncMonto methods_count=0
[12-Jun-2026 00:46:54 UTC] MERC_POD_DEBUG - shipmentID= context=syncMonto methods_count=0
[12-Jun-2026 00:46:54 UTC] MERC_POD_DEBUG - shipmentID= context=syncMonto methods_count=0
[12-Jun-2026 00:46:54 UTC] MERC_POD_DEBUG - shipmentID= context=syncMonto methods_count=0
[12-Jun-2026 00:46:54 UTC] MERC_POD_DEBUG - shipmentID= context=syncMonto methods_count=0
[12-Jun-2026 00:46:58 UTC] 🔔 [MERC_LOG] Inicializado logger diario: /var/www/html/wp-content/merc_logs/merc-debug-2026-06-12.log
[12-Jun-2026 00:46:59 UTC] MERC_DEBUG_PRODUCTOS: 🔍 [INICIO] Buscando productos para usuario: ACCESORIOS RK (ID: 259)
[12-Jun-2026 00:46:59 UTC] MERC_DEBUG_PRODUCTOS: ✅ Query devolvió 49 productos para user_id=259
[12-Jun-2026 00:46:59 UTC] MERC_DEBUG_PRODUCTOS: Producto ID=30209 titulo=AROMATIZADOR meta_cliente=461 estado=sin_asignar stock=4
[12-Jun-2026 00:46:59 UTC] MERC_DEBUG_PRODUCTOS: ⚠️ SALTANDO Producto ID=30209 - meta_cliente=461 !== user_id=259
[12-Jun-2026 00:46:59 UTC] MERC_DEBUG_PRODUCTOS: Producto ID=26620 titulo=BANGOVER LEVANTATE LAZARO meta_cliente=481 estado=sin_asignar stock=2
[12-Jun-2026 00:46:59 UTC] MERC_DEBUG_PRODUCTOS: ⚠️ SALTANDO Producto ID=26620 - meta_cliente=481 !== user_id=259
[12-Jun-2026 00:46:59 UTC] MERC_DEBUG_PRODUCTOS: Producto ID=21990 titulo=BLOQUEADOR COLLAGE A meta_cliente=103 estado=asignado stock=2
[12-Jun-2026 00:46:59 UTC] MERC_DEBUG_PRODUCTOS: ⚠️ SALTANDO Producto ID=21990 - meta_cliente=103 !== user_id=259
[12-Jun-2026 00:46:59 UTC] MERC_DEBUG_PRODUCTOS: Producto ID=29959 titulo=BLOQUEADOR COLLAGE B meta_cliente=103 estado=sin_asignar stock=1
[12-Jun-2026 00:46:59 UTC] MERC_DEBUG_PRODUCTOS: ⚠️ SALTANDO Producto ID=29959 - meta_cliente=103 !== user_id=259
[12-Jun-2026 00:46:59 UTC] MERC_DEBUG_PRODUCTOS: Producto ID=21993 titulo=BLOQUEADOR CURCUMA A meta_cliente=103 estado=sin_asignar stock=2
[12-Jun-2026 00:46:59 UTC] MERC_DEBUG_PRODUCTOS: ⚠️ SALTANDO Producto ID=21993 - meta_cliente=103 !== user_id=259
[12-Jun-2026 00:46:59 UTC] MERC_DEBUG_PRODUCTOS: Producto ID=21994 titulo=BLOQUEADOR CURCUMA B meta_cliente=103 estado=sin_asignar stock=2
[12-Jun-2026 00:46:59 UTC] MERC_DEBUG_PRODUCTOS: ⚠️ SALTANDO Producto ID=21994 - meta_cliente=103 !== user_id=259
[12-Jun-2026 00:46:59 UTC] MERC_DEBUG_PRODUCTOS: Producto ID=30212 titulo=BRILLA MAS meta_cliente=461 estado=sin_asignar stock=2
[12-Jun-2026 00:46:59 UTC] MERC_DEBUG_PRODUCTOS: ⚠️ SALTANDO Producto ID=30212 - meta_cliente=461 !== user_id=259
[12-Jun-2026 00:46:59 UTC] MERC_DEBUG_PRODUCTOS: Producto ID=20301 titulo=CACAO EN POLVO meta_cliente=288 estado=asignado stock=6
[12-Jun-2026 00:46:59 UTC] MERC_DEBUG_PRODUCTOS: ⚠️ SALTANDO Producto ID=20301 - meta_cliente=288 !== user_id=259
[12-Jun-2026 00:46:59 UTC] MERC_DEBUG_PRODUCTOS: Producto ID=20313 titulo=CACAO EN POLVO meta_cliente=288 estado=sin_asignar stock=1
[12-Jun-2026 00:46:59 UTC] MERC_DEBUG_PRODUCTOS: ⚠️ SALTANDO Producto ID=20313 - meta_cliente=288 !== user_id=259
[12-Jun-2026 00:46:59 UTC] MERC_DEBUG_PRODUCTOS: Producto ID=20311 titulo=CAFE EN POLVO meta_cliente=288 estado=sin_asignar stock=8
[12-Jun-2026 00:46:59 UTC] MERC_DEBUG_PRODUCTOS: ⚠️ SALTANDO Producto ID=20311 - meta_cliente=288 !== user_id=259
[12-Jun-2026 00:46:59 UTC] MERC_DEBUG_PRODUCTOS: Producto ID=26593 titulo=CANDIDA CLEANSE meta_cliente=136 estado=sin_asignar stock=4
[12-Jun-2026 00:46:59 UTC] MERC_DEBUG_PRODUCTOS: ⚠️ SALTANDO Producto ID=26593 - meta_cliente=136 !== user_id=259
[12-Jun-2026 00:46:59 UTC] MERC_DEBUG_PRODUCTOS: Producto ID=24815 titulo=CREMA HIDRATANTE meta_cliente=136 estado=sin_asignar stock=2
[12-Jun-2026 00:46:59 UTC] MERC_DEBUG_PRODUCTOS: ⚠️ SALTANDO Producto ID=24815 - meta_cliente=136 !== user_id=259
[12-Jun-2026 00:46:59 UTC] MERC_DEBUG_PRODUCTOS: Producto ID=7959 titulo=CREMA RETINOL meta_cliente=136 estado=sin_asignar stock=3
[12-Jun-2026 00:46:59 UTC] MERC_DEBUG_PRODUCTOS: ⚠️ SALTANDO Producto ID=7959 - meta_cliente=136 !== user_id=259
[12-Jun-2026 00:46:59 UTC] MERC_DEBUG_PRODUCTOS: Producto ID=7958 titulo=CREMA ROREC meta_cliente=136 estado=sin_asignar stock=2
[12-Jun-2026 00:46:59 UTC] MERC_DEBUG_PRODUCTOS: ⚠️ SALTANDO Producto ID=7958 - meta_cliente=136 !== user_id=259
[12-Jun-2026 00:46:59 UTC] MERC_DEBUG_PRODUCTOS: Producto ID=7955 titulo=DESPIGMENTANTE DE LABIOS meta_cliente=136 estado=sin_asignar stock=1
[12-Jun-2026 00:46:59 UTC] MERC_DEBUG_PRODUCTOS: ⚠️ SALTANDO Producto ID=7955 - meta_cliente=136 !== user_id=259
[12-Jun-2026 00:46:59 UTC] MERC_DEBUG_PRODUCTOS: Producto ID=7949 titulo=EXFOLIANTE DE ARROZ meta_cliente=136 estado=sin_asignar stock=37
[12-Jun-2026 00:46:59 UTC] MERC_DEBUG_PRODUCTOS: ⚠️ SALTANDO Producto ID=7949 - meta_cliente=136 !== user_id=259
[12-Jun-2026 00:46:59 UTC] MERC_DEBUG_PRODUCTOS: Producto ID=7956 titulo=EXFOLIANTE GEL meta_cliente=136 estado=sin_asignar stock=1
[12-Jun-2026 00:46:59 UTC] MERC_DEBUG_PRODUCTOS: ⚠️ SALTANDO Producto ID=7956 - meta_cliente=136 !== user_id=259
[12-Jun-2026 00:46:59 UTC] MERC_DEBUG_PRODUCTOS: Producto ID=26630 titulo=HAIR GROWTH meta_cliente=270 estado=sin_asignar stock=188
[12-Jun-2026 00:46:59 UTC] MERC_DEBUG_PRODUCTOS: ⚠️ SALTANDO Producto ID=26630 - meta_cliente=270 !== user_id=259
[12-Jun-2026 00:46:59 UTC] MERC_DEBUG_PRODUCTOS: Producto ID=9095 titulo=HERBALS & HEALTH meta_cliente=270 estado=sin_asignar stock=2
[12-Jun-2026 00:46:59 UTC] MERC_DEBUG_PRODUCTOS: ⚠️ SALTANDO Producto ID=9095 - meta_cliente=270 !== user_id=259
[12-Jun-2026 00:46:59 UTC] MERC_DEBUG_PRODUCTOS: Producto ID=7960 titulo=HUMECTANTE SAKURA meta_cliente=136 estado=sin_asignar stock=8
[12-Jun-2026 00:46:59 UTC] MERC_DEBUG_PRODUCTOS: ⚠️ SALTANDO Producto ID=7960 - meta_cliente=136 !== user_id=259
[12-Jun-2026 00:46:59 UTC] MERC_DEBUG_PRODUCTOS: Producto ID=7981 titulo=INFLADORES meta_cliente=145 estado=sin_asignar stock=57
[12-Jun-2026 00:46:59 UTC] MERC_DEBUG_PRODUCTOS: ⚠️ SALTANDO Producto ID=7981 - meta_cliente=145 !== user_id=259
[12-Jun-2026 00:46:59 UTC] MERC_DEBUG_PRODUCTOS: Producto ID=21989 titulo=jjjjjjjjj meta_cliente=429 estado=sin_asignar stock=45
[12-Jun-2026 00:46:59 UTC] MERC_DEBUG_PRODUCTOS: ⚠️ SALTANDO Producto ID=21989 - meta_cliente=429 !== user_id=259
[12-Jun-2026 00:46:59 UTC] MERC_DEBUG_PRODUCTOS: Producto ID=21998 titulo=LABIAL MAGICO meta_cliente=103 estado=sin_asignar stock=1
[12-Jun-2026 00:46:59 UTC] MERC_DEBUG_PRODUCTOS: ⚠️ SALTANDO Producto ID=21998 - meta_cliente=103 !== user_id=259
[12-Jun-2026 00:46:59 UTC] MERC_DEBUG_PRODUCTOS: Producto ID=30316 titulo=LAMPARA BLACK LARGA meta_cliente=145 estado=sin_asignar stock=3
[12-Jun-2026 00:46:59 UTC] MERC_DEBUG_PRODUCTOS: ⚠️ SALTANDO Producto ID=30316 - meta_cliente=145 !== user_id=259
[12-Jun-2026 00:46:59 UTC] MERC_DEBUG_PRODUCTOS: Producto ID=7995 titulo=LAMPARA CORTA BLACK meta_cliente=145 estado=sin_asignar stock=59
[12-Jun-2026 00:46:59 UTC] MERC_DEBUG_PRODUCTOS: ⚠️ SALTANDO Producto ID=7995 - meta_cliente=145 !== user_id=259
[12-Jun-2026 00:46:59 UTC] MERC_DEBUG_PRODUCTOS: Producto ID=7996 titulo=LAMPARA CORTA WHITE meta_cliente=145 estado=asignado stock=0
[12-Jun-2026 00:46:59 UTC] MERC_DEBUG_PRODUCTOS: ⚠️ SALTANDO Producto ID=7996 - meta_cliente=145 !== user_id=259
[12-Jun-2026 00:46:59 UTC] MERC_DEBUG_PRODUCTOS: Producto ID=7982 titulo=LAMPARA GOLD LARGA meta_cliente=145 estado=asignado stock=0
[12-Jun-2026 00:46:59 UTC] MERC_DEBUG_PRODUCTOS: ⚠️ SALTANDO Producto ID=7982 - meta_cliente=145 !== user_id=259
[12-Jun-2026 00:46:59 UTC] MERC_DEBUG_PRODUCTOS: Producto ID=7991 titulo=LAMPARA LARGA SILVER meta_cliente=145 estado=asignado stock=0
[12-Jun-2026 00:46:59 UTC] MERC_DEBUG_PRODUCTOS: ⚠️ SALTANDO Producto ID=7991 - meta_cliente=145 !== user_id=259
[12-Jun-2026 00:46:59 UTC] MERC_DEBUG_PRODUCTOS: Producto ID=7992 titulo=LAMPARA LARGA WHITE meta_cliente=145 estado=asignado stock=1
[12-Jun-2026 00:46:59 UTC] MERC_DEBUG_PRODUCTOS: ⚠️ SALTANDO Producto ID=7992 - meta_cliente=145 !== user_id=259
[12-Jun-2026 00:46:59 UTC] MERC_DEBUG_PRODUCTOS: Producto ID=24829 titulo=LAMPARA ROSE GOLD LARGA meta_cliente=145 estado=asignado stock=0
[12-Jun-2026 00:46:59 UTC] MERC_DEBUG_PRODUCTOS: ⚠️ SALTANDO Producto ID=24829 - meta_cliente=145 !== user_id=259
[12-Jun-2026 00:46:59 UTC] MERC_DEBUG_PRODUCTOS: Producto ID=26598 titulo=MAGNET CUBE ZONE 100 PIEZAS meta_cliente=201 estado=asignado stock=0
[12-Jun-2026 00:46:59 UTC] MERC_DEBUG_PRODUCTOS: ⚠️ SALTANDO Producto ID=26598 - meta_cliente=201 !== user_id=259
[12-Jun-2026 00:46:59 UTC] MERC_DEBUG_PRODUCTOS: Producto ID=28802 titulo=MAGNET CUBE ZONE 80 PIEZAS meta_cliente=201 estado=asignado stock=0
[12-Jun-2026 00:46:59 UTC] MERC_DEBUG_PRODUCTOS: ⚠️ SALTANDO Producto ID=28802 - meta_cliente=201 !== user_id=259
[12-Jun-2026 00:46:59 UTC] MERC_DEBUG_PRODUCTOS: Producto ID=26588 titulo=MEDINAIL SPRAY meta_cliente=461 estado=sin_asignar stock=4
[12-Jun-2026 00:46:59 UTC] MERC_DEBUG_PRODUCTOS: ⚠️ SALTANDO Producto ID=26588 - meta_cliente=461 !== user_id=259
[12-Jun-2026 00:46:59 UTC] MERC_DEBUG_PRODUCTOS: Producto ID=9098 titulo=NAD RESVERATROL meta_cliente=270 estado=sin_asignar stock=50
[12-Jun-2026 00:46:59 UTC] MERC_DEBUG_PRODUCTOS: ⚠️ SALTANDO Producto ID=9098 - meta_cliente=270 !== user_id=259
[12-Jun-2026 00:46:59 UTC] MERC_DEBUG_PRODUCTOS: Producto ID=28745 titulo=NEGRO MAGICO meta_cliente=461 estado=sin_asignar stock=5
[12-Jun-2026 00:46:59 UTC] MERC_DEBUG_PRODUCTOS: ⚠️ SALTANDO Producto ID=28745 - meta_cliente=461 !== user_id=259
[12-Jun-2026 00:46:59 UTC] MERC_DEBUG_PRODUCTOS: Producto ID=28748 titulo=NOURKRIN meta_cliente=461 estado=sin_asignar stock=2
[12-Jun-2026 00:46:59 UTC] MERC_DEBUG_PRODUCTOS: ⚠️ SALTANDO Producto ID=28748 - meta_cliente=461 !== user_id=259
[12-Jun-2026 00:46:59 UTC] MERC_DEBUG_PRODUCTOS: Producto ID=26581 titulo=PAÑOS DE TELA meta_cliente=461 estado=sin_asignar stock=19
[12-Jun-2026 00:46:59 UTC] MERC_DEBUG_PRODUCTOS: ⚠️ SALTANDO Producto ID=26581 - meta_cliente=461 !== user_id=259
[12-Jun-2026 00:46:59 UTC] MERC_DEBUG_PRODUCTOS: Producto ID=23119 titulo=PARLANTE ALEXA meta_cliente=85 estado=sin_asignar stock=3
[12-Jun-2026 00:46:59 UTC] MERC_DEBUG_PRODUCTOS: ⚠️ SALTANDO Producto ID=23119 - meta_cliente=85 !== user_id=259
[12-Jun-2026 00:46:59 UTC] MERC_DEBUG_PRODUCTOS: Producto ID=6914 titulo=PARLANTE ALEXA meta_cliente=85 estado=sin_asignar stock=4
[12-Jun-2026 00:46:59 UTC] MERC_DEBUG_PRODUCTOS: ⚠️ SALTANDO Producto ID=6914 - meta_cliente=85 !== user_id=259
[12-Jun-2026 00:46:59 UTC] MERC_DEBUG_PRODUCTOS: Producto ID=24382 titulo=PARLANTE ALEXA meta_cliente=85 estado=sin_asignar stock=1
[12-Jun-2026 00:46:59 UTC] MERC_DEBUG_PRODUCTOS: ⚠️ SALTANDO Producto ID=24382 - meta_cliente=85 !== user_id=259
[12-Jun-2026 00:46:59 UTC] MERC_DEBUG_PRODUCTOS: Producto ID=24380 titulo=PARLANTE ALEXA meta_cliente=85 estado=asignado stock=2
[12-Jun-2026 00:46:59 UTC] MERC_DEBUG_PRODUCTOS: ⚠️ SALTANDO Producto ID=24380 - meta_cliente=85 !== user_id=259
[12-Jun-2026 00:46:59 UTC] MERC_DEBUG_PRODUCTOS: Producto ID=26583 titulo=PROTECTOR ULTRA WAX meta_cliente=461 estado=sin_asignar stock=6
[12-Jun-2026 00:46:59 UTC] MERC_DEBUG_PRODUCTOS: ⚠️ SALTANDO Producto ID=26583 - meta_cliente=461 !== user_id=259
[12-Jun-2026 00:46:59 UTC] MERC_DEBUG_PRODUCTOS: Producto ID=30217 titulo=PULIMAX meta_cliente=461 estado=sin_asignar stock=12
[12-Jun-2026 00:46:59 UTC] MERC_DEBUG_PRODUCTOS: ⚠️ SALTANDO Producto ID=30217 - meta_cliente=461 !== user_id=259
[12-Jun-2026 00:46:59 UTC] MERC_DEBUG_PRODUCTOS: Producto ID=6879 titulo=SHAMPOO meta_cliente=91 estado=sin_asignar stock=9
[12-Jun-2026 00:46:59 UTC] MERC_DEBUG_PRODUCTOS: ⚠️ SALTANDO Producto ID=6879 - meta_cliente=91 !== user_id=259
[12-Jun-2026 00:46:59 UTC] MERC_DEBUG_PRODUCTOS: Producto ID=24821 titulo=SPRAY DEPILATORIO meta_cliente=136 estado=sin_asignar stock=25
[12-Jun-2026 00:46:59 UTC] MERC_DEBUG_PRODUCTOS: ⚠️ SALTANDO Producto ID=24821 - meta_cliente=136 !== user_id=259
[12-Jun-2026 00:46:59 UTC] MERC_DEBUG_PRODUCTOS: Producto ID=28704 titulo=TAPIZ CLEAN meta_cliente=461 estado=sin_asignar stock=4
[12-Jun-2026 00:46:59 UTC] MERC_DEBUG_PRODUCTOS: ⚠️ SALTANDO Producto ID=28704 - meta_cliente=461 !== user_id=259
[12-Jun-2026 00:46:59 UTC] MERC_DEBUG_PRODUCTOS: Producto ID=9096 titulo=ULTRA PURE meta_cliente=270 estado=sin_asignar stock=1
[12-Jun-2026 00:46:59 UTC] MERC_DEBUG_PRODUCTOS: ⚠️ SALTANDO Producto ID=9096 - meta_cliente=270 !== user_id=259
[12-Jun-2026 00:46:59 UTC] MERC_DEBUG_PRODUCTOS: Producto ID=26589 titulo=WART REMOVER meta_cliente=461 estado=sin_asignar stock=4
[12-Jun-2026 00:46:59 UTC] MERC_DEBUG_PRODUCTOS: ⚠️ SALTANDO Producto ID=26589 - meta_cliente=461 !== user_id=259
[12-Jun-2026 00:46:59 UTC] MERC_DEBUG_PRODUCTOS: Producto ID=26931 titulo=Zapatillas meta_cliente=118 estado=sin_asignar stock=30
[12-Jun-2026 00:46:59 UTC] MERC_DEBUG_PRODUCTOS: ⚠️ SALTANDO Producto ID=26931 - meta_cliente=118 !== user_id=259
[12-Jun-2026 00:46:59 UTC] MERC_DEBUG_PRODUCTOS: 🎯 [FIN] Retornando 0 opciones filtradas para user_id=259 (desde 49 totales)
[12-Jun-2026 00:47:00 UTC] 🔔 [MERC_LOG] Inicializado logger diario: /var/www/html/wp-content/merc_logs/merc-debug-2026-06-12.log
[12-Jun-2026 00:47:00 UTC] 🔔 [MERC_LOG] Inicializado logger diario: /var/www/html/wp-content/merc_logs/merc-debug-2026-06-12.log
[12-Jun-2026 00:47:00 UTC] 🔔 [MERC_LOG] Inicializado logger diario: /var/www/html/wp-content/merc_logs/merc-debug-2026-06-12.log
[12-Jun-2026 00:47:00 UTC] 🔔 [MERC_LOG] Inicializado logger diario: /var/www/html/wp-content/merc_logs/merc-debug-2026-06-12.log
[12-Jun-2026 00:47:00 UTC] 🔔 [MERC_LOG] Inicializado logger diario: /var/www/html/wp-content/merc_logs/merc-debug-2026-06-12.log
[12-Jun-2026 00:47:00 UTC] 🔔 [MERC_LOG] Inicializado logger diario: /var/www/html/wp-content/merc_logs/merc-debug-2026-06-12.log
[12-Jun-2026 00:47:00 UTC] MERC_POD_DEBUG - shipmentID= context=syncMonto methods_count=0
[12-Jun-2026 00:47:00 UTC] MERC_POD_DEBUG - shipmentID= context=syncMonto methods_count=0
[12-Jun-2026 00:47:00 UTC] MERC_POD_DEBUG - shipmentID= context=syncMonto methods_count=0
[12-Jun-2026 00:47:00 UTC] MERC_POD_DEBUG - shipmentID= context=syncMonto methods_count=0
[12-Jun-2026 00:47:00 UTC] MERC_POD_DEBUG - shipmentID= context=syncMonto methods_count=0
[12-Jun-2026 00:47:00 UTC] MERC_POD_DEBUG - shipmentID= context=syncMonto methods_count=0
[12-Jun-2026 00:47:03 UTC] 🔔 [MERC_LOG] Inicializado logger diario: /var/www/html/wp-content/merc_logs/merc-debug-2026-06-12.log
[12-Jun-2026 00:47:03 UTC] MERC_DEBUG_PRODUCTOS: 🔍 [INICIO] Buscando productos para usuario: La Gran Fresa Perú  (ID: 307)
[12-Jun-2026 00:47:03 UTC] MERC_DEBUG_PRODUCTOS: ✅ Query devolvió 49 productos para user_id=307
[12-Jun-2026 00:47:03 UTC] MERC_DEBUG_PRODUCTOS: Producto ID=30209 titulo=AROMATIZADOR meta_cliente=461 estado=sin_asignar stock=4
[12-Jun-2026 00:47:03 UTC] MERC_DEBUG_PRODUCTOS: ⚠️ SALTANDO Producto ID=30209 - meta_cliente=461 !== user_id=307
[12-Jun-2026 00:47:03 UTC] MERC_DEBUG_PRODUCTOS: Producto ID=26620 titulo=BANGOVER LEVANTATE LAZARO meta_cliente=481 estado=sin_asignar stock=2
[12-Jun-2026 00:47:03 UTC] MERC_DEBUG_PRODUCTOS: ⚠️ SALTANDO Producto ID=26620 - meta_cliente=481 !== user_id=307
[12-Jun-2026 00:47:03 UTC] MERC_DEBUG_PRODUCTOS: Producto ID=21990 titulo=BLOQUEADOR COLLAGE A meta_cliente=103 estado=asignado stock=2
[12-Jun-2026 00:47:03 UTC] MERC_DEBUG_PRODUCTOS: ⚠️ SALTANDO Producto ID=21990 - meta_cliente=103 !== user_id=307
[12-Jun-2026 00:47:03 UTC] MERC_DEBUG_PRODUCTOS: Producto ID=29959 titulo=BLOQUEADOR COLLAGE B meta_cliente=103 estado=sin_asignar stock=1
[12-Jun-2026 00:47:03 UTC] MERC_DEBUG_PRODUCTOS: ⚠️ SALTANDO Producto ID=29959 - meta_cliente=103 !== user_id=307
[12-Jun-2026 00:47:03 UTC] MERC_DEBUG_PRODUCTOS: Producto ID=21993 titulo=BLOQUEADOR CURCUMA A meta_cliente=103 estado=sin_asignar stock=2
[12-Jun-2026 00:47:03 UTC] MERC_DEBUG_PRODUCTOS: ⚠️ SALTANDO Producto ID=21993 - meta_cliente=103 !== user_id=307
[12-Jun-2026 00:47:03 UTC] MERC_DEBUG_PRODUCTOS: Producto ID=21994 titulo=BLOQUEADOR CURCUMA B meta_cliente=103 estado=sin_asignar stock=2
[12-Jun-2026 00:47:03 UTC] MERC_DEBUG_PRODUCTOS: ⚠️ SALTANDO Producto ID=21994 - meta_cliente=103 !== user_id=307
[12-Jun-2026 00:47:03 UTC] MERC_DEBUG_PRODUCTOS: Producto ID=30212 titulo=BRILLA MAS meta_cliente=461 estado=sin_asignar stock=2
[12-Jun-2026 00:47:03 UTC] MERC_DEBUG_PRODUCTOS: ⚠️ SALTANDO Producto ID=30212 - meta_cliente=461 !== user_id=307
[12-Jun-2026 00:47:03 UTC] MERC_DEBUG_PRODUCTOS: Producto ID=20301 titulo=CACAO EN POLVO meta_cliente=288 estado=asignado stock=6
[12-Jun-2026 00:47:03 UTC] MERC_DEBUG_PRODUCTOS: ⚠️ SALTANDO Producto ID=20301 - meta_cliente=288 !== user_id=307
[12-Jun-2026 00:47:03 UTC] MERC_DEBUG_PRODUCTOS: Producto ID=20313 titulo=CACAO EN POLVO meta_cliente=288 estado=sin_asignar stock=1
[12-Jun-2026 00:47:03 UTC] MERC_DEBUG_PRODUCTOS: ⚠️ SALTANDO Producto ID=20313 - meta_cliente=288 !== user_id=307
[12-Jun-2026 00:47:03 UTC] MERC_DEBUG_PRODUCTOS: Producto ID=20311 titulo=CAFE EN POLVO meta_cliente=288 estado=sin_asignar stock=8
[12-Jun-2026 00:47:03 UTC] MERC_DEBUG_PRODUCTOS: ⚠️ SALTANDO Producto ID=20311 - meta_cliente=288 !== user_id=307
[12-Jun-2026 00:47:03 UTC] MERC_DEBUG_PRODUCTOS: Producto ID=26593 titulo=CANDIDA CLEANSE meta_cliente=136 estado=sin_asignar stock=4
[12-Jun-2026 00:47:03 UTC] MERC_DEBUG_PRODUCTOS: ⚠️ SALTANDO Producto ID=26593 - meta_cliente=136 !== user_id=307
[12-Jun-2026 00:47:03 UTC] MERC_DEBUG_PRODUCTOS: Producto ID=24815 titulo=CREMA HIDRATANTE meta_cliente=136 estado=sin_asignar stock=2
[12-Jun-2026 00:47:03 UTC] MERC_DEBUG_PRODUCTOS: ⚠️ SALTANDO Producto ID=24815 - meta_cliente=136 !== user_id=307
[12-Jun-2026 00:47:03 UTC] MERC_DEBUG_PRODUCTOS: Producto ID=7959 titulo=CREMA RETINOL meta_cliente=136 estado=sin_asignar stock=3
[12-Jun-2026 00:47:03 UTC] MERC_DEBUG_PRODUCTOS: ⚠️ SALTANDO Producto ID=7959 - meta_cliente=136 !== user_id=307
[12-Jun-2026 00:47:03 UTC] MERC_DEBUG_PRODUCTOS: Producto ID=7958 titulo=CREMA ROREC meta_cliente=136 estado=sin_asignar stock=2
[12-Jun-2026 00:47:03 UTC] MERC_DEBUG_PRODUCTOS: ⚠️ SALTANDO Producto ID=7958 - meta_cliente=136 !== user_id=307
[12-Jun-2026 00:47:03 UTC] MERC_DEBUG_PRODUCTOS: Producto ID=7955 titulo=DESPIGMENTANTE DE LABIOS meta_cliente=136 estado=sin_asignar stock=1
[12-Jun-2026 00:47:03 UTC] MERC_DEBUG_PRODUCTOS: ⚠️ SALTANDO Producto ID=7955 - meta_cliente=136 !== user_id=307
[12-Jun-2026 00:47:03 UTC] MERC_DEBUG_PRODUCTOS: Producto ID=7949 titulo=EXFOLIANTE DE ARROZ meta_cliente=136 estado=sin_asignar stock=37
[12-Jun-2026 00:47:03 UTC] MERC_DEBUG_PRODUCTOS: ⚠️ SALTANDO Producto ID=7949 - meta_cliente=136 !== user_id=307
[12-Jun-2026 00:47:03 UTC] MERC_DEBUG_PRODUCTOS: Producto ID=7956 titulo=EXFOLIANTE GEL meta_cliente=136 estado=sin_asignar stock=1
[12-Jun-2026 00:47:03 UTC] MERC_DEBUG_PRODUCTOS: ⚠️ SALTANDO Producto ID=7956 - meta_cliente=136 !== user_id=307
[12-Jun-2026 00:47:03 UTC] MERC_DEBUG_PRODUCTOS: Producto ID=26630 titulo=HAIR GROWTH meta_cliente=270 estado=sin_asignar stock=188
[12-Jun-2026 00:47:03 UTC] MERC_DEBUG_PRODUCTOS: ⚠️ SALTANDO Producto ID=26630 - meta_cliente=270 !== user_id=307
[12-Jun-2026 00:47:03 UTC] MERC_DEBUG_PRODUCTOS: Producto ID=9095 titulo=HERBALS & HEALTH meta_cliente=270 estado=sin_asignar stock=2
[12-Jun-2026 00:47:03 UTC] MERC_DEBUG_PRODUCTOS: ⚠️ SALTANDO Producto ID=9095 - meta_cliente=270 !== user_id=307
[12-Jun-2026 00:47:03 UTC] MERC_DEBUG_PRODUCTOS: Producto ID=7960 titulo=HUMECTANTE SAKURA meta_cliente=136 estado=sin_asignar stock=8
[12-Jun-2026 00:47:03 UTC] MERC_DEBUG_PRODUCTOS: ⚠️ SALTANDO Producto ID=7960 - meta_cliente=136 !== user_id=307
[12-Jun-2026 00:47:03 UTC] MERC_DEBUG_PRODUCTOS: Producto ID=7981 titulo=INFLADORES meta_cliente=145 estado=sin_asignar stock=57
[12-Jun-2026 00:47:03 UTC] MERC_DEBUG_PRODUCTOS: ⚠️ SALTANDO Producto ID=7981 - meta_cliente=145 !== user_id=307
[12-Jun-2026 00:47:03 UTC] MERC_DEBUG_PRODUCTOS: Producto ID=21989 titulo=jjjjjjjjj meta_cliente=429 estado=sin_asignar stock=45
[12-Jun-2026 00:47:03 UTC] MERC_DEBUG_PRODUCTOS: ⚠️ SALTANDO Producto ID=21989 - meta_cliente=429 !== user_id=307
[12-Jun-2026 00:47:03 UTC] MERC_DEBUG_PRODUCTOS: Producto ID=21998 titulo=LABIAL MAGICO meta_cliente=103 estado=sin_asignar stock=1
[12-Jun-2026 00:47:03 UTC] MERC_DEBUG_PRODUCTOS: ⚠️ SALTANDO Producto ID=21998 - meta_cliente=103 !== user_id=307
[12-Jun-2026 00:47:03 UTC] MERC_DEBUG_PRODUCTOS: Producto ID=30316 titulo=LAMPARA BLACK LARGA meta_cliente=145 estado=sin_asignar stock=3
[12-Jun-2026 00:47:03 UTC] MERC_DEBUG_PRODUCTOS: ⚠️ SALTANDO Producto ID=30316 - meta_cliente=145 !== user_id=307
[12-Jun-2026 00:47:03 UTC] MERC_DEBUG_PRODUCTOS: Producto ID=7995 titulo=LAMPARA CORTA BLACK meta_cliente=145 estado=sin_asignar stock=59
[12-Jun-2026 00:47:03 UTC] MERC_DEBUG_PRODUCTOS: ⚠️ SALTANDO Producto ID=7995 - meta_cliente=145 !== user_id=307
[12-Jun-2026 00:47:03 UTC] MERC_DEBUG_PRODUCTOS: Producto ID=7996 titulo=LAMPARA CORTA WHITE meta_cliente=145 estado=asignado stock=0
[12-Jun-2026 00:47:03 UTC] MERC_DEBUG_PRODUCTOS: ⚠️ SALTANDO Producto ID=7996 - meta_cliente=145 !== user_id=307
[12-Jun-2026 00:47:03 UTC] MERC_DEBUG_PRODUCTOS: Producto ID=7982 titulo=LAMPARA GOLD LARGA meta_cliente=145 estado=asignado stock=0
[12-Jun-2026 00:47:03 UTC] MERC_DEBUG_PRODUCTOS: ⚠️ SALTANDO Producto ID=7982 - meta_cliente=145 !== user_id=307
[12-Jun-2026 00:47:03 UTC] MERC_DEBUG_PRODUCTOS: Producto ID=7991 titulo=LAMPARA LARGA SILVER meta_cliente=145 estado=asignado stock=0
[12-Jun-2026 00:47:03 UTC] MERC_DEBUG_PRODUCTOS: ⚠️ SALTANDO Producto ID=7991 - meta_cliente=145 !== user_id=307
[12-Jun-2026 00:47:03 UTC] MERC_DEBUG_PRODUCTOS: Producto ID=7992 titulo=LAMPARA LARGA WHITE meta_cliente=145 estado=asignado stock=1
[12-Jun-2026 00:47:03 UTC] MERC_DEBUG_PRODUCTOS: ⚠️ SALTANDO Producto ID=7992 - meta_cliente=145 !== user_id=307
[12-Jun-2026 00:47:03 UTC] MERC_DEBUG_PRODUCTOS: Producto ID=24829 titulo=LAMPARA ROSE GOLD LARGA meta_cliente=145 estado=asignado stock=0
[12-Jun-2026 00:47:03 UTC] MERC_DEBUG_PRODUCTOS: ⚠️ SALTANDO Producto ID=24829 - meta_cliente=145 !== user_id=307
[12-Jun-2026 00:47:03 UTC] MERC_DEBUG_PRODUCTOS: Producto ID=26598 titulo=MAGNET CUBE ZONE 100 PIEZAS meta_cliente=201 estado=asignado stock=0
[12-Jun-2026 00:47:03 UTC] MERC_DEBUG_PRODUCTOS: ⚠️ SALTANDO Producto ID=26598 - meta_cliente=201 !== user_id=307
[12-Jun-2026 00:47:03 UTC] MERC_DEBUG_PRODUCTOS: Producto ID=28802 titulo=MAGNET CUBE ZONE 80 PIEZAS meta_cliente=201 estado=asignado stock=0
[12-Jun-2026 00:47:03 UTC] MERC_DEBUG_PRODUCTOS: ⚠️ SALTANDO Producto ID=28802 - meta_cliente=201 !== user_id=307
[12-Jun-2026 00:47:03 UTC] MERC_DEBUG_PRODUCTOS: Producto ID=26588 titulo=MEDINAIL SPRAY meta_cliente=461 estado=sin_asignar stock=4
[12-Jun-2026 00:47:03 UTC] MERC_DEBUG_PRODUCTOS: ⚠️ SALTANDO Producto ID=26588 - meta_cliente=461 !== user_id=307
[12-Jun-2026 00:47:03 UTC] MERC_DEBUG_PRODUCTOS: Producto ID=9098 titulo=NAD RESVERATROL meta_cliente=270 estado=sin_asignar stock=50
[12-Jun-2026 00:47:03 UTC] MERC_DEBUG_PRODUCTOS: ⚠️ SALTANDO Producto ID=9098 - meta_cliente=270 !== user_id=307
[12-Jun-2026 00:47:03 UTC] MERC_DEBUG_PRODUCTOS: Producto ID=28745 titulo=NEGRO MAGICO meta_cliente=461 estado=sin_asignar stock=5
[12-Jun-2026 00:47:03 UTC] MERC_DEBUG_PRODUCTOS: ⚠️ SALTANDO Producto ID=28745 - meta_cliente=461 !== user_id=307
[12-Jun-2026 00:47:03 UTC] MERC_DEBUG_PRODUCTOS: Producto ID=28748 titulo=NOURKRIN meta_cliente=461 estado=sin_asignar stock=2
[12-Jun-2026 00:47:03 UTC] MERC_DEBUG_PRODUCTOS: ⚠️ SALTANDO Producto ID=28748 - meta_cliente=461 !== user_id=307
[12-Jun-2026 00:47:03 UTC] MERC_DEBUG_PRODUCTOS: Producto ID=26581 titulo=PAÑOS DE TELA meta_cliente=461 estado=sin_asignar stock=19
[12-Jun-2026 00:47:03 UTC] MERC_DEBUG_PRODUCTOS: ⚠️ SALTANDO Producto ID=26581 - meta_cliente=461 !== user_id=307
[12-Jun-2026 00:47:03 UTC] MERC_DEBUG_PRODUCTOS: Producto ID=23119 titulo=PARLANTE ALEXA meta_cliente=85 estado=sin_asignar stock=3
[12-Jun-2026 00:47:03 UTC] MERC_DEBUG_PRODUCTOS: ⚠️ SALTANDO Producto ID=23119 - meta_cliente=85 !== user_id=307
[12-Jun-2026 00:47:03 UTC] MERC_DEBUG_PRODUCTOS: Producto ID=6914 titulo=PARLANTE ALEXA meta_cliente=85 estado=sin_asignar stock=4
[12-Jun-2026 00:47:03 UTC] MERC_DEBUG_PRODUCTOS: ⚠️ SALTANDO Producto ID=6914 - meta_cliente=85 !== user_id=307
[12-Jun-2026 00:47:03 UTC] MERC_DEBUG_PRODUCTOS: Producto ID=24382 titulo=PARLANTE ALEXA meta_cliente=85 estado=sin_asignar stock=1
[12-Jun-2026 00:47:03 UTC] MERC_DEBUG_PRODUCTOS: ⚠️ SALTANDO Producto ID=24382 - meta_cliente=85 !== user_id=307
[12-Jun-2026 00:47:03 UTC] MERC_DEBUG_PRODUCTOS: Producto ID=24380 titulo=PARLANTE ALEXA meta_cliente=85 estado=asignado stock=2
[12-Jun-2026 00:47:03 UTC] MERC_DEBUG_PRODUCTOS: ⚠️ SALTANDO Producto ID=24380 - meta_cliente=85 !== user_id=307
[12-Jun-2026 00:47:03 UTC] MERC_DEBUG_PRODUCTOS: Producto ID=26583 titulo=PROTECTOR ULTRA WAX meta_cliente=461 estado=sin_asignar stock=6
[12-Jun-2026 00:47:03 UTC] MERC_DEBUG_PRODUCTOS: ⚠️ SALTANDO Producto ID=26583 - meta_cliente=461 !== user_id=307
[12-Jun-2026 00:47:03 UTC] MERC_DEBUG_PRODUCTOS: Producto ID=30217 titulo=PULIMAX meta_cliente=461 estado=sin_asignar stock=12
[12-Jun-2026 00:47:03 UTC] MERC_DEBUG_PRODUCTOS: ⚠️ SALTANDO Producto ID=30217 - meta_cliente=461 !== user_id=307
[12-Jun-2026 00:47:03 UTC] MERC_DEBUG_PRODUCTOS: Producto ID=6879 titulo=SHAMPOO meta_cliente=91 estado=sin_asignar stock=9
[12-Jun-2026 00:47:03 UTC] MERC_DEBUG_PRODUCTOS: ⚠️ SALTANDO Producto ID=6879 - meta_cliente=91 !== user_id=307
[12-Jun-2026 00:47:03 UTC] MERC_DEBUG_PRODUCTOS: Producto ID=24821 titulo=SPRAY DEPILATORIO meta_cliente=136 estado=sin_asignar stock=25
[12-Jun-2026 00:47:03 UTC] MERC_DEBUG_PRODUCTOS: ⚠️ SALTANDO Producto ID=24821 - meta_cliente=136 !== user_id=307
[12-Jun-2026 00:47:03 UTC] MERC_DEBUG_PRODUCTOS: Producto ID=28704 titulo=TAPIZ CLEAN meta_cliente=461 estado=sin_asignar stock=4
[12-Jun-2026 00:47:03 UTC] MERC_DEBUG_PRODUCTOS: ⚠️ SALTANDO Producto ID=28704 - meta_cliente=461 !== user_id=307
[12-Jun-2026 00:47:03 UTC] MERC_DEBUG_PRODUCTOS: Producto ID=9096 titulo=ULTRA PURE meta_cliente=270 estado=sin_asignar stock=1
[12-Jun-2026 00:47:03 UTC] MERC_DEBUG_PRODUCTOS: ⚠️ SALTANDO Producto ID=9096 - meta_cliente=270 !== user_id=307
[12-Jun-2026 00:47:03 UTC] MERC_DEBUG_PRODUCTOS: Producto ID=26589 titulo=WART REMOVER meta_cliente=461 estado=sin_asignar stock=4
[12-Jun-2026 00:47:03 UTC] MERC_DEBUG_PRODUCTOS: ⚠️ SALTANDO Producto ID=26589 - meta_cliente=461 !== user_id=307
[12-Jun-2026 00:47:03 UTC] MERC_DEBUG_PRODUCTOS: Producto ID=26931 titulo=Zapatillas meta_cliente=118 estado=sin_asignar stock=30
[12-Jun-2026 00:47:03 UTC] MERC_DEBUG_PRODUCTOS: ⚠️ SALTANDO Producto ID=26931 - meta_cliente=118 !== user_id=307
[12-Jun-2026 00:47:03 UTC] MERC_DEBUG_PRODUCTOS: 🎯 [FIN] Retornando 0 opciones filtradas para user_id=307 (desde 49 totales)
[12-Jun-2026 00:47:04 UTC] 🔔 [MERC_LOG] Inicializado logger diario: /var/www/html/wp-content/merc_logs/merc-debug-2026-06-12.log
[12-Jun-2026 00:47:04 UTC] 🔔 [MERC_LOG] Inicializado logger diario: /var/www/html/wp-content/merc_logs/merc-debug-2026-06-12.log
[12-Jun-2026 00:47:04 UTC] 🔔 [MERC_LOG] Inicializado logger diario: /var/www/html/wp-content/merc_logs/merc-debug-2026-06-12.log
[12-Jun-2026 00:47:04 UTC] 🔔 [MERC_LOG] Inicializado logger diario: /var/www/html/wp-content/merc_logs/merc-debug-2026-06-12.log
[12-Jun-2026 00:47:04 UTC] 🔔 [MERC_LOG] Inicializado logger diario: /var/www/html/wp-content/merc_logs/merc-debug-2026-06-12.log
[12-Jun-2026 00:47:04 UTC] 🔔 [MERC_LOG] Inicializado logger diario: /var/www/html/wp-content/merc_logs/merc-debug-2026-06-12.log
[12-Jun-2026 00:47:04 UTC] MERC_POD_DEBUG - shipmentID= context=syncMonto methods_count=0
[12-Jun-2026 00:47:04 UTC] MERC_POD_DEBUG - shipmentID= context=syncMonto methods_count=0
[12-Jun-2026 00:47:04 UTC] MERC_POD_DEBUG - shipmentID= context=syncMonto methods_count=0
[12-Jun-2026 00:47:04 UTC] MERC_POD_DEBUG - shipmentID= context=syncMonto methods_count=0
[12-Jun-2026 00:47:04 UTC] MERC_POD_DEBUG - shipmentID= context=syncMonto methods_count=0
[12-Jun-2026 00:47:04 UTC] MERC_POD_DEBUG - shipmentID= context=syncMonto methods_count=0
[12-Jun-2026 00:47:09 UTC] 🔔 [MERC_LOG] Inicializado logger diario: /var/www/html/wp-content/merc_logs/merc-debug-2026-06-12.log
[12-Jun-2026 00:47:09 UTC] MERC_DEBUG_PRODUCTOS: 🔍 [INICIO] Buscando productos para usuario: JOYERIA KASS (ID: 344)
[12-Jun-2026 00:47:09 UTC] MERC_DEBUG_PRODUCTOS: ✅ Query devolvió 49 productos para user_id=344
[12-Jun-2026 00:47:09 UTC] MERC_DEBUG_PRODUCTOS: Producto ID=30209 titulo=AROMATIZADOR meta_cliente=461 estado=sin_asignar stock=4
[12-Jun-2026 00:47:09 UTC] MERC_DEBUG_PRODUCTOS: ⚠️ SALTANDO Producto ID=30209 - meta_cliente=461 !== user_id=344
[12-Jun-2026 00:47:09 UTC] MERC_DEBUG_PRODUCTOS: Producto ID=26620 titulo=BANGOVER LEVANTATE LAZARO meta_cliente=481 estado=sin_asignar stock=2
[12-Jun-2026 00:47:09 UTC] MERC_DEBUG_PRODUCTOS: ⚠️ SALTANDO Producto ID=26620 - meta_cliente=481 !== user_id=344
[12-Jun-2026 00:47:09 UTC] MERC_DEBUG_PRODUCTOS: Producto ID=21990 titulo=BLOQUEADOR COLLAGE A meta_cliente=103 estado=asignado stock=2
[12-Jun-2026 00:47:09 UTC] MERC_DEBUG_PRODUCTOS: ⚠️ SALTANDO Producto ID=21990 - meta_cliente=103 !== user_id=344
[12-Jun-2026 00:47:09 UTC] MERC_DEBUG_PRODUCTOS: Producto ID=29959 titulo=BLOQUEADOR COLLAGE B meta_cliente=103 estado=sin_asignar stock=1
[12-Jun-2026 00:47:09 UTC] MERC_DEBUG_PRODUCTOS: ⚠️ SALTANDO Producto ID=29959 - meta_cliente=103 !== user_id=344
[12-Jun-2026 00:47:09 UTC] MERC_DEBUG_PRODUCTOS: Producto ID=21993 titulo=BLOQUEADOR CURCUMA A meta_cliente=103 estado=sin_asignar stock=2
[12-Jun-2026 00:47:09 UTC] MERC_DEBUG_PRODUCTOS: ⚠️ SALTANDO Producto ID=21993 - meta_cliente=103 !== user_id=344
[12-Jun-2026 00:47:09 UTC] MERC_DEBUG_PRODUCTOS: Producto ID=21994 titulo=BLOQUEADOR CURCUMA B meta_cliente=103 estado=sin_asignar stock=2
[12-Jun-2026 00:47:09 UTC] MERC_DEBUG_PRODUCTOS: ⚠️ SALTANDO Producto ID=21994 - meta_cliente=103 !== user_id=344
[12-Jun-2026 00:47:09 UTC] MERC_DEBUG_PRODUCTOS: Producto ID=30212 titulo=BRILLA MAS meta_cliente=461 estado=sin_asignar stock=2
[12-Jun-2026 00:47:09 UTC] MERC_DEBUG_PRODUCTOS: ⚠️ SALTANDO Producto ID=30212 - meta_cliente=461 !== user_id=344
[12-Jun-2026 00:47:09 UTC] MERC_DEBUG_PRODUCTOS: Producto ID=20301 titulo=CACAO EN POLVO meta_cliente=288 estado=asignado stock=6
[12-Jun-2026 00:47:09 UTC] MERC_DEBUG_PRODUCTOS: ⚠️ SALTANDO Producto ID=20301 - meta_cliente=288 !== user_id=344
[12-Jun-2026 00:47:09 UTC] MERC_DEBUG_PRODUCTOS: Producto ID=20313 titulo=CACAO EN POLVO meta_cliente=288 estado=sin_asignar stock=1
[12-Jun-2026 00:47:09 UTC] MERC_DEBUG_PRODUCTOS: ⚠️ SALTANDO Producto ID=20313 - meta_cliente=288 !== user_id=344
[12-Jun-2026 00:47:09 UTC] MERC_DEBUG_PRODUCTOS: Producto ID=20311 titulo=CAFE EN POLVO meta_cliente=288 estado=sin_asignar stock=8
[12-Jun-2026 00:47:09 UTC] MERC_DEBUG_PRODUCTOS: ⚠️ SALTANDO Producto ID=20311 - meta_cliente=288 !== user_id=344
[12-Jun-2026 00:47:09 UTC] MERC_DEBUG_PRODUCTOS: Producto ID=26593 titulo=CANDIDA CLEANSE meta_cliente=136 estado=sin_asignar stock=4
[12-Jun-2026 00:47:09 UTC] MERC_DEBUG_PRODUCTOS: ⚠️ SALTANDO Producto ID=26593 - meta_cliente=136 !== user_id=344
[12-Jun-2026 00:47:09 UTC] MERC_DEBUG_PRODUCTOS: Producto ID=24815 titulo=CREMA HIDRATANTE meta_cliente=136 estado=sin_asignar stock=2
[12-Jun-2026 00:47:09 UTC] MERC_DEBUG_PRODUCTOS: ⚠️ SALTANDO Producto ID=24815 - meta_cliente=136 !== user_id=344
[12-Jun-2026 00:47:09 UTC] MERC_DEBUG_PRODUCTOS: Producto ID=7959 titulo=CREMA RETINOL meta_cliente=136 estado=sin_asignar stock=3
[12-Jun-2026 00:47:09 UTC] MERC_DEBUG_PRODUCTOS: ⚠️ SALTANDO Producto ID=7959 - meta_cliente=136 !== user_id=344
[12-Jun-2026 00:47:09 UTC] MERC_DEBUG_PRODUCTOS: Producto ID=7958 titulo=CREMA ROREC meta_cliente=136 estado=sin_asignar stock=2
[12-Jun-2026 00:47:09 UTC] MERC_DEBUG_PRODUCTOS: ⚠️ SALTANDO Producto ID=7958 - meta_cliente=136 !== user_id=344
[12-Jun-2026 00:47:09 UTC] MERC_DEBUG_PRODUCTOS: Producto ID=7955 titulo=DESPIGMENTANTE DE LABIOS meta_cliente=136 estado=sin_asignar stock=1
[12-Jun-2026 00:47:09 UTC] MERC_DEBUG_PRODUCTOS: ⚠️ SALTANDO Producto ID=7955 - meta_cliente=136 !== user_id=344
[12-Jun-2026 00:47:09 UTC] MERC_DEBUG_PRODUCTOS: Producto ID=7949 titulo=EXFOLIANTE DE ARROZ meta_cliente=136 estado=sin_asignar stock=37
[12-Jun-2026 00:47:09 UTC] MERC_DEBUG_PRODUCTOS: ⚠️ SALTANDO Producto ID=7949 - meta_cliente=136 !== user_id=344
[12-Jun-2026 00:47:09 UTC] MERC_DEBUG_PRODUCTOS: Producto ID=7956 titulo=EXFOLIANTE GEL meta_cliente=136 estado=sin_asignar stock=1
[12-Jun-2026 00:47:09 UTC] MERC_DEBUG_PRODUCTOS: ⚠️ SALTANDO Producto ID=7956 - meta_cliente=136 !== user_id=344
[12-Jun-2026 00:47:09 UTC] MERC_DEBUG_PRODUCTOS: Producto ID=26630 titulo=HAIR GROWTH meta_cliente=270 estado=sin_asignar stock=188
[12-Jun-2026 00:47:09 UTC] MERC_DEBUG_PRODUCTOS: ⚠️ SALTANDO Producto ID=26630 - meta_cliente=270 !== user_id=344
[12-Jun-2026 00:47:09 UTC] MERC_DEBUG_PRODUCTOS: Producto ID=9095 titulo=HERBALS & HEALTH meta_cliente=270 estado=sin_asignar stock=2
[12-Jun-2026 00:47:09 UTC] MERC_DEBUG_PRODUCTOS: ⚠️ SALTANDO Producto ID=9095 - meta_cliente=270 !== user_id=344
[12-Jun-2026 00:47:09 UTC] MERC_DEBUG_PRODUCTOS: Producto ID=7960 titulo=HUMECTANTE SAKURA meta_cliente=136 estado=sin_asignar stock=8
[12-Jun-2026 00:47:09 UTC] MERC_DEBUG_PRODUCTOS: ⚠️ SALTANDO Producto ID=7960 - meta_cliente=136 !== user_id=344
[12-Jun-2026 00:47:09 UTC] MERC_DEBUG_PRODUCTOS: Producto ID=7981 titulo=INFLADORES meta_cliente=145 estado=sin_asignar stock=57
[12-Jun-2026 00:47:09 UTC] MERC_DEBUG_PRODUCTOS: ⚠️ SALTANDO Producto ID=7981 - meta_cliente=145 !== user_id=344
[12-Jun-2026 00:47:09 UTC] MERC_DEBUG_PRODUCTOS: Producto ID=21989 titulo=jjjjjjjjj meta_cliente=429 estado=sin_asignar stock=45
[12-Jun-2026 00:47:09 UTC] MERC_DEBUG_PRODUCTOS: ⚠️ SALTANDO Producto ID=21989 - meta_cliente=429 !== user_id=344
[12-Jun-2026 00:47:09 UTC] MERC_DEBUG_PRODUCTOS: Producto ID=21998 titulo=LABIAL MAGICO meta_cliente=103 estado=sin_asignar stock=1
[12-Jun-2026 00:47:09 UTC] MERC_DEBUG_PRODUCTOS: ⚠️ SALTANDO Producto ID=21998 - meta_cliente=103 !== user_id=344
[12-Jun-2026 00:47:09 UTC] MERC_DEBUG_PRODUCTOS: Producto ID=30316 titulo=LAMPARA BLACK LARGA meta_cliente=145 estado=sin_asignar stock=3
[12-Jun-2026 00:47:09 UTC] MERC_DEBUG_PRODUCTOS: ⚠️ SALTANDO Producto ID=30316 - meta_cliente=145 !== user_id=344
[12-Jun-2026 00:47:09 UTC] MERC_DEBUG_PRODUCTOS: Producto ID=7995 titulo=LAMPARA CORTA BLACK meta_cliente=145 estado=sin_asignar stock=59
[12-Jun-2026 00:47:09 UTC] MERC_DEBUG_PRODUCTOS: ⚠️ SALTANDO Producto ID=7995 - meta_cliente=145 !== user_id=344
[12-Jun-2026 00:47:09 UTC] MERC_DEBUG_PRODUCTOS: Producto ID=7996 titulo=LAMPARA CORTA WHITE meta_cliente=145 estado=asignado stock=0
[12-Jun-2026 00:47:09 UTC] MERC_DEBUG_PRODUCTOS: ⚠️ SALTANDO Producto ID=7996 - meta_cliente=145 !== user_id=344
[12-Jun-2026 00:47:09 UTC] MERC_DEBUG_PRODUCTOS: Producto ID=7982 titulo=LAMPARA GOLD LARGA meta_cliente=145 estado=asignado stock=0
[12-Jun-2026 00:47:09 UTC] MERC_DEBUG_PRODUCTOS: ⚠️ SALTANDO Producto ID=7982 - meta_cliente=145 !== user_id=344
[12-Jun-2026 00:47:09 UTC] MERC_DEBUG_PRODUCTOS: Producto ID=7991 titulo=LAMPARA LARGA SILVER meta_cliente=145 estado=asignado stock=0
[12-Jun-2026 00:47:09 UTC] MERC_DEBUG_PRODUCTOS: ⚠️ SALTANDO Producto ID=7991 - meta_cliente=145 !== user_id=344
[12-Jun-2026 00:47:09 UTC] MERC_DEBUG_PRODUCTOS: Producto ID=7992 titulo=LAMPARA LARGA WHITE meta_cliente=145 estado=asignado stock=1
[12-Jun-2026 00:47:09 UTC] MERC_DEBUG_PRODUCTOS: ⚠️ SALTANDO Producto ID=7992 - meta_cliente=145 !== user_id=344
[12-Jun-2026 00:47:09 UTC] MERC_DEBUG_PRODUCTOS: Producto ID=24829 titulo=LAMPARA ROSE GOLD LARGA meta_cliente=145 estado=asignado stock=0
[12-Jun-2026 00:47:09 UTC] MERC_DEBUG_PRODUCTOS: ⚠️ SALTANDO Producto ID=24829 - meta_cliente=145 !== user_id=344
[12-Jun-2026 00:47:09 UTC] MERC_DEBUG_PRODUCTOS: Producto ID=26598 titulo=MAGNET CUBE ZONE 100 PIEZAS meta_cliente=201 estado=asignado stock=0
[12-Jun-2026 00:47:09 UTC] MERC_DEBUG_PRODUCTOS: ⚠️ SALTANDO Producto ID=26598 - meta_cliente=201 !== user_id=344
[12-Jun-2026 00:47:09 UTC] MERC_DEBUG_PRODUCTOS: Producto ID=28802 titulo=MAGNET CUBE ZONE 80 PIEZAS meta_cliente=201 estado=asignado stock=0
[12-Jun-2026 00:47:09 UTC] MERC_DEBUG_PRODUCTOS: ⚠️ SALTANDO Producto ID=28802 - meta_cliente=201 !== user_id=344
[12-Jun-2026 00:47:09 UTC] MERC_DEBUG_PRODUCTOS: Producto ID=26588 titulo=MEDINAIL SPRAY meta_cliente=461 estado=sin_asignar stock=4
[12-Jun-2026 00:47:09 UTC] MERC_DEBUG_PRODUCTOS: ⚠️ SALTANDO Producto ID=26588 - meta_cliente=461 !== user_id=344
[12-Jun-2026 00:47:09 UTC] MERC_DEBUG_PRODUCTOS: Producto ID=9098 titulo=NAD RESVERATROL meta_cliente=270 estado=sin_asignar stock=50
[12-Jun-2026 00:47:09 UTC] MERC_DEBUG_PRODUCTOS: ⚠️ SALTANDO Producto ID=9098 - meta_cliente=270 !== user_id=344
[12-Jun-2026 00:47:09 UTC] MERC_DEBUG_PRODUCTOS: Producto ID=28745 titulo=NEGRO MAGICO meta_cliente=461 estado=sin_asignar stock=5
[12-Jun-2026 00:47:09 UTC] MERC_DEBUG_PRODUCTOS: ⚠️ SALTANDO Producto ID=28745 - meta_cliente=461 !== user_id=344
[12-Jun-2026 00:47:09 UTC] MERC_DEBUG_PRODUCTOS: Producto ID=28748 titulo=NOURKRIN meta_cliente=461 estado=sin_asignar stock=2
[12-Jun-2026 00:47:09 UTC] MERC_DEBUG_PRODUCTOS: ⚠️ SALTANDO Producto ID=28748 - meta_cliente=461 !== user_id=344
[12-Jun-2026 00:47:09 UTC] MERC_DEBUG_PRODUCTOS: Producto ID=26581 titulo=PAÑOS DE TELA meta_cliente=461 estado=sin_asignar stock=19
[12-Jun-2026 00:47:09 UTC] MERC_DEBUG_PRODUCTOS: ⚠️ SALTANDO Producto ID=26581 - meta_cliente=461 !== user_id=344
[12-Jun-2026 00:47:09 UTC] MERC_DEBUG_PRODUCTOS: Producto ID=23119 titulo=PARLANTE ALEXA meta_cliente=85 estado=sin_asignar stock=3
[12-Jun-2026 00:47:09 UTC] MERC_DEBUG_PRODUCTOS: ⚠️ SALTANDO Producto ID=23119 - meta_cliente=85 !== user_id=344
[12-Jun-2026 00:47:09 UTC] MERC_DEBUG_PRODUCTOS: Producto ID=6914 titulo=PARLANTE ALEXA meta_cliente=85 estado=sin_asignar stock=4
[12-Jun-2026 00:47:09 UTC] MERC_DEBUG_PRODUCTOS: ⚠️ SALTANDO Producto ID=6914 - meta_cliente=85 !== user_id=344
[12-Jun-2026 00:47:09 UTC] MERC_DEBUG_PRODUCTOS: Producto ID=24382 titulo=PARLANTE ALEXA meta_cliente=85 estado=sin_asignar stock=1
[12-Jun-2026 00:47:09 UTC] MERC_DEBUG_PRODUCTOS: ⚠️ SALTANDO Producto ID=24382 - meta_cliente=85 !== user_id=344
[12-Jun-2026 00:47:09 UTC] MERC_DEBUG_PRODUCTOS: Producto ID=24380 titulo=PARLANTE ALEXA meta_cliente=85 estado=asignado stock=2
[12-Jun-2026 00:47:09 UTC] MERC_DEBUG_PRODUCTOS: ⚠️ SALTANDO Producto ID=24380 - meta_cliente=85 !== user_id=344
[12-Jun-2026 00:47:09 UTC] MERC_DEBUG_PRODUCTOS: Producto ID=26583 titulo=PROTECTOR ULTRA WAX meta_cliente=461 estado=sin_asignar stock=6
[12-Jun-2026 00:47:09 UTC] MERC_DEBUG_PRODUCTOS: ⚠️ SALTANDO Producto ID=26583 - meta_cliente=461 !== user_id=344
[12-Jun-2026 00:47:09 UTC] MERC_DEBUG_PRODUCTOS: Producto ID=30217 titulo=PULIMAX meta_cliente=461 estado=sin_asignar stock=12
[12-Jun-2026 00:47:09 UTC] MERC_DEBUG_PRODUCTOS: ⚠️ SALTANDO Producto ID=30217 - meta_cliente=461 !== user_id=344
[12-Jun-2026 00:47:09 UTC] MERC_DEBUG_PRODUCTOS: Producto ID=6879 titulo=SHAMPOO meta_cliente=91 estado=sin_asignar stock=9
[12-Jun-2026 00:47:09 UTC] MERC_DEBUG_PRODUCTOS: ⚠️ SALTANDO Producto ID=6879 - meta_cliente=91 !== user_id=344
[12-Jun-2026 00:47:09 UTC] MERC_DEBUG_PRODUCTOS: Producto ID=24821 titulo=SPRAY DEPILATORIO meta_cliente=136 estado=sin_asignar stock=25
[12-Jun-2026 00:47:09 UTC] MERC_DEBUG_PRODUCTOS: ⚠️ SALTANDO Producto ID=24821 - meta_cliente=136 !== user_id=344
[12-Jun-2026 00:47:09 UTC] MERC_DEBUG_PRODUCTOS: Producto ID=28704 titulo=TAPIZ CLEAN meta_cliente=461 estado=sin_asignar stock=4
[12-Jun-2026 00:47:09 UTC] MERC_DEBUG_PRODUCTOS: ⚠️ SALTANDO Producto ID=28704 - meta_cliente=461 !== user_id=344
[12-Jun-2026 00:47:09 UTC] MERC_DEBUG_PRODUCTOS: Producto ID=9096 titulo=ULTRA PURE meta_cliente=270 estado=sin_asignar stock=1
[12-Jun-2026 00:47:09 UTC] MERC_DEBUG_PRODUCTOS: ⚠️ SALTANDO Producto ID=9096 - meta_cliente=270 !== user_id=344
[12-Jun-2026 00:47:09 UTC] MERC_DEBUG_PRODUCTOS: Producto ID=26589 titulo=WART REMOVER meta_cliente=461 estado=sin_asignar stock=4
[12-Jun-2026 00:47:09 UTC] MERC_DEBUG_PRODUCTOS: ⚠️ SALTANDO Producto ID=26589 - meta_cliente=461 !== user_id=344
[12-Jun-2026 00:47:09 UTC] MERC_DEBUG_PRODUCTOS: Producto ID=26931 titulo=Zapatillas meta_cliente=118 estado=sin_asignar stock=30
[12-Jun-2026 00:47:09 UTC] MERC_DEBUG_PRODUCTOS: ⚠️ SALTANDO Producto ID=26931 - meta_cliente=118 !== user_id=344
[12-Jun-2026 00:47:09 UTC] MERC_DEBUG_PRODUCTOS: 🎯 [FIN] Retornando 0 opciones filtradas para user_id=344 (desde 49 totales)
[12-Jun-2026 00:47:12 UTC] 🔔 [MERC_LOG] Inicializado logger diario: /var/www/html/wp-content/merc_logs/merc-debug-2026-06-12.log
[12-Jun-2026 00:47:12 UTC] 🔔 [MERC_LOG] Inicializado logger diario: /var/www/html/wp-content/merc_logs/merc-debug-2026-06-12.log
[12-Jun-2026 00:47:12 UTC] 🔔 [MERC_LOG] Inicializado logger diario: /var/www/html/wp-content/merc_logs/merc-debug-2026-06-12.log
[12-Jun-2026 00:47:12 UTC] 🔔 [MERC_LOG] Inicializado logger diario: /var/www/html/wp-content/merc_logs/merc-debug-2026-06-12.log
[12-Jun-2026 00:47:12 UTC] 🔔 [MERC_LOG] Inicializado logger diario: /var/www/html/wp-content/merc_logs/merc-debug-2026-06-12.log
[12-Jun-2026 00:47:12 UTC] 🔔 [MERC_LOG] Inicializado logger diario: /var/www/html/wp-content/merc_logs/merc-debug-2026-06-12.log
[12-Jun-2026 00:47:12 UTC] MERC_POD_DEBUG - shipmentID= context=syncMonto methods_count=0
[12-Jun-2026 00:47:12 UTC] MERC_POD_DEBUG - shipmentID= context=syncMonto methods_count=0
[12-Jun-2026 00:47:12 UTC] MERC_POD_DEBUG - shipmentID= context=syncMonto methods_count=0
[12-Jun-2026 00:47:12 UTC] MERC_POD_DEBUG - shipmentID= context=syncMonto methods_count=0
[12-Jun-2026 00:47:12 UTC] MERC_POD_DEBUG - shipmentID= context=syncMonto methods_count=0
[12-Jun-2026 00:47:12 UTC] MERC_POD_DEBUG - shipmentID= context=syncMonto methods_count=0
[12-Jun-2026 00:47:24 UTC] 🔔 [MERC_LOG] Inicializado logger diario: /var/www/html/wp-content/merc_logs/merc-debug-2026-06-12.log
[12-Jun-2026 00:47:24 UTC] MERC_DEBUG_PRODUCTOS: 🔍 [INICIO] Buscando productos para usuario: epinaresg@gmail.com (ID: 350)
[12-Jun-2026 00:47:24 UTC] MERC_DEBUG_PRODUCTOS: ✅ Query devolvió 49 productos para user_id=350
[12-Jun-2026 00:47:24 UTC] MERC_DEBUG_PRODUCTOS: Producto ID=30209 titulo=AROMATIZADOR meta_cliente=461 estado=sin_asignar stock=4
[12-Jun-2026 00:47:24 UTC] MERC_DEBUG_PRODUCTOS: ⚠️ SALTANDO Producto ID=30209 - meta_cliente=461 !== user_id=350
[12-Jun-2026 00:47:24 UTC] MERC_DEBUG_PRODUCTOS: Producto ID=26620 titulo=BANGOVER LEVANTATE LAZARO meta_cliente=481 estado=sin_asignar stock=2
[12-Jun-2026 00:47:24 UTC] MERC_DEBUG_PRODUCTOS: ⚠️ SALTANDO Producto ID=26620 - meta_cliente=481 !== user_id=350
[12-Jun-2026 00:47:24 UTC] MERC_DEBUG_PRODUCTOS: Producto ID=21990 titulo=BLOQUEADOR COLLAGE A meta_cliente=103 estado=asignado stock=2
[12-Jun-2026 00:47:24 UTC] MERC_DEBUG_PRODUCTOS: ⚠️ SALTANDO Producto ID=21990 - meta_cliente=103 !== user_id=350
[12-Jun-2026 00:47:24 UTC] MERC_DEBUG_PRODUCTOS: Producto ID=29959 titulo=BLOQUEADOR COLLAGE B meta_cliente=103 estado=sin_asignar stock=1
[12-Jun-2026 00:47:24 UTC] MERC_DEBUG_PRODUCTOS: ⚠️ SALTANDO Producto ID=29959 - meta_cliente=103 !== user_id=350
[12-Jun-2026 00:47:24 UTC] MERC_DEBUG_PRODUCTOS: Producto ID=21993 titulo=BLOQUEADOR CURCUMA A meta_cliente=103 estado=sin_asignar stock=2
[12-Jun-2026 00:47:24 UTC] MERC_DEBUG_PRODUCTOS: ⚠️ SALTANDO Producto ID=21993 - meta_cliente=103 !== user_id=350
[12-Jun-2026 00:47:24 UTC] MERC_DEBUG_PRODUCTOS: Producto ID=21994 titulo=BLOQUEADOR CURCUMA B meta_cliente=103 estado=sin_asignar stock=2
[12-Jun-2026 00:47:24 UTC] MERC_DEBUG_PRODUCTOS: ⚠️ SALTANDO Producto ID=21994 - meta_cliente=103 !== user_id=350
[12-Jun-2026 00:47:24 UTC] MERC_DEBUG_PRODUCTOS: Producto ID=30212 titulo=BRILLA MAS meta_cliente=461 estado=sin_asignar stock=2
[12-Jun-2026 00:47:24 UTC] MERC_DEBUG_PRODUCTOS: ⚠️ SALTANDO Producto ID=30212 - meta_cliente=461 !== user_id=350
[12-Jun-2026 00:47:24 UTC] MERC_DEBUG_PRODUCTOS: Producto ID=20301 titulo=CACAO EN POLVO meta_cliente=288 estado=asignado stock=6
[12-Jun-2026 00:47:24 UTC] MERC_DEBUG_PRODUCTOS: ⚠️ SALTANDO Producto ID=20301 - meta_cliente=288 !== user_id=350
[12-Jun-2026 00:47:24 UTC] MERC_DEBUG_PRODUCTOS: Producto ID=20313 titulo=CACAO EN POLVO meta_cliente=288 estado=sin_asignar stock=1
[12-Jun-2026 00:47:24 UTC] MERC_DEBUG_PRODUCTOS: ⚠️ SALTANDO Producto ID=20313 - meta_cliente=288 !== user_id=350
[12-Jun-2026 00:47:24 UTC] MERC_DEBUG_PRODUCTOS: Producto ID=20311 titulo=CAFE EN POLVO meta_cliente=288 estado=sin_asignar stock=8
[12-Jun-2026 00:47:24 UTC] MERC_DEBUG_PRODUCTOS: ⚠️ SALTANDO Producto ID=20311 - meta_cliente=288 !== user_id=350
[12-Jun-2026 00:47:24 UTC] MERC_DEBUG_PRODUCTOS: Producto ID=26593 titulo=CANDIDA CLEANSE meta_cliente=136 estado=sin_asignar stock=4
[12-Jun-2026 00:47:24 UTC] MERC_DEBUG_PRODUCTOS: ⚠️ SALTANDO Producto ID=26593 - meta_cliente=136 !== user_id=350
[12-Jun-2026 00:47:24 UTC] MERC_DEBUG_PRODUCTOS: Producto ID=24815 titulo=CREMA HIDRATANTE meta_cliente=136 estado=sin_asignar stock=2
[12-Jun-2026 00:47:24 UTC] MERC_DEBUG_PRODUCTOS: ⚠️ SALTANDO Producto ID=24815 - meta_cliente=136 !== user_id=350
[12-Jun-2026 00:47:24 UTC] MERC_DEBUG_PRODUCTOS: Producto ID=7959 titulo=CREMA RETINOL meta_cliente=136 estado=sin_asignar stock=3
[12-Jun-2026 00:47:24 UTC] MERC_DEBUG_PRODUCTOS: ⚠️ SALTANDO Producto ID=7959 - meta_cliente=136 !== user_id=350
[12-Jun-2026 00:47:24 UTC] MERC_DEBUG_PRODUCTOS: Producto ID=7958 titulo=CREMA ROREC meta_cliente=136 estado=sin_asignar stock=2
[12-Jun-2026 00:47:24 UTC] MERC_DEBUG_PRODUCTOS: ⚠️ SALTANDO Producto ID=7958 - meta_cliente=136 !== user_id=350
[12-Jun-2026 00:47:24 UTC] MERC_DEBUG_PRODUCTOS: Producto ID=7955 titulo=DESPIGMENTANTE DE LABIOS meta_cliente=136 estado=sin_asignar stock=1
[12-Jun-2026 00:47:24 UTC] MERC_DEBUG_PRODUCTOS: ⚠️ SALTANDO Producto ID=7955 - meta_cliente=136 !== user_id=350
[12-Jun-2026 00:47:24 UTC] MERC_DEBUG_PRODUCTOS: Producto ID=7949 titulo=EXFOLIANTE DE ARROZ meta_cliente=136 estado=sin_asignar stock=37
[12-Jun-2026 00:47:24 UTC] MERC_DEBUG_PRODUCTOS: ⚠️ SALTANDO Producto ID=7949 - meta_cliente=136 !== user_id=350
[12-Jun-2026 00:47:24 UTC] MERC_DEBUG_PRODUCTOS: Producto ID=7956 titulo=EXFOLIANTE GEL meta_cliente=136 estado=sin_asignar stock=1
[12-Jun-2026 00:47:24 UTC] MERC_DEBUG_PRODUCTOS: ⚠️ SALTANDO Producto ID=7956 - meta_cliente=136 !== user_id=350
[12-Jun-2026 00:47:24 UTC] MERC_DEBUG_PRODUCTOS: Producto ID=26630 titulo=HAIR GROWTH meta_cliente=270 estado=sin_asignar stock=188
[12-Jun-2026 00:47:24 UTC] MERC_DEBUG_PRODUCTOS: ⚠️ SALTANDO Producto ID=26630 - meta_cliente=270 !== user_id=350
[12-Jun-2026 00:47:24 UTC] MERC_DEBUG_PRODUCTOS: Producto ID=9095 titulo=HERBALS & HEALTH meta_cliente=270 estado=sin_asignar stock=2
[12-Jun-2026 00:47:24 UTC] MERC_DEBUG_PRODUCTOS: ⚠️ SALTANDO Producto ID=9095 - meta_cliente=270 !== user_id=350
[12-Jun-2026 00:47:24 UTC] MERC_DEBUG_PRODUCTOS: Producto ID=7960 titulo=HUMECTANTE SAKURA meta_cliente=136 estado=sin_asignar stock=8
[12-Jun-2026 00:47:24 UTC] MERC_DEBUG_PRODUCTOS: ⚠️ SALTANDO Producto ID=7960 - meta_cliente=136 !== user_id=350
[12-Jun-2026 00:47:24 UTC] MERC_DEBUG_PRODUCTOS: Producto ID=7981 titulo=INFLADORES meta_cliente=145 estado=sin_asignar stock=57
[12-Jun-2026 00:47:24 UTC] MERC_DEBUG_PRODUCTOS: ⚠️ SALTANDO Producto ID=7981 - meta_cliente=145 !== user_id=350
[12-Jun-2026 00:47:24 UTC] MERC_DEBUG_PRODUCTOS: Producto ID=21989 titulo=jjjjjjjjj meta_cliente=429 estado=sin_asignar stock=45
[12-Jun-2026 00:47:24 UTC] MERC_DEBUG_PRODUCTOS: ⚠️ SALTANDO Producto ID=21989 - meta_cliente=429 !== user_id=350
[12-Jun-2026 00:47:24 UTC] MERC_DEBUG_PRODUCTOS: Producto ID=21998 titulo=LABIAL MAGICO meta_cliente=103 estado=sin_asignar stock=1
[12-Jun-2026 00:47:24 UTC] MERC_DEBUG_PRODUCTOS: ⚠️ SALTANDO Producto ID=21998 - meta_cliente=103 !== user_id=350
[12-Jun-2026 00:47:24 UTC] MERC_DEBUG_PRODUCTOS: Producto ID=30316 titulo=LAMPARA BLACK LARGA meta_cliente=145 estado=sin_asignar stock=3
[12-Jun-2026 00:47:24 UTC] MERC_DEBUG_PRODUCTOS: ⚠️ SALTANDO Producto ID=30316 - meta_cliente=145 !== user_id=350
[12-Jun-2026 00:47:24 UTC] MERC_DEBUG_PRODUCTOS: Producto ID=7995 titulo=LAMPARA CORTA BLACK meta_cliente=145 estado=sin_asignar stock=59
[12-Jun-2026 00:47:24 UTC] MERC_DEBUG_PRODUCTOS: ⚠️ SALTANDO Producto ID=7995 - meta_cliente=145 !== user_id=350
[12-Jun-2026 00:47:24 UTC] MERC_DEBUG_PRODUCTOS: Producto ID=7996 titulo=LAMPARA CORTA WHITE meta_cliente=145 estado=asignado stock=0
[12-Jun-2026 00:47:24 UTC] MERC_DEBUG_PRODUCTOS: ⚠️ SALTANDO Producto ID=7996 - meta_cliente=145 !== user_id=350
[12-Jun-2026 00:47:24 UTC] MERC_DEBUG_PRODUCTOS: Producto ID=7982 titulo=LAMPARA GOLD LARGA meta_cliente=145 estado=asignado stock=0
[12-Jun-2026 00:47:24 UTC] MERC_DEBUG_PRODUCTOS: ⚠️ SALTANDO Producto ID=7982 - meta_cliente=145 !== user_id=350
[12-Jun-2026 00:47:24 UTC] MERC_DEBUG_PRODUCTOS: Producto ID=7991 titulo=LAMPARA LARGA SILVER meta_cliente=145 estado=asignado stock=0
[12-Jun-2026 00:47:24 UTC] MERC_DEBUG_PRODUCTOS: ⚠️ SALTANDO Producto ID=7991 - meta_cliente=145 !== user_id=350
[12-Jun-2026 00:47:24 UTC] MERC_DEBUG_PRODUCTOS: Producto ID=7992 titulo=LAMPARA LARGA WHITE meta_cliente=145 estado=asignado stock=1
[12-Jun-2026 00:47:24 UTC] MERC_DEBUG_PRODUCTOS: ⚠️ SALTANDO Producto ID=7992 - meta_cliente=145 !== user_id=350
[12-Jun-2026 00:47:24 UTC] MERC_DEBUG_PRODUCTOS: Producto ID=24829 titulo=LAMPARA ROSE GOLD LARGA meta_cliente=145 estado=asignado stock=0
[12-Jun-2026 00:47:24 UTC] MERC_DEBUG_PRODUCTOS: ⚠️ SALTANDO Producto ID=24829 - meta_cliente=145 !== user_id=350
[12-Jun-2026 00:47:24 UTC] MERC_DEBUG_PRODUCTOS: Producto ID=26598 titulo=MAGNET CUBE ZONE 100 PIEZAS meta_cliente=201 estado=asignado stock=0
[12-Jun-2026 00:47:24 UTC] MERC_DEBUG_PRODUCTOS: ⚠️ SALTANDO Producto ID=26598 - meta_cliente=201 !== user_id=350
[12-Jun-2026 00:47:24 UTC] MERC_DEBUG_PRODUCTOS: Producto ID=28802 titulo=MAGNET CUBE ZONE 80 PIEZAS meta_cliente=201 estado=asignado stock=0
[12-Jun-2026 00:47:24 UTC] MERC_DEBUG_PRODUCTOS: ⚠️ SALTANDO Producto ID=28802 - meta_cliente=201 !== user_id=350
[12-Jun-2026 00:47:24 UTC] MERC_DEBUG_PRODUCTOS: Producto ID=26588 titulo=MEDINAIL SPRAY meta_cliente=461 estado=sin_asignar stock=4
[12-Jun-2026 00:47:24 UTC] MERC_DEBUG_PRODUCTOS: ⚠️ SALTANDO Producto ID=26588 - meta_cliente=461 !== user_id=350
[12-Jun-2026 00:47:24 UTC] MERC_DEBUG_PRODUCTOS: Producto ID=9098 titulo=NAD RESVERATROL meta_cliente=270 estado=sin_asignar stock=50
[12-Jun-2026 00:47:24 UTC] MERC_DEBUG_PRODUCTOS: ⚠️ SALTANDO Producto ID=9098 - meta_cliente=270 !== user_id=350
[12-Jun-2026 00:47:24 UTC] MERC_DEBUG_PRODUCTOS: Producto ID=28745 titulo=NEGRO MAGICO meta_cliente=461 estado=sin_asignar stock=5
[12-Jun-2026 00:47:24 UTC] MERC_DEBUG_PRODUCTOS: ⚠️ SALTANDO Producto ID=28745 - meta_cliente=461 !== user_id=350
[12-Jun-2026 00:47:24 UTC] MERC_DEBUG_PRODUCTOS: Producto ID=28748 titulo=NOURKRIN meta_cliente=461 estado=sin_asignar stock=2
[12-Jun-2026 00:47:24 UTC] MERC_DEBUG_PRODUCTOS: ⚠️ SALTANDO Producto ID=28748 - meta_cliente=461 !== user_id=350
[12-Jun-2026 00:47:24 UTC] MERC_DEBUG_PRODUCTOS: Producto ID=26581 titulo=PAÑOS DE TELA meta_cliente=461 estado=sin_asignar stock=19
[12-Jun-2026 00:47:24 UTC] MERC_DEBUG_PRODUCTOS: ⚠️ SALTANDO Producto ID=26581 - meta_cliente=461 !== user_id=350
[12-Jun-2026 00:47:24 UTC] MERC_DEBUG_PRODUCTOS: Producto ID=23119 titulo=PARLANTE ALEXA meta_cliente=85 estado=sin_asignar stock=3
[12-Jun-2026 00:47:24 UTC] MERC_DEBUG_PRODUCTOS: ⚠️ SALTANDO Producto ID=23119 - meta_cliente=85 !== user_id=350
[12-Jun-2026 00:47:24 UTC] MERC_DEBUG_PRODUCTOS: Producto ID=6914 titulo=PARLANTE ALEXA meta_cliente=85 estado=sin_asignar stock=4
[12-Jun-2026 00:47:24 UTC] MERC_DEBUG_PRODUCTOS: ⚠️ SALTANDO Producto ID=6914 - meta_cliente=85 !== user_id=350
[12-Jun-2026 00:47:24 UTC] MERC_DEBUG_PRODUCTOS: Producto ID=24382 titulo=PARLANTE ALEXA meta_cliente=85 estado=sin_asignar stock=1
[12-Jun-2026 00:47:24 UTC] MERC_DEBUG_PRODUCTOS: ⚠️ SALTANDO Producto ID=24382 - meta_cliente=85 !== user_id=350
[12-Jun-2026 00:47:24 UTC] MERC_DEBUG_PRODUCTOS: Producto ID=24380 titulo=PARLANTE ALEXA meta_cliente=85 estado=asignado stock=2
[12-Jun-2026 00:47:24 UTC] MERC_DEBUG_PRODUCTOS: ⚠️ SALTANDO Producto ID=24380 - meta_cliente=85 !== user_id=350
[12-Jun-2026 00:47:24 UTC] MERC_DEBUG_PRODUCTOS: Producto ID=26583 titulo=PROTECTOR ULTRA WAX meta_cliente=461 estado=sin_asignar stock=6
[12-Jun-2026 00:47:24 UTC] MERC_DEBUG_PRODUCTOS: ⚠️ SALTANDO Producto ID=26583 - meta_cliente=461 !== user_id=350
[12-Jun-2026 00:47:24 UTC] MERC_DEBUG_PRODUCTOS: Producto ID=30217 titulo=PULIMAX meta_cliente=461 estado=sin_asignar stock=12
[12-Jun-2026 00:47:24 UTC] MERC_DEBUG_PRODUCTOS: ⚠️ SALTANDO Producto ID=30217 - meta_cliente=461 !== user_id=350
[12-Jun-2026 00:47:24 UTC] MERC_DEBUG_PRODUCTOS: Producto ID=6879 titulo=SHAMPOO meta_cliente=91 estado=sin_asignar stock=9
[12-Jun-2026 00:47:24 UTC] MERC_DEBUG_PRODUCTOS: ⚠️ SALTANDO Producto ID=6879 - meta_cliente=91 !== user_id=350
[12-Jun-2026 00:47:24 UTC] MERC_DEBUG_PRODUCTOS: Producto ID=24821 titulo=SPRAY DEPILATORIO meta_cliente=136 estado=sin_asignar stock=25
[12-Jun-2026 00:47:24 UTC] MERC_DEBUG_PRODUCTOS: ⚠️ SALTANDO Producto ID=24821 - meta_cliente=136 !== user_id=350
[12-Jun-2026 00:47:24 UTC] MERC_DEBUG_PRODUCTOS: Producto ID=28704 titulo=TAPIZ CLEAN meta_cliente=461 estado=sin_asignar stock=4
[12-Jun-2026 00:47:24 UTC] MERC_DEBUG_PRODUCTOS: ⚠️ SALTANDO Producto ID=28704 - meta_cliente=461 !== user_id=350
[12-Jun-2026 00:47:24 UTC] MERC_DEBUG_PRODUCTOS: Producto ID=9096 titulo=ULTRA PURE meta_cliente=270 estado=sin_asignar stock=1
[12-Jun-2026 00:47:24 UTC] MERC_DEBUG_PRODUCTOS: ⚠️ SALTANDO Producto ID=9096 - meta_cliente=270 !== user_id=350
[12-Jun-2026 00:47:24 UTC] MERC_DEBUG_PRODUCTOS: Producto ID=26589 titulo=WART REMOVER meta_cliente=461 estado=sin_asignar stock=4
[12-Jun-2026 00:47:24 UTC] MERC_DEBUG_PRODUCTOS: ⚠️ SALTANDO Producto ID=26589 - meta_cliente=461 !== user_id=350
[12-Jun-2026 00:47:24 UTC] MERC_DEBUG_PRODUCTOS: Producto ID=26931 titulo=Zapatillas meta_cliente=118 estado=sin_asignar stock=30
[12-Jun-2026 00:47:24 UTC] MERC_DEBUG_PRODUCTOS: ⚠️ SALTANDO Producto ID=26931 - meta_cliente=118 !== user_id=350
[12-Jun-2026 00:47:24 UTC] MERC_DEBUG_PRODUCTOS: 🎯 [FIN] Retornando 0 opciones filtradas para user_id=350 (desde 49 totales)
[12-Jun-2026 00:47:25 UTC] 🔔 [MERC_LOG] Inicializado logger diario: /var/www/html/wp-content/merc_logs/merc-debug-2026-06-12.log
[12-Jun-2026 00:47:25 UTC] 🔔 [MERC_LOG] Inicializado logger diario: /var/www/html/wp-content/merc_logs/merc-debug-2026-06-12.log
[12-Jun-2026 00:47:25 UTC] 🔔 [MERC_LOG] Inicializado logger diario: /var/www/html/wp-content/merc_logs/merc-debug-2026-06-12.log
[12-Jun-2026 00:47:25 UTC] 🔔 [MERC_LOG] Inicializado logger diario: /var/www/html/wp-content/merc_logs/merc-debug-2026-06-12.log
[12-Jun-2026 00:47:25 UTC] 🔔 [MERC_LOG] Inicializado logger diario: /var/www/html/wp-content/merc_logs/merc-debug-2026-06-12.log
[12-Jun-2026 00:47:25 UTC] 🔔 [MERC_LOG] Inicializado logger diario: /var/www/html/wp-content/merc_logs/merc-debug-2026-06-12.log
[12-Jun-2026 00:47:25 UTC] MERC_POD_DEBUG - shipmentID= context=syncMonto methods_count=0
[12-Jun-2026 00:47:25 UTC] MERC_POD_DEBUG - shipmentID= context=syncMonto methods_count=0
[12-Jun-2026 00:47:25 UTC] MERC_POD_DEBUG - shipmentID= context=syncMonto methods_count=0
[12-Jun-2026 00:47:25 UTC] MERC_POD_DEBUG - shipmentID= context=syncMonto methods_count=0
[12-Jun-2026 00:47:25 UTC] MERC_POD_DEBUG - shipmentID= context=syncMonto methods_count=0
[12-Jun-2026 00:47:25 UTC] MERC_POD_DEBUG - shipmentID= context=syncMonto methods_count=0
[12-Jun-2026 00:48:06 UTC] 🔔 [MERC_LOG] Inicializado logger diario: /var/www/html/wp-content/merc_logs/merc-debug-2026-06-12.log
[12-Jun-2026 00:48:06 UTC] 🔔 [MERC_LOG] Inicializado logger diario: /var/www/html/wp-content/merc_logs/merc-debug-2026-06-12.log
[12-Jun-2026 00:48:06 UTC] 🔔 [MERC_LOG] Inicializado logger diario: /var/www/html/wp-content/merc_logs/merc-debug-2026-06-12.log
[12-Jun-2026 00:48:07 UTC] MERC_POD_DEBUG - shipmentID= context=syncMonto methods_count=0
[12-Jun-2026 00:48:07 UTC] MERC_POD_DEBUG - shipmentID= context=syncMonto methods_count=0
[12-Jun-2026 00:48:07 UTC] MERC_POD_DEBUG - shipmentID= context=syncMonto methods_count=0
[12-Jun-2026 00:48:08 UTC] 🔔 [MERC_LOG] Inicializado logger diario: /var/www/html/wp-content/merc_logs/merc-debug-2026-06-12.log
[12-Jun-2026 00:48:08 UTC] 🔔 [MERC_LOG] Inicializado logger diario: /var/www/html/wp-content/merc_logs/merc-debug-2026-06-12.log
[12-Jun-2026 00:48:08 UTC] 🔔 [MERC_LOG] Inicializado logger diario: /var/www/html/wp-content/merc_logs/merc-debug-2026-06-12.log
[12-Jun-2026 00:48:08 UTC] MERC_POD_DEBUG - shipmentID= context=syncMonto methods_count=0
[12-Jun-2026 00:48:08 UTC] MERC_POD_DEBUG - shipmentID= context=syncMonto methods_count=0
[12-Jun-2026 00:48:08 UTC] MERC_POD_DEBUG - shipmentID= context=syncMonto methods_count=0
[12-Jun-2026 00:48:10 UTC] 🔔 [MERC_LOG] Inicializado logger diario: /var/www/html/wp-content/merc_logs/merc-debug-2026-06-12.log
[12-Jun-2026 00:48:10 UTC] MERC_DEBUG_PRODUCTOS: 🔍 [INICIO] Buscando productos para usuario: epech1207922609@gmail.com (ID: 413)
[12-Jun-2026 00:48:10 UTC] MERC_DEBUG_PRODUCTOS: ✅ Query devolvió 49 productos para user_id=413
[12-Jun-2026 00:48:10 UTC] MERC_DEBUG_PRODUCTOS: Producto ID=30209 titulo=AROMATIZADOR meta_cliente=461 estado=sin_asignar stock=4
[12-Jun-2026 00:48:10 UTC] MERC_DEBUG_PRODUCTOS: ⚠️ SALTANDO Producto ID=30209 - meta_cliente=461 !== user_id=413
[12-Jun-2026 00:48:10 UTC] MERC_DEBUG_PRODUCTOS: Producto ID=26620 titulo=BANGOVER LEVANTATE LAZARO meta_cliente=481 estado=sin_asignar stock=2
[12-Jun-2026 00:48:10 UTC] MERC_DEBUG_PRODUCTOS: ⚠️ SALTANDO Producto ID=26620 - meta_cliente=481 !== user_id=413
[12-Jun-2026 00:48:10 UTC] MERC_DEBUG_PRODUCTOS: Producto ID=21990 titulo=BLOQUEADOR COLLAGE A meta_cliente=103 estado=asignado stock=2
[12-Jun-2026 00:48:10 UTC] MERC_DEBUG_PRODUCTOS: ⚠️ SALTANDO Producto ID=21990 - meta_cliente=103 !== user_id=413
[12-Jun-2026 00:48:10 UTC] MERC_DEBUG_PRODUCTOS: Producto ID=29959 titulo=BLOQUEADOR COLLAGE B meta_cliente=103 estado=sin_asignar stock=1
[12-Jun-2026 00:48:10 UTC] MERC_DEBUG_PRODUCTOS: ⚠️ SALTANDO Producto ID=29959 - meta_cliente=103 !== user_id=413
[12-Jun-2026 00:48:10 UTC] MERC_DEBUG_PRODUCTOS: Producto ID=21993 titulo=BLOQUEADOR CURCUMA A meta_cliente=103 estado=sin_asignar stock=2
[12-Jun-2026 00:48:10 UTC] MERC_DEBUG_PRODUCTOS: ⚠️ SALTANDO Producto ID=21993 - meta_cliente=103 !== user_id=413
[12-Jun-2026 00:48:10 UTC] MERC_DEBUG_PRODUCTOS: Producto ID=21994 titulo=BLOQUEADOR CURCUMA B meta_cliente=103 estado=sin_asignar stock=2
[12-Jun-2026 00:48:10 UTC] MERC_DEBUG_PRODUCTOS: ⚠️ SALTANDO Producto ID=21994 - meta_cliente=103 !== user_id=413
[12-Jun-2026 00:48:10 UTC] MERC_DEBUG_PRODUCTOS: Producto ID=30212 titulo=BRILLA MAS meta_cliente=461 estado=sin_asignar stock=2
[12-Jun-2026 00:48:10 UTC] MERC_DEBUG_PRODUCTOS: ⚠️ SALTANDO Producto ID=30212 - meta_cliente=461 !== user_id=413
[12-Jun-2026 00:48:10 UTC] MERC_DEBUG_PRODUCTOS: Producto ID=20301 titulo=CACAO EN POLVO meta_cliente=288 estado=asignado stock=6
[12-Jun-2026 00:48:10 UTC] MERC_DEBUG_PRODUCTOS: ⚠️ SALTANDO Producto ID=20301 - meta_cliente=288 !== user_id=413
[12-Jun-2026 00:48:10 UTC] MERC_DEBUG_PRODUCTOS: Producto ID=20313 titulo=CACAO EN POLVO meta_cliente=288 estado=sin_asignar stock=1
[12-Jun-2026 00:48:10 UTC] MERC_DEBUG_PRODUCTOS: ⚠️ SALTANDO Producto ID=20313 - meta_cliente=288 !== user_id=413
[12-Jun-2026 00:48:10 UTC] MERC_DEBUG_PRODUCTOS: Producto ID=20311 titulo=CAFE EN POLVO meta_cliente=288 estado=sin_asignar stock=8
[12-Jun-2026 00:48:10 UTC] MERC_DEBUG_PRODUCTOS: ⚠️ SALTANDO Producto ID=20311 - meta_cliente=288 !== user_id=413
[12-Jun-2026 00:48:10 UTC] MERC_DEBUG_PRODUCTOS: Producto ID=26593 titulo=CANDIDA CLEANSE meta_cliente=136 estado=sin_asignar stock=4
[12-Jun-2026 00:48:10 UTC] MERC_DEBUG_PRODUCTOS: ⚠️ SALTANDO Producto ID=26593 - meta_cliente=136 !== user_id=413
[12-Jun-2026 00:48:10 UTC] MERC_DEBUG_PRODUCTOS: Producto ID=24815 titulo=CREMA HIDRATANTE meta_cliente=136 estado=sin_asignar stock=2
[12-Jun-2026 00:48:10 UTC] MERC_DEBUG_PRODUCTOS: ⚠️ SALTANDO Producto ID=24815 - meta_cliente=136 !== user_id=413
[12-Jun-2026 00:48:10 UTC] MERC_DEBUG_PRODUCTOS: Producto ID=7959 titulo=CREMA RETINOL meta_cliente=136 estado=sin_asignar stock=3
[12-Jun-2026 00:48:10 UTC] MERC_DEBUG_PRODUCTOS: ⚠️ SALTANDO Producto ID=7959 - meta_cliente=136 !== user_id=413
[12-Jun-2026 00:48:10 UTC] MERC_DEBUG_PRODUCTOS: Producto ID=7958 titulo=CREMA ROREC meta_cliente=136 estado=sin_asignar stock=2
[12-Jun-2026 00:48:10 UTC] MERC_DEBUG_PRODUCTOS: ⚠️ SALTANDO Producto ID=7958 - meta_cliente=136 !== user_id=413
[12-Jun-2026 00:48:10 UTC] MERC_DEBUG_PRODUCTOS: Producto ID=7955 titulo=DESPIGMENTANTE DE LABIOS meta_cliente=136 estado=sin_asignar stock=1
[12-Jun-2026 00:48:10 UTC] MERC_DEBUG_PRODUCTOS: ⚠️ SALTANDO Producto ID=7955 - meta_cliente=136 !== user_id=413
[12-Jun-2026 00:48:10 UTC] MERC_DEBUG_PRODUCTOS: Producto ID=7949 titulo=EXFOLIANTE DE ARROZ meta_cliente=136 estado=sin_asignar stock=37
[12-Jun-2026 00:48:10 UTC] MERC_DEBUG_PRODUCTOS: ⚠️ SALTANDO Producto ID=7949 - meta_cliente=136 !== user_id=413
[12-Jun-2026 00:48:10 UTC] MERC_DEBUG_PRODUCTOS: Producto ID=7956 titulo=EXFOLIANTE GEL meta_cliente=136 estado=sin_asignar stock=1
[12-Jun-2026 00:48:10 UTC] MERC_DEBUG_PRODUCTOS: ⚠️ SALTANDO Producto ID=7956 - meta_cliente=136 !== user_id=413
[12-Jun-2026 00:48:10 UTC] MERC_DEBUG_PRODUCTOS: Producto ID=26630 titulo=HAIR GROWTH meta_cliente=270 estado=sin_asignar stock=188
[12-Jun-2026 00:48:10 UTC] MERC_DEBUG_PRODUCTOS: ⚠️ SALTANDO Producto ID=26630 - meta_cliente=270 !== user_id=413
[12-Jun-2026 00:48:10 UTC] MERC_DEBUG_PRODUCTOS: Producto ID=9095 titulo=HERBALS & HEALTH meta_cliente=270 estado=sin_asignar stock=2
[12-Jun-2026 00:48:10 UTC] MERC_DEBUG_PRODUCTOS: ⚠️ SALTANDO Producto ID=9095 - meta_cliente=270 !== user_id=413
[12-Jun-2026 00:48:10 UTC] MERC_DEBUG_PRODUCTOS: Producto ID=7960 titulo=HUMECTANTE SAKURA meta_cliente=136 estado=sin_asignar stock=8
[12-Jun-2026 00:48:10 UTC] MERC_DEBUG_PRODUCTOS: ⚠️ SALTANDO Producto ID=7960 - meta_cliente=136 !== user_id=413
[12-Jun-2026 00:48:10 UTC] MERC_DEBUG_PRODUCTOS: Producto ID=7981 titulo=INFLADORES meta_cliente=145 estado=sin_asignar stock=57
[12-Jun-2026 00:48:10 UTC] MERC_DEBUG_PRODUCTOS: ⚠️ SALTANDO Producto ID=7981 - meta_cliente=145 !== user_id=413
[12-Jun-2026 00:48:10 UTC] MERC_DEBUG_PRODUCTOS: Producto ID=21989 titulo=jjjjjjjjj meta_cliente=429 estado=sin_asignar stock=45
[12-Jun-2026 00:48:10 UTC] MERC_DEBUG_PRODUCTOS: ⚠️ SALTANDO Producto ID=21989 - meta_cliente=429 !== user_id=413
[12-Jun-2026 00:48:10 UTC] MERC_DEBUG_PRODUCTOS: Producto ID=21998 titulo=LABIAL MAGICO meta_cliente=103 estado=sin_asignar stock=1
[12-Jun-2026 00:48:10 UTC] MERC_DEBUG_PRODUCTOS: ⚠️ SALTANDO Producto ID=21998 - meta_cliente=103 !== user_id=413
[12-Jun-2026 00:48:10 UTC] MERC_DEBUG_PRODUCTOS: Producto ID=30316 titulo=LAMPARA BLACK LARGA meta_cliente=145 estado=sin_asignar stock=3
[12-Jun-2026 00:48:10 UTC] MERC_DEBUG_PRODUCTOS: ⚠️ SALTANDO Producto ID=30316 - meta_cliente=145 !== user_id=413
[12-Jun-2026 00:48:10 UTC] MERC_DEBUG_PRODUCTOS: Producto ID=7995 titulo=LAMPARA CORTA BLACK meta_cliente=145 estado=sin_asignar stock=59
[12-Jun-2026 00:48:10 UTC] MERC_DEBUG_PRODUCTOS: ⚠️ SALTANDO Producto ID=7995 - meta_cliente=145 !== user_id=413
[12-Jun-2026 00:48:10 UTC] MERC_DEBUG_PRODUCTOS: Producto ID=7996 titulo=LAMPARA CORTA WHITE meta_cliente=145 estado=asignado stock=0
[12-Jun-2026 00:48:10 UTC] MERC_DEBUG_PRODUCTOS: ⚠️ SALTANDO Producto ID=7996 - meta_cliente=145 !== user_id=413
[12-Jun-2026 00:48:10 UTC] MERC_DEBUG_PRODUCTOS: Producto ID=7982 titulo=LAMPARA GOLD LARGA meta_cliente=145 estado=asignado stock=0
[12-Jun-2026 00:48:10 UTC] MERC_DEBUG_PRODUCTOS: ⚠️ SALTANDO Producto ID=7982 - meta_cliente=145 !== user_id=413
[12-Jun-2026 00:48:10 UTC] MERC_DEBUG_PRODUCTOS: Producto ID=7991 titulo=LAMPARA LARGA SILVER meta_cliente=145 estado=asignado stock=0
[12-Jun-2026 00:48:10 UTC] MERC_DEBUG_PRODUCTOS: ⚠️ SALTANDO Producto ID=7991 - meta_cliente=145 !== user_id=413
[12-Jun-2026 00:48:10 UTC] MERC_DEBUG_PRODUCTOS: Producto ID=7992 titulo=LAMPARA LARGA WHITE meta_cliente=145 estado=asignado stock=1
[12-Jun-2026 00:48:10 UTC] MERC_DEBUG_PRODUCTOS: ⚠️ SALTANDO Producto ID=7992 - meta_cliente=145 !== user_id=413
[12-Jun-2026 00:48:10 UTC] MERC_DEBUG_PRODUCTOS: Producto ID=24829 titulo=LAMPARA ROSE GOLD LARGA meta_cliente=145 estado=asignado stock=0
[12-Jun-2026 00:48:10 UTC] MERC_DEBUG_PRODUCTOS: ⚠️ SALTANDO Producto ID=24829 - meta_cliente=145 !== user_id=413
[12-Jun-2026 00:48:10 UTC] MERC_DEBUG_PRODUCTOS: Producto ID=26598 titulo=MAGNET CUBE ZONE 100 PIEZAS meta_cliente=201 estado=asignado stock=0
[12-Jun-2026 00:48:10 UTC] MERC_DEBUG_PRODUCTOS: ⚠️ SALTANDO Producto ID=26598 - meta_cliente=201 !== user_id=413
[12-Jun-2026 00:48:10 UTC] MERC_DEBUG_PRODUCTOS: Producto ID=28802 titulo=MAGNET CUBE ZONE 80 PIEZAS meta_cliente=201 estado=asignado stock=0
[12-Jun-2026 00:48:10 UTC] MERC_DEBUG_PRODUCTOS: ⚠️ SALTANDO Producto ID=28802 - meta_cliente=201 !== user_id=413
[12-Jun-2026 00:48:10 UTC] MERC_DEBUG_PRODUCTOS: Producto ID=26588 titulo=MEDINAIL SPRAY meta_cliente=461 estado=sin_asignar stock=4
[12-Jun-2026 00:48:10 UTC] MERC_DEBUG_PRODUCTOS: ⚠️ SALTANDO Producto ID=26588 - meta_cliente=461 !== user_id=413
[12-Jun-2026 00:48:10 UTC] MERC_DEBUG_PRODUCTOS: Producto ID=9098 titulo=NAD RESVERATROL meta_cliente=270 estado=sin_asignar stock=50
[12-Jun-2026 00:48:10 UTC] MERC_DEBUG_PRODUCTOS: ⚠️ SALTANDO Producto ID=9098 - meta_cliente=270 !== user_id=413
[12-Jun-2026 00:48:10 UTC] MERC_DEBUG_PRODUCTOS: Producto ID=28745 titulo=NEGRO MAGICO meta_cliente=461 estado=sin_asignar stock=5
[12-Jun-2026 00:48:10 UTC] MERC_DEBUG_PRODUCTOS: ⚠️ SALTANDO Producto ID=28745 - meta_cliente=461 !== user_id=413
[12-Jun-2026 00:48:10 UTC] MERC_DEBUG_PRODUCTOS: Producto ID=28748 titulo=NOURKRIN meta_cliente=461 estado=sin_asignar stock=2
[12-Jun-2026 00:48:10 UTC] MERC_DEBUG_PRODUCTOS: ⚠️ SALTANDO Producto ID=28748 - meta_cliente=461 !== user_id=413
[12-Jun-2026 00:48:10 UTC] MERC_DEBUG_PRODUCTOS: Producto ID=26581 titulo=PAÑOS DE TELA meta_cliente=461 estado=sin_asignar stock=19
[12-Jun-2026 00:48:10 UTC] MERC_DEBUG_PRODUCTOS: ⚠️ SALTANDO Producto ID=26581 - meta_cliente=461 !== user_id=413
[12-Jun-2026 00:48:10 UTC] MERC_DEBUG_PRODUCTOS: Producto ID=23119 titulo=PARLANTE ALEXA meta_cliente=85 estado=sin_asignar stock=3
[12-Jun-2026 00:48:10 UTC] MERC_DEBUG_PRODUCTOS: ⚠️ SALTANDO Producto ID=23119 - meta_cliente=85 !== user_id=413
[12-Jun-2026 00:48:10 UTC] MERC_DEBUG_PRODUCTOS: Producto ID=6914 titulo=PARLANTE ALEXA meta_cliente=85 estado=sin_asignar stock=4
[12-Jun-2026 00:48:10 UTC] MERC_DEBUG_PRODUCTOS: ⚠️ SALTANDO Producto ID=6914 - meta_cliente=85 !== user_id=413
[12-Jun-2026 00:48:10 UTC] MERC_DEBUG_PRODUCTOS: Producto ID=24382 titulo=PARLANTE ALEXA meta_cliente=85 estado=sin_asignar stock=1
[12-Jun-2026 00:48:10 UTC] MERC_DEBUG_PRODUCTOS: ⚠️ SALTANDO Producto ID=24382 - meta_cliente=85 !== user_id=413
[12-Jun-2026 00:48:10 UTC] MERC_DEBUG_PRODUCTOS: Producto ID=24380 titulo=PARLANTE ALEXA meta_cliente=85 estado=asignado stock=2
[12-Jun-2026 00:48:10 UTC] MERC_DEBUG_PRODUCTOS: ⚠️ SALTANDO Producto ID=24380 - meta_cliente=85 !== user_id=413
[12-Jun-2026 00:48:10 UTC] MERC_DEBUG_PRODUCTOS: Producto ID=26583 titulo=PROTECTOR ULTRA WAX meta_cliente=461 estado=sin_asignar stock=6
[12-Jun-2026 00:48:10 UTC] MERC_DEBUG_PRODUCTOS: ⚠️ SALTANDO Producto ID=26583 - meta_cliente=461 !== user_id=413
[12-Jun-2026 00:48:10 UTC] MERC_DEBUG_PRODUCTOS: Producto ID=30217 titulo=PULIMAX meta_cliente=461 estado=sin_asignar stock=12
[12-Jun-2026 00:48:10 UTC] MERC_DEBUG_PRODUCTOS: ⚠️ SALTANDO Producto ID=30217 - meta_cliente=461 !== user_id=413
[12-Jun-2026 00:48:10 UTC] MERC_DEBUG_PRODUCTOS: Producto ID=6879 titulo=SHAMPOO meta_cliente=91 estado=sin_asignar stock=9
[12-Jun-2026 00:48:10 UTC] MERC_DEBUG_PRODUCTOS: ⚠️ SALTANDO Producto ID=6879 - meta_cliente=91 !== user_id=413
[12-Jun-2026 00:48:10 UTC] MERC_DEBUG_PRODUCTOS: Producto ID=24821 titulo=SPRAY DEPILATORIO meta_cliente=136 estado=sin_asignar stock=25
[12-Jun-2026 00:48:10 UTC] MERC_DEBUG_PRODUCTOS: ⚠️ SALTANDO Producto ID=24821 - meta_cliente=136 !== user_id=413
[12-Jun-2026 00:48:10 UTC] MERC_DEBUG_PRODUCTOS: Producto ID=28704 titulo=TAPIZ CLEAN meta_cliente=461 estado=sin_asignar stock=4
[12-Jun-2026 00:48:10 UTC] MERC_DEBUG_PRODUCTOS: ⚠️ SALTANDO Producto ID=28704 - meta_cliente=461 !== user_id=413
[12-Jun-2026 00:48:10 UTC] MERC_DEBUG_PRODUCTOS: Producto ID=9096 titulo=ULTRA PURE meta_cliente=270 estado=sin_asignar stock=1
[12-Jun-2026 00:48:10 UTC] MERC_DEBUG_PRODUCTOS: ⚠️ SALTANDO Producto ID=9096 - meta_cliente=270 !== user_id=413
[12-Jun-2026 00:48:10 UTC] MERC_DEBUG_PRODUCTOS: Producto ID=26589 titulo=WART REMOVER meta_cliente=461 estado=sin_asignar stock=4
[12-Jun-2026 00:48:10 UTC] MERC_DEBUG_PRODUCTOS: ⚠️ SALTANDO Producto ID=26589 - meta_cliente=461 !== user_id=413
[12-Jun-2026 00:48:10 UTC] MERC_DEBUG_PRODUCTOS: Producto ID=26931 titulo=Zapatillas meta_cliente=118 estado=sin_asignar stock=30
[12-Jun-2026 00:48:10 UTC] MERC_DEBUG_PRODUCTOS: ⚠️ SALTANDO Producto ID=26931 - meta_cliente=118 !== user_id=413
[12-Jun-2026 00:48:10 UTC] MERC_DEBUG_PRODUCTOS: 🎯 [FIN] Retornando 0 opciones filtradas para user_id=413 (desde 49 totales)
[12-Jun-2026 00:48:11 UTC] 🔔 [MERC_LOG] Inicializado logger diario: /var/www/html/wp-content/merc_logs/merc-debug-2026-06-12.log
[12-Jun-2026 00:48:11 UTC] 🔔 [MERC_LOG] Inicializado logger diario: /var/www/html/wp-content/merc_logs/merc-debug-2026-06-12.log
[12-Jun-2026 00:48:11 UTC] 🔔 [MERC_LOG] Inicializado logger diario: /var/www/html/wp-content/merc_logs/merc-debug-2026-06-12.log
[12-Jun-2026 00:48:11 UTC] 🔔 [MERC_LOG] Inicializado logger diario: /var/www/html/wp-content/merc_logs/merc-debug-2026-06-12.log
[12-Jun-2026 00:48:11 UTC] 🔔 [MERC_LOG] Inicializado logger diario: /var/www/html/wp-content/merc_logs/merc-debug-2026-06-12.log
[12-Jun-2026 00:48:11 UTC] 🔔 [MERC_LOG] Inicializado logger diario: /var/www/html/wp-content/merc_logs/merc-debug-2026-06-12.log
[12-Jun-2026 00:48:12 UTC] MERC_POD_DEBUG - shipmentID= context=syncMonto methods_count=0
[12-Jun-2026 00:48:12 UTC] MERC_POD_DEBUG - shipmentID= context=syncMonto methods_count=0
[12-Jun-2026 00:48:12 UTC] MERC_POD_DEBUG - shipmentID= context=syncMonto methods_count=0
[12-Jun-2026 00:48:12 UTC] MERC_POD_DEBUG - shipmentID= context=syncMonto methods_count=0
[12-Jun-2026 00:48:12 UTC] MERC_POD_DEBUG - shipmentID= context=syncMonto methods_count=0
[12-Jun-2026 00:48:12 UTC] MERC_POD_DEBUG - shipmentID= context=syncMonto methods_count=0
[12-Jun-2026 00:48:15 UTC] 🔔 [MERC_LOG] Inicializado logger diario: /var/www/html/wp-content/merc_logs/merc-debug-2026-06-12.log
[12-Jun-2026 00:48:15 UTC] MERC_DEBUG_PRODUCTOS: 🔍 [INICIO] Buscando productos para usuario: epinaresg@gmail.com (ID: 350)
[12-Jun-2026 00:48:15 UTC] MERC_DEBUG_PRODUCTOS: ✅ Query devolvió 49 productos para user_id=350
[12-Jun-2026 00:48:15 UTC] MERC_DEBUG_PRODUCTOS: Producto ID=30209 titulo=AROMATIZADOR meta_cliente=461 estado=sin_asignar stock=4
[12-Jun-2026 00:48:15 UTC] MERC_DEBUG_PRODUCTOS: ⚠️ SALTANDO Producto ID=30209 - meta_cliente=461 !== user_id=350
[12-Jun-2026 00:48:15 UTC] MERC_DEBUG_PRODUCTOS: Producto ID=26620 titulo=BANGOVER LEVANTATE LAZARO meta_cliente=481 estado=sin_asignar stock=2
[12-Jun-2026 00:48:15 UTC] MERC_DEBUG_PRODUCTOS: ⚠️ SALTANDO Producto ID=26620 - meta_cliente=481 !== user_id=350
[12-Jun-2026 00:48:15 UTC] MERC_DEBUG_PRODUCTOS: Producto ID=21990 titulo=BLOQUEADOR COLLAGE A meta_cliente=103 estado=asignado stock=2
[12-Jun-2026 00:48:15 UTC] MERC_DEBUG_PRODUCTOS: ⚠️ SALTANDO Producto ID=21990 - meta_cliente=103 !== user_id=350
[12-Jun-2026 00:48:15 UTC] MERC_DEBUG_PRODUCTOS: Producto ID=29959 titulo=BLOQUEADOR COLLAGE B meta_cliente=103 estado=sin_asignar stock=1
[12-Jun-2026 00:48:15 UTC] MERC_DEBUG_PRODUCTOS: ⚠️ SALTANDO Producto ID=29959 - meta_cliente=103 !== user_id=350
[12-Jun-2026 00:48:15 UTC] MERC_DEBUG_PRODUCTOS: Producto ID=21993 titulo=BLOQUEADOR CURCUMA A meta_cliente=103 estado=sin_asignar stock=2
[12-Jun-2026 00:48:15 UTC] MERC_DEBUG_PRODUCTOS: ⚠️ SALTANDO Producto ID=21993 - meta_cliente=103 !== user_id=350
[12-Jun-2026 00:48:15 UTC] MERC_DEBUG_PRODUCTOS: Producto ID=21994 titulo=BLOQUEADOR CURCUMA B meta_cliente=103 estado=sin_asignar stock=2
[12-Jun-2026 00:48:15 UTC] MERC_DEBUG_PRODUCTOS: ⚠️ SALTANDO Producto ID=21994 - meta_cliente=103 !== user_id=350
[12-Jun-2026 00:48:15 UTC] MERC_DEBUG_PRODUCTOS: Producto ID=30212 titulo=BRILLA MAS meta_cliente=461 estado=sin_asignar stock=2
[12-Jun-2026 00:48:15 UTC] MERC_DEBUG_PRODUCTOS: ⚠️ SALTANDO Producto ID=30212 - meta_cliente=461 !== user_id=350
[12-Jun-2026 00:48:15 UTC] MERC_DEBUG_PRODUCTOS: Producto ID=20301 titulo=CACAO EN POLVO meta_cliente=288 estado=asignado stock=6
[12-Jun-2026 00:48:15 UTC] MERC_DEBUG_PRODUCTOS: ⚠️ SALTANDO Producto ID=20301 - meta_cliente=288 !== user_id=350
[12-Jun-2026 00:48:15 UTC] MERC_DEBUG_PRODUCTOS: Producto ID=20313 titulo=CACAO EN POLVO meta_cliente=288 estado=sin_asignar stock=1
[12-Jun-2026 00:48:15 UTC] MERC_DEBUG_PRODUCTOS: ⚠️ SALTANDO Producto ID=20313 - meta_cliente=288 !== user_id=350
[12-Jun-2026 00:48:15 UTC] MERC_DEBUG_PRODUCTOS: Producto ID=20311 titulo=CAFE EN POLVO meta_cliente=288 estado=sin_asignar stock=8
[12-Jun-2026 00:48:15 UTC] MERC_DEBUG_PRODUCTOS: ⚠️ SALTANDO Producto ID=20311 - meta_cliente=288 !== user_id=350
[12-Jun-2026 00:48:15 UTC] MERC_DEBUG_PRODUCTOS: Producto ID=26593 titulo=CANDIDA CLEANSE meta_cliente=136 estado=sin_asignar stock=4
[12-Jun-2026 00:48:15 UTC] MERC_DEBUG_PRODUCTOS: ⚠️ SALTANDO Producto ID=26593 - meta_cliente=136 !== user_id=350
[12-Jun-2026 00:48:15 UTC] MERC_DEBUG_PRODUCTOS: Producto ID=24815 titulo=CREMA HIDRATANTE meta_cliente=136 estado=sin_asignar stock=2
[12-Jun-2026 00:48:15 UTC] MERC_DEBUG_PRODUCTOS: ⚠️ SALTANDO Producto ID=24815 - meta_cliente=136 !== user_id=350
[12-Jun-2026 00:48:15 UTC] MERC_DEBUG_PRODUCTOS: Producto ID=7959 titulo=CREMA RETINOL meta_cliente=136 estado=sin_asignar stock=3
[12-Jun-2026 00:48:15 UTC] MERC_DEBUG_PRODUCTOS: ⚠️ SALTANDO Producto ID=7959 - meta_cliente=136 !== user_id=350
[12-Jun-2026 00:48:15 UTC] MERC_DEBUG_PRODUCTOS: Producto ID=7958 titulo=CREMA ROREC meta_cliente=136 estado=sin_asignar stock=2
[12-Jun-2026 00:48:15 UTC] MERC_DEBUG_PRODUCTOS: ⚠️ SALTANDO Producto ID=7958 - meta_cliente=136 !== user_id=350
[12-Jun-2026 00:48:15 UTC] MERC_DEBUG_PRODUCTOS: Producto ID=7955 titulo=DESPIGMENTANTE DE LABIOS meta_cliente=136 estado=sin_asignar stock=1
[12-Jun-2026 00:48:15 UTC] MERC_DEBUG_PRODUCTOS: ⚠️ SALTANDO Producto ID=7955 - meta_cliente=136 !== user_id=350
[12-Jun-2026 00:48:15 UTC] MERC_DEBUG_PRODUCTOS: Producto ID=7949 titulo=EXFOLIANTE DE ARROZ meta_cliente=136 estado=sin_asignar stock=37
[12-Jun-2026 00:48:15 UTC] MERC_DEBUG_PRODUCTOS: ⚠️ SALTANDO Producto ID=7949 - meta_cliente=136 !== user_id=350
[12-Jun-2026 00:48:15 UTC] MERC_DEBUG_PRODUCTOS: Producto ID=7956 titulo=EXFOLIANTE GEL meta_cliente=136 estado=sin_asignar stock=1
[12-Jun-2026 00:48:15 UTC] MERC_DEBUG_PRODUCTOS: ⚠️ SALTANDO Producto ID=7956 - meta_cliente=136 !== user_id=350
[12-Jun-2026 00:48:15 UTC] MERC_DEBUG_PRODUCTOS: Producto ID=26630 titulo=HAIR GROWTH meta_cliente=270 estado=sin_asignar stock=188
[12-Jun-2026 00:48:15 UTC] MERC_DEBUG_PRODUCTOS: ⚠️ SALTANDO Producto ID=26630 - meta_cliente=270 !== user_id=350
[12-Jun-2026 00:48:15 UTC] MERC_DEBUG_PRODUCTOS: Producto ID=9095 titulo=HERBALS & HEALTH meta_cliente=270 estado=sin_asignar stock=2
[12-Jun-2026 00:48:15 UTC] MERC_DEBUG_PRODUCTOS: ⚠️ SALTANDO Producto ID=9095 - meta_cliente=270 !== user_id=350
[12-Jun-2026 00:48:15 UTC] MERC_DEBUG_PRODUCTOS: Producto ID=7960 titulo=HUMECTANTE SAKURA meta_cliente=136 estado=sin_asignar stock=8
[12-Jun-2026 00:48:15 UTC] MERC_DEBUG_PRODUCTOS: ⚠️ SALTANDO Producto ID=7960 - meta_cliente=136 !== user_id=350
[12-Jun-2026 00:48:15 UTC] MERC_DEBUG_PRODUCTOS: Producto ID=7981 titulo=INFLADORES meta_cliente=145 estado=sin_asignar stock=57
[12-Jun-2026 00:48:15 UTC] MERC_DEBUG_PRODUCTOS: ⚠️ SALTANDO Producto ID=7981 - meta_cliente=145 !== user_id=350
[12-Jun-2026 00:48:15 UTC] MERC_DEBUG_PRODUCTOS: Producto ID=21989 titulo=jjjjjjjjj meta_cliente=429 estado=sin_asignar stock=45
[12-Jun-2026 00:48:15 UTC] MERC_DEBUG_PRODUCTOS: ⚠️ SALTANDO Producto ID=21989 - meta_cliente=429 !== user_id=350
[12-Jun-2026 00:48:15 UTC] MERC_DEBUG_PRODUCTOS: Producto ID=21998 titulo=LABIAL MAGICO meta_cliente=103 estado=sin_asignar stock=1
[12-Jun-2026 00:48:15 UTC] MERC_DEBUG_PRODUCTOS: ⚠️ SALTANDO Producto ID=21998 - meta_cliente=103 !== user_id=350
[12-Jun-2026 00:48:15 UTC] MERC_DEBUG_PRODUCTOS: Producto ID=30316 titulo=LAMPARA BLACK LARGA meta_cliente=145 estado=sin_asignar stock=3
[12-Jun-2026 00:48:15 UTC] MERC_DEBUG_PRODUCTOS: ⚠️ SALTANDO Producto ID=30316 - meta_cliente=145 !== user_id=350
[12-Jun-2026 00:48:15 UTC] MERC_DEBUG_PRODUCTOS: Producto ID=7995 titulo=LAMPARA CORTA BLACK meta_cliente=145 estado=sin_asignar stock=59
[12-Jun-2026 00:48:15 UTC] MERC_DEBUG_PRODUCTOS: ⚠️ SALTANDO Producto ID=7995 - meta_cliente=145 !== user_id=350
[12-Jun-2026 00:48:15 UTC] MERC_DEBUG_PRODUCTOS: Producto ID=7996 titulo=LAMPARA CORTA WHITE meta_cliente=145 estado=asignado stock=0
[12-Jun-2026 00:48:15 UTC] MERC_DEBUG_PRODUCTOS: ⚠️ SALTANDO Producto ID=7996 - meta_cliente=145 !== user_id=350
[12-Jun-2026 00:48:15 UTC] MERC_DEBUG_PRODUCTOS: Producto ID=7982 titulo=LAMPARA GOLD LARGA meta_cliente=145 estado=asignado stock=0
[12-Jun-2026 00:48:15 UTC] MERC_DEBUG_PRODUCTOS: ⚠️ SALTANDO Producto ID=7982 - meta_cliente=145 !== user_id=350
[12-Jun-2026 00:48:15 UTC] MERC_DEBUG_PRODUCTOS: Producto ID=7991 titulo=LAMPARA LARGA SILVER meta_cliente=145 estado=asignado stock=0
[12-Jun-2026 00:48:15 UTC] MERC_DEBUG_PRODUCTOS: ⚠️ SALTANDO Producto ID=7991 - meta_cliente=145 !== user_id=350
[12-Jun-2026 00:48:15 UTC] MERC_DEBUG_PRODUCTOS: Producto ID=7992 titulo=LAMPARA LARGA WHITE meta_cliente=145 estado=asignado stock=1
[12-Jun-2026 00:48:15 UTC] MERC_DEBUG_PRODUCTOS: ⚠️ SALTANDO Producto ID=7992 - meta_cliente=145 !== user_id=350
[12-Jun-2026 00:48:15 UTC] MERC_DEBUG_PRODUCTOS: Producto ID=24829 titulo=LAMPARA ROSE GOLD LARGA meta_cliente=145 estado=asignado stock=0
[12-Jun-2026 00:48:15 UTC] MERC_DEBUG_PRODUCTOS: ⚠️ SALTANDO Producto ID=24829 - meta_cliente=145 !== user_id=350
[12-Jun-2026 00:48:15 UTC] MERC_DEBUG_PRODUCTOS: Producto ID=26598 titulo=MAGNET CUBE ZONE 100 PIEZAS meta_cliente=201 estado=asignado stock=0
[12-Jun-2026 00:48:15 UTC] MERC_DEBUG_PRODUCTOS: ⚠️ SALTANDO Producto ID=26598 - meta_cliente=201 !== user_id=350
[12-Jun-2026 00:48:15 UTC] MERC_DEBUG_PRODUCTOS: Producto ID=28802 titulo=MAGNET CUBE ZONE 80 PIEZAS meta_cliente=201 estado=asignado stock=0
[12-Jun-2026 00:48:15 UTC] MERC_DEBUG_PRODUCTOS: ⚠️ SALTANDO Producto ID=28802 - meta_cliente=201 !== user_id=350
[12-Jun-2026 00:48:15 UTC] MERC_DEBUG_PRODUCTOS: Producto ID=26588 titulo=MEDINAIL SPRAY meta_cliente=461 estado=sin_asignar stock=4
[12-Jun-2026 00:48:15 UTC] MERC_DEBUG_PRODUCTOS: ⚠️ SALTANDO Producto ID=26588 - meta_cliente=461 !== user_id=350
[12-Jun-2026 00:48:15 UTC] MERC_DEBUG_PRODUCTOS: Producto ID=9098 titulo=NAD RESVERATROL meta_cliente=270 estado=sin_asignar stock=50
[12-Jun-2026 00:48:15 UTC] MERC_DEBUG_PRODUCTOS: ⚠️ SALTANDO Producto ID=9098 - meta_cliente=270 !== user_id=350
[12-Jun-2026 00:48:15 UTC] MERC_DEBUG_PRODUCTOS: Producto ID=28745 titulo=NEGRO MAGICO meta_cliente=461 estado=sin_asignar stock=5
[12-Jun-2026 00:48:15 UTC] MERC_DEBUG_PRODUCTOS: ⚠️ SALTANDO Producto ID=28745 - meta_cliente=461 !== user_id=350
[12-Jun-2026 00:48:15 UTC] MERC_DEBUG_PRODUCTOS: Producto ID=28748 titulo=NOURKRIN meta_cliente=461 estado=sin_asignar stock=2
[12-Jun-2026 00:48:15 UTC] MERC_DEBUG_PRODUCTOS: ⚠️ SALTANDO Producto ID=28748 - meta_cliente=461 !== user_id=350
[12-Jun-2026 00:48:15 UTC] MERC_DEBUG_PRODUCTOS: Producto ID=26581 titulo=PAÑOS DE TELA meta_cliente=461 estado=sin_asignar stock=19
[12-Jun-2026 00:48:15 UTC] MERC_DEBUG_PRODUCTOS: ⚠️ SALTANDO Producto ID=26581 - meta_cliente=461 !== user_id=350
[12-Jun-2026 00:48:15 UTC] MERC_DEBUG_PRODUCTOS: Producto ID=23119 titulo=PARLANTE ALEXA meta_cliente=85 estado=sin_asignar stock=3
[12-Jun-2026 00:48:15 UTC] MERC_DEBUG_PRODUCTOS: ⚠️ SALTANDO Producto ID=23119 - meta_cliente=85 !== user_id=350
[12-Jun-2026 00:48:15 UTC] MERC_DEBUG_PRODUCTOS: Producto ID=6914 titulo=PARLANTE ALEXA meta_cliente=85 estado=sin_asignar stock=4
[12-Jun-2026 00:48:15 UTC] MERC_DEBUG_PRODUCTOS: ⚠️ SALTANDO Producto ID=6914 - meta_cliente=85 !== user_id=350
[12-Jun-2026 00:48:15 UTC] MERC_DEBUG_PRODUCTOS: Producto ID=24382 titulo=PARLANTE ALEXA meta_cliente=85 estado=sin_asignar stock=1
[12-Jun-2026 00:48:15 UTC] MERC_DEBUG_PRODUCTOS: ⚠️ SALTANDO Producto ID=24382 - meta_cliente=85 !== user_id=350
[12-Jun-2026 00:48:15 UTC] MERC_DEBUG_PRODUCTOS: Producto ID=24380 titulo=PARLANTE ALEXA meta_cliente=85 estado=asignado stock=2
[12-Jun-2026 00:48:15 UTC] MERC_DEBUG_PRODUCTOS: ⚠️ SALTANDO Producto ID=24380 - meta_cliente=85 !== user_id=350
[12-Jun-2026 00:48:15 UTC] MERC_DEBUG_PRODUCTOS: Producto ID=26583 titulo=PROTECTOR ULTRA WAX meta_cliente=461 estado=sin_asignar stock=6
[12-Jun-2026 00:48:15 UTC] MERC_DEBUG_PRODUCTOS: ⚠️ SALTANDO Producto ID=26583 - meta_cliente=461 !== user_id=350
[12-Jun-2026 00:48:15 UTC] MERC_DEBUG_PRODUCTOS: Producto ID=30217 titulo=PULIMAX meta_cliente=461 estado=sin_asignar stock=12
[12-Jun-2026 00:48:15 UTC] MERC_DEBUG_PRODUCTOS: ⚠️ SALTANDO Producto ID=30217 - meta_cliente=461 !== user_id=350
[12-Jun-2026 00:48:15 UTC] MERC_DEBUG_PRODUCTOS: Producto ID=6879 titulo=SHAMPOO meta_cliente=91 estado=sin_asignar stock=9
[12-Jun-2026 00:48:15 UTC] MERC_DEBUG_PRODUCTOS: ⚠️ SALTANDO Producto ID=6879 - meta_cliente=91 !== user_id=350
[12-Jun-2026 00:48:15 UTC] MERC_DEBUG_PRODUCTOS: Producto ID=24821 titulo=SPRAY DEPILATORIO meta_cliente=136 estado=sin_asignar stock=25
[12-Jun-2026 00:48:15 UTC] MERC_DEBUG_PRODUCTOS: ⚠️ SALTANDO Producto ID=24821 - meta_cliente=136 !== user_id=350
[12-Jun-2026 00:48:15 UTC] MERC_DEBUG_PRODUCTOS: Producto ID=28704 titulo=TAPIZ CLEAN meta_cliente=461 estado=sin_asignar stock=4
[12-Jun-2026 00:48:15 UTC] MERC_DEBUG_PRODUCTOS: ⚠️ SALTANDO Producto ID=28704 - meta_cliente=461 !== user_id=350
[12-Jun-2026 00:48:15 UTC] MERC_DEBUG_PRODUCTOS: Producto ID=9096 titulo=ULTRA PURE meta_cliente=270 estado=sin_asignar stock=1
[12-Jun-2026 00:48:15 UTC] MERC_DEBUG_PRODUCTOS: ⚠️ SALTANDO Producto ID=9096 - meta_cliente=270 !== user_id=350
[12-Jun-2026 00:48:15 UTC] MERC_DEBUG_PRODUCTOS: Producto ID=26589 titulo=WART REMOVER meta_cliente=461 estado=sin_asignar stock=4
[12-Jun-2026 00:48:15 UTC] MERC_DEBUG_PRODUCTOS: ⚠️ SALTANDO Producto ID=26589 - meta_cliente=461 !== user_id=350
[12-Jun-2026 00:48:15 UTC] MERC_DEBUG_PRODUCTOS: Producto ID=26931 titulo=Zapatillas meta_cliente=118 estado=sin_asignar stock=30
[12-Jun-2026 00:48:15 UTC] MERC_DEBUG_PRODUCTOS: ⚠️ SALTANDO Producto ID=26931 - meta_cliente=118 !== user_id=350
[12-Jun-2026 00:48:15 UTC] MERC_DEBUG_PRODUCTOS: 🎯 [FIN] Retornando 0 opciones filtradas para user_id=350 (desde 49 totales)
[12-Jun-2026 00:48:16 UTC] 🔔 [MERC_LOG] Inicializado logger diario: /var/www/html/wp-content/merc_logs/merc-debug-2026-06-12.log
[12-Jun-2026 00:48:16 UTC] 🔔 [MERC_LOG] Inicializado logger diario: /var/www/html/wp-content/merc_logs/merc-debug-2026-06-12.log
[12-Jun-2026 00:48:16 UTC] 🔔 [MERC_LOG] Inicializado logger diario: /var/www/html/wp-content/merc_logs/merc-debug-2026-06-12.log
[12-Jun-2026 00:48:16 UTC] 🔔 [MERC_LOG] Inicializado logger diario: /var/www/html/wp-content/merc_logs/merc-debug-2026-06-12.log
[12-Jun-2026 00:48:16 UTC] 🔔 [MERC_LOG] Inicializado logger diario: /var/www/html/wp-content/merc_logs/merc-debug-2026-06-12.log
[12-Jun-2026 00:48:16 UTC] 🔔 [MERC_LOG] Inicializado logger diario: /var/www/html/wp-content/merc_logs/merc-debug-2026-06-12.log
[12-Jun-2026 00:48:16 UTC] MERC_POD_DEBUG - shipmentID= context=syncMonto methods_count=0
[12-Jun-2026 00:48:16 UTC] MERC_POD_DEBUG - shipmentID= context=syncMonto methods_count=0
[12-Jun-2026 00:48:17 UTC] MERC_POD_DEBUG - shipmentID= context=syncMonto methods_count=0
[12-Jun-2026 00:48:17 UTC] MERC_POD_DEBUG - shipmentID= context=syncMonto methods_count=0
[12-Jun-2026 00:48:17 UTC] MERC_POD_DEBUG - shipmentID= context=syncMonto methods_count=0
[12-Jun-2026 00:48:17 UTC] MERC_POD_DEBUG - shipmentID= context=syncMonto methods_count=0
[12-Jun-2026 00:48:19 UTC] 🔔 [MERC_LOG] Inicializado logger diario: /var/www/html/wp-content/merc_logs/merc-debug-2026-06-12.log
[12-Jun-2026 00:48:19 UTC] MERC_DEBUG_PRODUCTOS: 🔍 [INICIO] Buscando productos para usuario: epech1207922609@gmail.com (ID: 413)
[12-Jun-2026 00:48:19 UTC] MERC_DEBUG_PRODUCTOS: ✅ Query devolvió 49 productos para user_id=413
[12-Jun-2026 00:48:19 UTC] MERC_DEBUG_PRODUCTOS: Producto ID=30209 titulo=AROMATIZADOR meta_cliente=461 estado=sin_asignar stock=4
[12-Jun-2026 00:48:19 UTC] MERC_DEBUG_PRODUCTOS: ⚠️ SALTANDO Producto ID=30209 - meta_cliente=461 !== user_id=413
[12-Jun-2026 00:48:19 UTC] MERC_DEBUG_PRODUCTOS: Producto ID=26620 titulo=BANGOVER LEVANTATE LAZARO meta_cliente=481 estado=sin_asignar stock=2
[12-Jun-2026 00:48:19 UTC] MERC_DEBUG_PRODUCTOS: ⚠️ SALTANDO Producto ID=26620 - meta_cliente=481 !== user_id=413
[12-Jun-2026 00:48:19 UTC] MERC_DEBUG_PRODUCTOS: Producto ID=21990 titulo=BLOQUEADOR COLLAGE A meta_cliente=103 estado=asignado stock=2
[12-Jun-2026 00:48:19 UTC] MERC_DEBUG_PRODUCTOS: ⚠️ SALTANDO Producto ID=21990 - meta_cliente=103 !== user_id=413
[12-Jun-2026 00:48:19 UTC] MERC_DEBUG_PRODUCTOS: Producto ID=29959 titulo=BLOQUEADOR COLLAGE B meta_cliente=103 estado=sin_asignar stock=1
[12-Jun-2026 00:48:19 UTC] MERC_DEBUG_PRODUCTOS: ⚠️ SALTANDO Producto ID=29959 - meta_cliente=103 !== user_id=413
[12-Jun-2026 00:48:19 UTC] MERC_DEBUG_PRODUCTOS: Producto ID=21993 titulo=BLOQUEADOR CURCUMA A meta_cliente=103 estado=sin_asignar stock=2
[12-Jun-2026 00:48:19 UTC] MERC_DEBUG_PRODUCTOS: ⚠️ SALTANDO Producto ID=21993 - meta_cliente=103 !== user_id=413
[12-Jun-2026 00:48:19 UTC] MERC_DEBUG_PRODUCTOS: Producto ID=21994 titulo=BLOQUEADOR CURCUMA B meta_cliente=103 estado=sin_asignar stock=2
[12-Jun-2026 00:48:19 UTC] MERC_DEBUG_PRODUCTOS: ⚠️ SALTANDO Producto ID=21994 - meta_cliente=103 !== user_id=413
[12-Jun-2026 00:48:19 UTC] MERC_DEBUG_PRODUCTOS: Producto ID=30212 titulo=BRILLA MAS meta_cliente=461 estado=sin_asignar stock=2
[12-Jun-2026 00:48:19 UTC] MERC_DEBUG_PRODUCTOS: ⚠️ SALTANDO Producto ID=30212 - meta_cliente=461 !== user_id=413
[12-Jun-2026 00:48:19 UTC] MERC_DEBUG_PRODUCTOS: Producto ID=20301 titulo=CACAO EN POLVO meta_cliente=288 estado=asignado stock=6
[12-Jun-2026 00:48:19 UTC] MERC_DEBUG_PRODUCTOS: ⚠️ SALTANDO Producto ID=20301 - meta_cliente=288 !== user_id=413
[12-Jun-2026 00:48:19 UTC] MERC_DEBUG_PRODUCTOS: Producto ID=20313 titulo=CACAO EN POLVO meta_cliente=288 estado=sin_asignar stock=1
[12-Jun-2026 00:48:19 UTC] MERC_DEBUG_PRODUCTOS: ⚠️ SALTANDO Producto ID=20313 - meta_cliente=288 !== user_id=413
[12-Jun-2026 00:48:19 UTC] MERC_DEBUG_PRODUCTOS: Producto ID=20311 titulo=CAFE EN POLVO meta_cliente=288 estado=sin_asignar stock=8
[12-Jun-2026 00:48:19 UTC] MERC_DEBUG_PRODUCTOS: ⚠️ SALTANDO Producto ID=20311 - meta_cliente=288 !== user_id=413
[12-Jun-2026 00:48:19 UTC] MERC_DEBUG_PRODUCTOS: Producto ID=26593 titulo=CANDIDA CLEANSE meta_cliente=136 estado=sin_asignar stock=4
[12-Jun-2026 00:48:19 UTC] MERC_DEBUG_PRODUCTOS: ⚠️ SALTANDO Producto ID=26593 - meta_cliente=136 !== user_id=413
[12-Jun-2026 00:48:19 UTC] MERC_DEBUG_PRODUCTOS: Producto ID=24815 titulo=CREMA HIDRATANTE meta_cliente=136 estado=sin_asignar stock=2
[12-Jun-2026 00:48:19 UTC] MERC_DEBUG_PRODUCTOS: ⚠️ SALTANDO Producto ID=24815 - meta_cliente=136 !== user_id=413
[12-Jun-2026 00:48:19 UTC] MERC_DEBUG_PRODUCTOS: Producto ID=7959 titulo=CREMA RETINOL meta_cliente=136 estado=sin_asignar stock=3
[12-Jun-2026 00:48:19 UTC] MERC_DEBUG_PRODUCTOS: ⚠️ SALTANDO Producto ID=7959 - meta_cliente=136 !== user_id=413
[12-Jun-2026 00:48:19 UTC] MERC_DEBUG_PRODUCTOS: Producto ID=7958 titulo=CREMA ROREC meta_cliente=136 estado=sin_asignar stock=2
[12-Jun-2026 00:48:19 UTC] MERC_DEBUG_PRODUCTOS: ⚠️ SALTANDO Producto ID=7958 - meta_cliente=136 !== user_id=413
[12-Jun-2026 00:48:19 UTC] MERC_DEBUG_PRODUCTOS: Producto ID=7955 titulo=DESPIGMENTANTE DE LABIOS meta_cliente=136 estado=sin_asignar stock=1
[12-Jun-2026 00:48:19 UTC] MERC_DEBUG_PRODUCTOS: ⚠️ SALTANDO Producto ID=7955 - meta_cliente=136 !== user_id=413
[12-Jun-2026 00:48:19 UTC] MERC_DEBUG_PRODUCTOS: Producto ID=7949 titulo=EXFOLIANTE DE ARROZ meta_cliente=136 estado=sin_asignar stock=37
[12-Jun-2026 00:48:19 UTC] MERC_DEBUG_PRODUCTOS: ⚠️ SALTANDO Producto ID=7949 - meta_cliente=136 !== user_id=413
[12-Jun-2026 00:48:19 UTC] MERC_DEBUG_PRODUCTOS: Producto ID=7956 titulo=EXFOLIANTE GEL meta_cliente=136 estado=sin_asignar stock=1
[12-Jun-2026 00:48:19 UTC] MERC_DEBUG_PRODUCTOS: ⚠️ SALTANDO Producto ID=7956 - meta_cliente=136 !== user_id=413
[12-Jun-2026 00:48:19 UTC] MERC_DEBUG_PRODUCTOS: Producto ID=26630 titulo=HAIR GROWTH meta_cliente=270 estado=sin_asignar stock=188
[12-Jun-2026 00:48:19 UTC] MERC_DEBUG_PRODUCTOS: ⚠️ SALTANDO Producto ID=26630 - meta_cliente=270 !== user_id=413
[12-Jun-2026 00:48:19 UTC] MERC_DEBUG_PRODUCTOS: Producto ID=9095 titulo=HERBALS & HEALTH meta_cliente=270 estado=sin_asignar stock=2
[12-Jun-2026 00:48:19 UTC] MERC_DEBUG_PRODUCTOS: ⚠️ SALTANDO Producto ID=9095 - meta_cliente=270 !== user_id=413
[12-Jun-2026 00:48:19 UTC] MERC_DEBUG_PRODUCTOS: Producto ID=7960 titulo=HUMECTANTE SAKURA meta_cliente=136 estado=sin_asignar stock=8
[12-Jun-2026 00:48:19 UTC] MERC_DEBUG_PRODUCTOS: ⚠️ SALTANDO Producto ID=7960 - meta_cliente=136 !== user_id=413
[12-Jun-2026 00:48:19 UTC] MERC_DEBUG_PRODUCTOS: Producto ID=7981 titulo=INFLADORES meta_cliente=145 estado=sin_asignar stock=57
[12-Jun-2026 00:48:19 UTC] MERC_DEBUG_PRODUCTOS: ⚠️ SALTANDO Producto ID=7981 - meta_cliente=145 !== user_id=413
[12-Jun-2026 00:48:19 UTC] MERC_DEBUG_PRODUCTOS: Producto ID=21989 titulo=jjjjjjjjj meta_cliente=429 estado=sin_asignar stock=45
[12-Jun-2026 00:48:19 UTC] MERC_DEBUG_PRODUCTOS: ⚠️ SALTANDO Producto ID=21989 - meta_cliente=429 !== user_id=413
[12-Jun-2026 00:48:19 UTC] MERC_DEBUG_PRODUCTOS: Producto ID=21998 titulo=LABIAL MAGICO meta_cliente=103 estado=sin_asignar stock=1
[12-Jun-2026 00:48:19 UTC] MERC_DEBUG_PRODUCTOS: ⚠️ SALTANDO Producto ID=21998 - meta_cliente=103 !== user_id=413
[12-Jun-2026 00:48:19 UTC] MERC_DEBUG_PRODUCTOS: Producto ID=30316 titulo=LAMPARA BLACK LARGA meta_cliente=145 estado=sin_asignar stock=3
[12-Jun-2026 00:48:19 UTC] MERC_DEBUG_PRODUCTOS: ⚠️ SALTANDO Producto ID=30316 - meta_cliente=145 !== user_id=413
[12-Jun-2026 00:48:19 UTC] MERC_DEBUG_PRODUCTOS: Producto ID=7995 titulo=LAMPARA CORTA BLACK meta_cliente=145 estado=sin_asignar stock=59
[12-Jun-2026 00:48:19 UTC] MERC_DEBUG_PRODUCTOS: ⚠️ SALTANDO Producto ID=7995 - meta_cliente=145 !== user_id=413
[12-Jun-2026 00:48:19 UTC] MERC_DEBUG_PRODUCTOS: Producto ID=7996 titulo=LAMPARA CORTA WHITE meta_cliente=145 estado=asignado stock=0
[12-Jun-2026 00:48:19 UTC] MERC_DEBUG_PRODUCTOS: ⚠️ SALTANDO Producto ID=7996 - meta_cliente=145 !== user_id=413
[12-Jun-2026 00:48:19 UTC] MERC_DEBUG_PRODUCTOS: Producto ID=7982 titulo=LAMPARA GOLD LARGA meta_cliente=145 estado=asignado stock=0
[12-Jun-2026 00:48:19 UTC] MERC_DEBUG_PRODUCTOS: ⚠️ SALTANDO Producto ID=7982 - meta_cliente=145 !== user_id=413
[12-Jun-2026 00:48:19 UTC] MERC_DEBUG_PRODUCTOS: Producto ID=7991 titulo=LAMPARA LARGA SILVER meta_cliente=145 estado=asignado stock=0
[12-Jun-2026 00:48:19 UTC] MERC_DEBUG_PRODUCTOS: ⚠️ SALTANDO Producto ID=7991 - meta_cliente=145 !== user_id=413
[12-Jun-2026 00:48:19 UTC] MERC_DEBUG_PRODUCTOS: Producto ID=7992 titulo=LAMPARA LARGA WHITE meta_cliente=145 estado=asignado stock=1
[12-Jun-2026 00:48:19 UTC] MERC_DEBUG_PRODUCTOS: ⚠️ SALTANDO Producto ID=7992 - meta_cliente=145 !== user_id=413
[12-Jun-2026 00:48:19 UTC] MERC_DEBUG_PRODUCTOS: Producto ID=24829 titulo=LAMPARA ROSE GOLD LARGA meta_cliente=145 estado=asignado stock=0
[12-Jun-2026 00:48:19 UTC] MERC_DEBUG_PRODUCTOS: ⚠️ SALTANDO Producto ID=24829 - meta_cliente=145 !== user_id=413
[12-Jun-2026 00:48:19 UTC] MERC_DEBUG_PRODUCTOS: Producto ID=26598 titulo=MAGNET CUBE ZONE 100 PIEZAS meta_cliente=201 estado=asignado stock=0
[12-Jun-2026 00:48:19 UTC] MERC_DEBUG_PRODUCTOS: ⚠️ SALTANDO Producto ID=26598 - meta_cliente=201 !== user_id=413
[12-Jun-2026 00:48:19 UTC] MERC_DEBUG_PRODUCTOS: Producto ID=28802 titulo=MAGNET CUBE ZONE 80 PIEZAS meta_cliente=201 estado=asignado stock=0
[12-Jun-2026 00:48:19 UTC] MERC_DEBUG_PRODUCTOS: ⚠️ SALTANDO Producto ID=28802 - meta_cliente=201 !== user_id=413
[12-Jun-2026 00:48:19 UTC] MERC_DEBUG_PRODUCTOS: Producto ID=26588 titulo=MEDINAIL SPRAY meta_cliente=461 estado=sin_asignar stock=4
[12-Jun-2026 00:48:19 UTC] MERC_DEBUG_PRODUCTOS: ⚠️ SALTANDO Producto ID=26588 - meta_cliente=461 !== user_id=413
[12-Jun-2026 00:48:19 UTC] MERC_DEBUG_PRODUCTOS: Producto ID=9098 titulo=NAD RESVERATROL meta_cliente=270 estado=sin_asignar stock=50
[12-Jun-2026 00:48:19 UTC] MERC_DEBUG_PRODUCTOS: ⚠️ SALTANDO Producto ID=9098 - meta_cliente=270 !== user_id=413
[12-Jun-2026 00:48:19 UTC] MERC_DEBUG_PRODUCTOS: Producto ID=28745 titulo=NEGRO MAGICO meta_cliente=461 estado=sin_asignar stock=5
[12-Jun-2026 00:48:19 UTC] MERC_DEBUG_PRODUCTOS: ⚠️ SALTANDO Producto ID=28745 - meta_cliente=461 !== user_id=413
[12-Jun-2026 00:48:19 UTC] MERC_DEBUG_PRODUCTOS: Producto ID=28748 titulo=NOURKRIN meta_cliente=461 estado=sin_asignar stock=2
[12-Jun-2026 00:48:19 UTC] MERC_DEBUG_PRODUCTOS: ⚠️ SALTANDO Producto ID=28748 - meta_cliente=461 !== user_id=413
[12-Jun-2026 00:48:19 UTC] MERC_DEBUG_PRODUCTOS: Producto ID=26581 titulo=PAÑOS DE TELA meta_cliente=461 estado=sin_asignar stock=19
[12-Jun-2026 00:48:19 UTC] MERC_DEBUG_PRODUCTOS: ⚠️ SALTANDO Producto ID=26581 - meta_cliente=461 !== user_id=413
[12-Jun-2026 00:48:19 UTC] MERC_DEBUG_PRODUCTOS: Producto ID=23119 titulo=PARLANTE ALEXA meta_cliente=85 estado=sin_asignar stock=3
[12-Jun-2026 00:48:19 UTC] MERC_DEBUG_PRODUCTOS: ⚠️ SALTANDO Producto ID=23119 - meta_cliente=85 !== user_id=413
[12-Jun-2026 00:48:19 UTC] MERC_DEBUG_PRODUCTOS: Producto ID=6914 titulo=PARLANTE ALEXA meta_cliente=85 estado=sin_asignar stock=4
[12-Jun-2026 00:48:19 UTC] MERC_DEBUG_PRODUCTOS: ⚠️ SALTANDO Producto ID=6914 - meta_cliente=85 !== user_id=413
[12-Jun-2026 00:48:19 UTC] MERC_DEBUG_PRODUCTOS: Producto ID=24382 titulo=PARLANTE ALEXA meta_cliente=85 estado=sin_asignar stock=1
[12-Jun-2026 00:48:19 UTC] MERC_DEBUG_PRODUCTOS: ⚠️ SALTANDO Producto ID=24382 - meta_cliente=85 !== user_id=413
[12-Jun-2026 00:48:19 UTC] MERC_DEBUG_PRODUCTOS: Producto ID=24380 titulo=PARLANTE ALEXA meta_cliente=85 estado=asignado stock=2
[12-Jun-2026 00:48:19 UTC] MERC_DEBUG_PRODUCTOS: ⚠️ SALTANDO Producto ID=24380 - meta_cliente=85 !== user_id=413
[12-Jun-2026 00:48:19 UTC] MERC_DEBUG_PRODUCTOS: Producto ID=26583 titulo=PROTECTOR ULTRA WAX meta_cliente=461 estado=sin_asignar stock=6
[12-Jun-2026 00:48:19 UTC] MERC_DEBUG_PRODUCTOS: ⚠️ SALTANDO Producto ID=26583 - meta_cliente=461 !== user_id=413
[12-Jun-2026 00:48:19 UTC] MERC_DEBUG_PRODUCTOS: Producto ID=30217 titulo=PULIMAX meta_cliente=461 estado=sin_asignar stock=12
[12-Jun-2026 00:48:19 UTC] MERC_DEBUG_PRODUCTOS: ⚠️ SALTANDO Producto ID=30217 - meta_cliente=461 !== user_id=413
[12-Jun-2026 00:48:19 UTC] MERC_DEBUG_PRODUCTOS: Producto ID=6879 titulo=SHAMPOO meta_cliente=91 estado=sin_asignar stock=9
[12-Jun-2026 00:48:19 UTC] MERC_DEBUG_PRODUCTOS: ⚠️ SALTANDO Producto ID=6879 - meta_cliente=91 !== user_id=413
[12-Jun-2026 00:48:19 UTC] MERC_DEBUG_PRODUCTOS: Producto ID=24821 titulo=SPRAY DEPILATORIO meta_cliente=136 estado=sin_asignar stock=25
[12-Jun-2026 00:48:19 UTC] MERC_DEBUG_PRODUCTOS: ⚠️ SALTANDO Producto ID=24821 - meta_cliente=136 !== user_id=413
[12-Jun-2026 00:48:19 UTC] MERC_DEBUG_PRODUCTOS: Producto ID=28704 titulo=TAPIZ CLEAN meta_cliente=461 estado=sin_asignar stock=4
[12-Jun-2026 00:48:19 UTC] MERC_DEBUG_PRODUCTOS: ⚠️ SALTANDO Producto ID=28704 - meta_cliente=461 !== user_id=413
[12-Jun-2026 00:48:19 UTC] MERC_DEBUG_PRODUCTOS: Producto ID=9096 titulo=ULTRA PURE meta_cliente=270 estado=sin_asignar stock=1
[12-Jun-2026 00:48:19 UTC] MERC_DEBUG_PRODUCTOS: ⚠️ SALTANDO Producto ID=9096 - meta_cliente=270 !== user_id=413
[12-Jun-2026 00:48:19 UTC] MERC_DEBUG_PRODUCTOS: Producto ID=26589 titulo=WART REMOVER meta_cliente=461 estado=sin_asignar stock=4
[12-Jun-2026 00:48:19 UTC] MERC_DEBUG_PRODUCTOS: ⚠️ SALTANDO Producto ID=26589 - meta_cliente=461 !== user_id=413
[12-Jun-2026 00:48:19 UTC] MERC_DEBUG_PRODUCTOS: Producto ID=26931 titulo=Zapatillas meta_cliente=118 estado=sin_asignar stock=30
[12-Jun-2026 00:48:19 UTC] MERC_DEBUG_PRODUCTOS: ⚠️ SALTANDO Producto ID=26931 - meta_cliente=118 !== user_id=413
[12-Jun-2026 00:48:19 UTC] MERC_DEBUG_PRODUCTOS: 🎯 [FIN] Retornando 0 opciones filtradas para user_id=413 (desde 49 totales)
[12-Jun-2026 00:48:20 UTC] 🔔 [MERC_LOG] Inicializado logger diario: /var/www/html/wp-content/merc_logs/merc-debug-2026-06-12.log
[12-Jun-2026 00:48:20 UTC] 🔔 [MERC_LOG] Inicializado logger diario: /var/www/html/wp-content/merc_logs/merc-debug-2026-06-12.log
[12-Jun-2026 00:48:20 UTC] 🔔 [MERC_LOG] Inicializado logger diario: /var/www/html/wp-content/merc_logs/merc-debug-2026-06-12.log
[12-Jun-2026 00:48:20 UTC] 🔔 [MERC_LOG] Inicializado logger diario: /var/www/html/wp-content/merc_logs/merc-debug-2026-06-12.log
[12-Jun-2026 00:48:20 UTC] 🔔 [MERC_LOG] Inicializado logger diario: /var/www/html/wp-content/merc_logs/merc-debug-2026-06-12.log
[12-Jun-2026 00:48:20 UTC] 🔔 [MERC_LOG] Inicializado logger diario: /var/www/html/wp-content/merc_logs/merc-debug-2026-06-12.log
[12-Jun-2026 00:48:20 UTC] MERC_POD_DEBUG - shipmentID= context=syncMonto methods_count=0
[12-Jun-2026 00:48:20 UTC] MERC_POD_DEBUG - shipmentID= context=syncMonto methods_count=0
[12-Jun-2026 00:48:20 UTC] MERC_POD_DEBUG - shipmentID= context=syncMonto methods_count=0
[12-Jun-2026 00:48:20 UTC] MERC_POD_DEBUG - shipmentID= context=syncMonto methods_count=0
[12-Jun-2026 00:48:20 UTC] MERC_POD_DEBUG - shipmentID= context=syncMonto methods_count=0
[12-Jun-2026 00:48:20 UTC] MERC_POD_DEBUG - shipmentID= context=syncMonto methods_count=0
[12-Jun-2026 00:48:25 UTC] 🔔 [MERC_LOG] Inicializado logger diario: /var/www/html/wp-content/merc_logs/merc-debug-2026-06-12.log
[12-Jun-2026 00:48:25 UTC] 🔔 [MERC_LOG] Inicializado logger diario: /var/www/html/wp-content/merc_logs/merc-debug-2026-06-12.log
[12-Jun-2026 00:48:25 UTC] 🔔 [MERC_LOG] Inicializado logger diario: /var/www/html/wp-content/merc_logs/merc-debug-2026-06-12.log
[12-Jun-2026 00:48:25 UTC] MERC_POD_DEBUG - shipmentID= context=syncMonto methods_count=0
[12-Jun-2026 00:48:25 UTC] MERC_POD_DEBUG - shipmentID= context=syncMonto methods_count=0
[12-Jun-2026 00:48:25 UTC] MERC_POD_DEBUG - shipmentID= context=syncMonto methods_count=0
[12-Jun-2026 00:48:26 UTC] 🔔 [MERC_LOG] Inicializado logger diario: /var/www/html/wp-content/merc_logs/merc-debug-2026-06-12.log
[12-Jun-2026 00:48:31 UTC] 🔔 [MERC_LOG] Inicializado logger diario: /var/www/html/wp-content/merc_logs/merc-debug-2026-06-12.log
[12-Jun-2026 00:48:31 UTC] 🔔 [MERC_LOG] Inicializado logger diario: /var/www/html/wp-content/merc_logs/merc-debug-2026-06-12.log
[12-Jun-2026 00:48:31 UTC] 🔔 [MERC_LOG] Inicializado logger diario: /var/www/html/wp-content/merc_logs/merc-debug-2026-06-12.log
[12-Jun-2026 00:48:31 UTC] MERC_POD_DEBUG - shipmentID= context=syncMonto methods_count=0
[12-Jun-2026 00:48:31 UTC] MERC_POD_DEBUG - shipmentID= context=syncMonto methods_count=0
[12-Jun-2026 00:48:31 UTC] MERC_POD_DEBUG - shipmentID= context=syncMonto methods_count=0
[12-Jun-2026 00:48:31 UTC] 🔔 [MERC_LOG] Inicializado logger diario: /var/www/html/wp-content/merc_logs/merc-debug-2026-06-12.log
[12-Jun-2026 00:49:29 UTC] 🔔 [MERC_LOG] Inicializado logger diario: /var/www/html/wp-content/merc_logs/merc-debug-2026-06-12.log
[12-Jun-2026 00:49:31 UTC] 🔔 [MERC_LOG] Inicializado logger diario: /var/www/html/wp-content/merc_logs/merc-debug-2026-06-12.log
[12-Jun-2026 00:49:32 UTC] 🔔 [MERC_LOG] Inicializado logger diario: /var/www/html/wp-content/merc_logs/merc-debug-2026-06-12.log
[12-Jun-2026 00:49:33 UTC] 🔔 [MERC_LOG] Inicializado logger diario: /var/www/html/wp-content/merc_logs/merc-debug-2026-06-12.log
[12-Jun-2026 00:49:34 UTC] 📝 [EDIT_FORM_LOAD] Envío #3527 | Tipo:  | Costo envío: 0
[12-Jun-2026 00:49:34 UTC] ⚠️ Tipo de envío no es full_fitment, saltando selector de productos
[12-Jun-2026 00:49:35 UTC] 📝 [EDIT_FORM_LOAD] Envío #3527 | Tipo:  | Costo envío: 0
[12-Jun-2026 00:49:35 UTC] ⚠️ Tipo de envío no es full_fitment, saltando selector de productos
[12-Jun-2026 00:49:35 UTC] 🔔 [MERC_LOG] Inicializado logger diario: /var/www/html/wp-content/merc_logs/merc-debug-2026-06-12.log
[12-Jun-2026 00:49:35 UTC] 🔔 [MERC_LOG] Inicializado logger diario: /var/www/html/wp-content/merc_logs/merc-debug-2026-06-12.log
[12-Jun-2026 00:49:35 UTC] 🔔 [MERC_LOG] Inicializado logger diario: /var/www/html/wp-content/merc_logs/merc-debug-2026-06-12.log
[12-Jun-2026 00:49:35 UTC] 🔔 [MERC_LOG] Inicializado logger diario: /var/www/html/wp-content/merc_logs/merc-debug-2026-06-12.log
[12-Jun-2026 00:49:35 UTC] 🔔 [MERC_LOG] Inicializado logger diario: /var/www/html/wp-content/merc_logs/merc-debug-2026-06-12.log
[12-Jun-2026 00:49:35 UTC] MERC_POD_DEBUG - shipmentID= context=syncMonto methods_count=0
[12-Jun-2026 00:49:35 UTC] 🔍 [AJAX] Consultando desbloqueo parcial para NORMAL
[12-Jun-2026 00:49:35 UTC]    Meta key: merc_desbloqueo_parcial_NORMAL
[12-Jun-2026 00:49:35 UTC]    Unlock info: ""
[12-Jun-2026 00:49:35 UTC]    Force date: 
[12-Jun-2026 00:49:35 UTC] MERC_POD_DEBUG - shipmentID= context=syncMonto methods_count=0
[12-Jun-2026 00:49:35 UTC] 🔄 [RESETEO DIARIO] Usuario 109 | Fecha: 2026-06-11
[12-Jun-2026 00:49:36 UTC] 🔔 [MERC_LOG] Inicializado logger diario: /var/www/html/wp-content/merc_logs/merc-debug-2026-06-12.log
[12-Jun-2026 00:49:36 UTC] 🔔 [MERC_LOG] Inicializado logger diario: /var/www/html/wp-content/merc_logs/merc-debug-2026-06-12.log
[12-Jun-2026 00:49:36 UTC] 🔔 [MERC_LOG] Inicializado logger diario: /var/www/html/wp-content/merc_logs/merc-debug-2026-06-12.log
[12-Jun-2026 00:49:36 UTC] 🔔 [MERC_LOG] Inicializado logger diario: /var/www/html/wp-content/merc_logs/merc-debug-2026-06-12.log
[12-Jun-2026 00:49:36 UTC] 🔔 [MERC_LOG] Inicializado logger diario: /var/www/html/wp-content/merc_logs/merc-debug-2026-06-12.log
[12-Jun-2026 00:49:36 UTC] 🔔 [MERC_LOG] Inicializado logger diario: /var/www/html/wp-content/merc_logs/merc-debug-2026-06-12.log
[12-Jun-2026 00:49:36 UTC] MERC_POD_DEBUG - shipmentID= context=syncMonto methods_count=0
[12-Jun-2026 00:49:36 UTC] MERC_POD_DEBUG - shipmentID= context=syncMonto methods_count=0
[12-Jun-2026 00:49:36 UTC] MERC_POD_DEBUG - shipmentID= context=syncMonto methods_count=0
[12-Jun-2026 00:49:36 UTC] 🔔 [MERC_LOG] Inicializado logger diario: /var/www/html/wp-content/merc_logs/merc-debug-2026-06-12.log
[12-Jun-2026 00:49:36 UTC] MERC_POD_DEBUG - shipmentID= context=syncMonto methods_count=0
[12-Jun-2026 00:49:36 UTC] MERC_POD_DEBUG - shipmentID= context=syncMonto methods_count=0
[12-Jun-2026 00:49:36 UTC] 🔔 [MERC_LOG] Inicializado logger diario: /var/www/html/wp-content/merc_logs/merc-debug-2026-06-12.log
[12-Jun-2026 00:49:36 UTC] MERC_POD_DEBUG - shipmentID= context=syncMonto methods_count=0
[12-Jun-2026 00:49:36 UTC] 🔔 [MERC_LOG] Inicializado logger diario: /var/www/html/wp-content/merc_logs/merc-debug-2026-06-12.log
[12-Jun-2026 00:49:36 UTC] 🔔 [MERC_LOG] Inicializado logger diario: /var/www/html/wp-content/merc_logs/merc-debug-2026-06-12.log
[12-Jun-2026 00:49:36 UTC] 🔔 [MERC_LOG] Inicializado logger diario: /var/www/html/wp-content/merc_logs/merc-debug-2026-06-12.log
[12-Jun-2026 00:49:36 UTC] 🔔 [MERC_LOG] Inicializado logger diario: /var/www/html/wp-content/merc_logs/merc-debug-2026-06-12.log
[12-Jun-2026 00:49:36 UTC] MERC_POD_DEBUG - shipmentID= context=syncMonto methods_count=0
[12-Jun-2026 00:49:36 UTC] MERC_POD_DEBUG - shipmentID= context=syncMonto methods_count=0
[12-Jun-2026 00:49:36 UTC] 🔔 [MERC_LOG] Inicializado logger diario: /var/www/html/wp-content/merc_logs/merc-debug-2026-06-12.log
[12-Jun-2026 00:49:36 UTC] MERC_POD_DEBUG - shipmentID= context=syncMonto methods_count=0
[12-Jun-2026 00:49:36 UTC] MERC_POD_DEBUG - shipmentID= context=syncMonto methods_count=0
[12-Jun-2026 00:49:36 UTC] MERC_POD_DEBUG - shipmentID= context=syncMonto methods_count=0
[12-Jun-2026 00:49:36 UTC] MERC_POD_DEBUG - shipmentID= context=syncMonto methods_count=0
[12-Jun-2026 00:49:46 UTC] 🔔 [MERC_LOG] Inicializado logger diario: /var/www/html/wp-content/merc_logs/merc-debug-2026-06-12.log
[12-Jun-2026 00:49:47 UTC] MERC_DEBUG_PRODUCTOS: 🔍 [INICIO] Buscando productos para usuario: La Gran Fresa Perú  (ID: 307)
[12-Jun-2026 00:49:47 UTC] MERC_DEBUG_PRODUCTOS: ✅ Query devolvió 49 productos para user_id=307
[12-Jun-2026 00:49:47 UTC] MERC_DEBUG_PRODUCTOS: Producto ID=30209 titulo=AROMATIZADOR meta_cliente=461 estado=sin_asignar stock=4
[12-Jun-2026 00:49:47 UTC] MERC_DEBUG_PRODUCTOS: ⚠️ SALTANDO Producto ID=30209 - meta_cliente=461 !== user_id=307
[12-Jun-2026 00:49:47 UTC] MERC_DEBUG_PRODUCTOS: Producto ID=26620 titulo=BANGOVER LEVANTATE LAZARO meta_cliente=481 estado=sin_asignar stock=2
[12-Jun-2026 00:49:47 UTC] MERC_DEBUG_PRODUCTOS: ⚠️ SALTANDO Producto ID=26620 - meta_cliente=481 !== user_id=307
[12-Jun-2026 00:49:47 UTC] MERC_DEBUG_PRODUCTOS: Producto ID=21990 titulo=BLOQUEADOR COLLAGE A meta_cliente=103 estado=asignado stock=2
[12-Jun-2026 00:49:47 UTC] MERC_DEBUG_PRODUCTOS: ⚠️ SALTANDO Producto ID=21990 - meta_cliente=103 !== user_id=307
[12-Jun-2026 00:49:47 UTC] MERC_DEBUG_PRODUCTOS: Producto ID=29959 titulo=BLOQUEADOR COLLAGE B meta_cliente=103 estado=sin_asignar stock=1
[12-Jun-2026 00:49:47 UTC] MERC_DEBUG_PRODUCTOS: ⚠️ SALTANDO Producto ID=29959 - meta_cliente=103 !== user_id=307
[12-Jun-2026 00:49:47 UTC] MERC_DEBUG_PRODUCTOS: Producto ID=21993 titulo=BLOQUEADOR CURCUMA A meta_cliente=103 estado=sin_asignar stock=2
[12-Jun-2026 00:49:47 UTC] MERC_DEBUG_PRODUCTOS: ⚠️ SALTANDO Producto ID=21993 - meta_cliente=103 !== user_id=307
[12-Jun-2026 00:49:47 UTC] MERC_DEBUG_PRODUCTOS: Producto ID=21994 titulo=BLOQUEADOR CURCUMA B meta_cliente=103 estado=sin_asignar stock=2
[12-Jun-2026 00:49:47 UTC] MERC_DEBUG_PRODUCTOS: ⚠️ SALTANDO Producto ID=21994 - meta_cliente=103 !== user_id=307
[12-Jun-2026 00:49:47 UTC] MERC_DEBUG_PRODUCTOS: Producto ID=30212 titulo=BRILLA MAS meta_cliente=461 estado=sin_asignar stock=2
[12-Jun-2026 00:49:47 UTC] MERC_DEBUG_PRODUCTOS: ⚠️ SALTANDO Producto ID=30212 - meta_cliente=461 !== user_id=307
[12-Jun-2026 00:49:47 UTC] MERC_DEBUG_PRODUCTOS: Producto ID=20301 titulo=CACAO EN POLVO meta_cliente=288 estado=asignado stock=6
[12-Jun-2026 00:49:47 UTC] MERC_DEBUG_PRODUCTOS: ⚠️ SALTANDO Producto ID=20301 - meta_cliente=288 !== user_id=307
[12-Jun-2026 00:49:47 UTC] MERC_DEBUG_PRODUCTOS: Producto ID=20313 titulo=CACAO EN POLVO meta_cliente=288 estado=sin_asignar stock=1
[12-Jun-2026 00:49:47 UTC] MERC_DEBUG_PRODUCTOS: ⚠️ SALTANDO Producto ID=20313 - meta_cliente=288 !== user_id=307
[12-Jun-2026 00:49:47 UTC] MERC_DEBUG_PRODUCTOS: Producto ID=20311 titulo=CAFE EN POLVO meta_cliente=288 estado=sin_asignar stock=8
[12-Jun-2026 00:49:47 UTC] MERC_DEBUG_PRODUCTOS: ⚠️ SALTANDO Producto ID=20311 - meta_cliente=288 !== user_id=307
[12-Jun-2026 00:49:47 UTC] MERC_DEBUG_PRODUCTOS: Producto ID=26593 titulo=CANDIDA CLEANSE meta_cliente=136 estado=sin_asignar stock=4
[12-Jun-2026 00:49:47 UTC] MERC_DEBUG_PRODUCTOS: ⚠️ SALTANDO Producto ID=26593 - meta_cliente=136 !== user_id=307
[12-Jun-2026 00:49:47 UTC] MERC_DEBUG_PRODUCTOS: Producto ID=24815 titulo=CREMA HIDRATANTE meta_cliente=136 estado=sin_asignar stock=2
[12-Jun-2026 00:49:47 UTC] MERC_DEBUG_PRODUCTOS: ⚠️ SALTANDO Producto ID=24815 - meta_cliente=136 !== user_id=307
[12-Jun-2026 00:49:47 UTC] MERC_DEBUG_PRODUCTOS: Producto ID=7959 titulo=CREMA RETINOL meta_cliente=136 estado=sin_asignar stock=3
[12-Jun-2026 00:49:47 UTC] MERC_DEBUG_PRODUCTOS: ⚠️ SALTANDO Producto ID=7959 - meta_cliente=136 !== user_id=307
[12-Jun-2026 00:49:47 UTC] MERC_DEBUG_PRODUCTOS: Producto ID=7958 titulo=CREMA ROREC meta_cliente=136 estado=sin_asignar stock=2
[12-Jun-2026 00:49:47 UTC] MERC_DEBUG_PRODUCTOS: ⚠️ SALTANDO Producto ID=7958 - meta_cliente=136 !== user_id=307
[12-Jun-2026 00:49:47 UTC] MERC_DEBUG_PRODUCTOS: Producto ID=7955 titulo=DESPIGMENTANTE DE LABIOS meta_cliente=136 estado=sin_asignar stock=1
[12-Jun-2026 00:49:47 UTC] MERC_DEBUG_PRODUCTOS: ⚠️ SALTANDO Producto ID=7955 - meta_cliente=136 !== user_id=307
[12-Jun-2026 00:49:47 UTC] MERC_DEBUG_PRODUCTOS: Producto ID=7949 titulo=EXFOLIANTE DE ARROZ meta_cliente=136 estado=sin_asignar stock=37
[12-Jun-2026 00:49:47 UTC] MERC_DEBUG_PRODUCTOS: ⚠️ SALTANDO Producto ID=7949 - meta_cliente=136 !== user_id=307
[12-Jun-2026 00:49:47 UTC] MERC_DEBUG_PRODUCTOS: Producto ID=7956 titulo=EXFOLIANTE GEL meta_cliente=136 estado=sin_asignar stock=1
[12-Jun-2026 00:49:47 UTC] MERC_DEBUG_PRODUCTOS: ⚠️ SALTANDO Producto ID=7956 - meta_cliente=136 !== user_id=307
[12-Jun-2026 00:49:47 UTC] MERC_DEBUG_PRODUCTOS: Producto ID=26630 titulo=HAIR GROWTH meta_cliente=270 estado=sin_asignar stock=188
[12-Jun-2026 00:49:47 UTC] MERC_DEBUG_PRODUCTOS: ⚠️ SALTANDO Producto ID=26630 - meta_cliente=270 !== user_id=307
[12-Jun-2026 00:49:47 UTC] MERC_DEBUG_PRODUCTOS: Producto ID=9095 titulo=HERBALS & HEALTH meta_cliente=270 estado=sin_asignar stock=2
[12-Jun-2026 00:49:47 UTC] MERC_DEBUG_PRODUCTOS: ⚠️ SALTANDO Producto ID=9095 - meta_cliente=270 !== user_id=307
[12-Jun-2026 00:49:47 UTC] MERC_DEBUG_PRODUCTOS: Producto ID=7960 titulo=HUMECTANTE SAKURA meta_cliente=136 estado=sin_asignar stock=8
[12-Jun-2026 00:49:47 UTC] MERC_DEBUG_PRODUCTOS: ⚠️ SALTANDO Producto ID=7960 - meta_cliente=136 !== user_id=307
[12-Jun-2026 00:49:47 UTC] MERC_DEBUG_PRODUCTOS: Producto ID=7981 titulo=INFLADORES meta_cliente=145 estado=sin_asignar stock=57
[12-Jun-2026 00:49:47 UTC] MERC_DEBUG_PRODUCTOS: ⚠️ SALTANDO Producto ID=7981 - meta_cliente=145 !== user_id=307
[12-Jun-2026 00:49:47 UTC] MERC_DEBUG_PRODUCTOS: Producto ID=21989 titulo=jjjjjjjjj meta_cliente=429 estado=sin_asignar stock=45
[12-Jun-2026 00:49:47 UTC] MERC_DEBUG_PRODUCTOS: ⚠️ SALTANDO Producto ID=21989 - meta_cliente=429 !== user_id=307
[12-Jun-2026 00:49:47 UTC] MERC_DEBUG_PRODUCTOS: Producto ID=21998 titulo=LABIAL MAGICO meta_cliente=103 estado=sin_asignar stock=1
[12-Jun-2026 00:49:47 UTC] MERC_DEBUG_PRODUCTOS: ⚠️ SALTANDO Producto ID=21998 - meta_cliente=103 !== user_id=307
[12-Jun-2026 00:49:47 UTC] MERC_DEBUG_PRODUCTOS: Producto ID=30316 titulo=LAMPARA BLACK LARGA meta_cliente=145 estado=sin_asignar stock=3
[12-Jun-2026 00:49:47 UTC] MERC_DEBUG_PRODUCTOS: ⚠️ SALTANDO Producto ID=30316 - meta_cliente=145 !== user_id=307
[12-Jun-2026 00:49:47 UTC] MERC_DEBUG_PRODUCTOS: Producto ID=7995 titulo=LAMPARA CORTA BLACK meta_cliente=145 estado=sin_asignar stock=59
[12-Jun-2026 00:49:47 UTC] MERC_DEBUG_PRODUCTOS: ⚠️ SALTANDO Producto ID=7995 - meta_cliente=145 !== user_id=307
[12-Jun-2026 00:49:47 UTC] MERC_DEBUG_PRODUCTOS: Producto ID=7996 titulo=LAMPARA CORTA WHITE meta_cliente=145 estado=asignado stock=0
[12-Jun-2026 00:49:47 UTC] MERC_DEBUG_PRODUCTOS: ⚠️ SALTANDO Producto ID=7996 - meta_cliente=145 !== user_id=307
[12-Jun-2026 00:49:47 UTC] MERC_DEBUG_PRODUCTOS: Producto ID=7982 titulo=LAMPARA GOLD LARGA meta_cliente=145 estado=asignado stock=0
[12-Jun-2026 00:49:47 UTC] MERC_DEBUG_PRODUCTOS: ⚠️ SALTANDO Producto ID=7982 - meta_cliente=145 !== user_id=307
[12-Jun-2026 00:49:47 UTC] MERC_DEBUG_PRODUCTOS: Producto ID=7991 titulo=LAMPARA LARGA SILVER meta_cliente=145 estado=asignado stock=0
[12-Jun-2026 00:49:47 UTC] MERC_DEBUG_PRODUCTOS: ⚠️ SALTANDO Producto ID=7991 - meta_cliente=145 !== user_id=307
[12-Jun-2026 00:49:47 UTC] MERC_DEBUG_PRODUCTOS: Producto ID=7992 titulo=LAMPARA LARGA WHITE meta_cliente=145 estado=asignado stock=1
[12-Jun-2026 00:49:47 UTC] MERC_DEBUG_PRODUCTOS: ⚠️ SALTANDO Producto ID=7992 - meta_cliente=145 !== user_id=307
[12-Jun-2026 00:49:47 UTC] MERC_DEBUG_PRODUCTOS: Producto ID=24829 titulo=LAMPARA ROSE GOLD LARGA meta_cliente=145 estado=asignado stock=0
[12-Jun-2026 00:49:47 UTC] MERC_DEBUG_PRODUCTOS: ⚠️ SALTANDO Producto ID=24829 - meta_cliente=145 !== user_id=307
[12-Jun-2026 00:49:47 UTC] MERC_DEBUG_PRODUCTOS: Producto ID=26598 titulo=MAGNET CUBE ZONE 100 PIEZAS meta_cliente=201 estado=asignado stock=0
[12-Jun-2026 00:49:47 UTC] MERC_DEBUG_PRODUCTOS: ⚠️ SALTANDO Producto ID=26598 - meta_cliente=201 !== user_id=307
[12-Jun-2026 00:49:47 UTC] MERC_DEBUG_PRODUCTOS: Producto ID=28802 titulo=MAGNET CUBE ZONE 80 PIEZAS meta_cliente=201 estado=asignado stock=0
[12-Jun-2026 00:49:47 UTC] MERC_DEBUG_PRODUCTOS: ⚠️ SALTANDO Producto ID=28802 - meta_cliente=201 !== user_id=307
[12-Jun-2026 00:49:47 UTC] MERC_DEBUG_PRODUCTOS: Producto ID=26588 titulo=MEDINAIL SPRAY meta_cliente=461 estado=sin_asignar stock=4
[12-Jun-2026 00:49:47 UTC] MERC_DEBUG_PRODUCTOS: ⚠️ SALTANDO Producto ID=26588 - meta_cliente=461 !== user_id=307
[12-Jun-2026 00:49:47 UTC] MERC_DEBUG_PRODUCTOS: Producto ID=9098 titulo=NAD RESVERATROL meta_cliente=270 estado=sin_asignar stock=50
[12-Jun-2026 00:49:47 UTC] MERC_DEBUG_PRODUCTOS: ⚠️ SALTANDO Producto ID=9098 - meta_cliente=270 !== user_id=307
[12-Jun-2026 00:49:47 UTC] MERC_DEBUG_PRODUCTOS: Producto ID=28745 titulo=NEGRO MAGICO meta_cliente=461 estado=sin_asignar stock=5
[12-Jun-2026 00:49:47 UTC] MERC_DEBUG_PRODUCTOS: ⚠️ SALTANDO Producto ID=28745 - meta_cliente=461 !== user_id=307
[12-Jun-2026 00:49:47 UTC] MERC_DEBUG_PRODUCTOS: Producto ID=28748 titulo=NOURKRIN meta_cliente=461 estado=sin_asignar stock=2
[12-Jun-2026 00:49:47 UTC] MERC_DEBUG_PRODUCTOS: ⚠️ SALTANDO Producto ID=28748 - meta_cliente=461 !== user_id=307
[12-Jun-2026 00:49:47 UTC] MERC_DEBUG_PRODUCTOS: Producto ID=26581 titulo=PAÑOS DE TELA meta_cliente=461 estado=sin_asignar stock=19
[12-Jun-2026 00:49:47 UTC] MERC_DEBUG_PRODUCTOS: ⚠️ SALTANDO Producto ID=26581 - meta_cliente=461 !== user_id=307
[12-Jun-2026 00:49:47 UTC] MERC_DEBUG_PRODUCTOS: Producto ID=23119 titulo=PARLANTE ALEXA meta_cliente=85 estado=sin_asignar stock=3
[12-Jun-2026 00:49:47 UTC] MERC_DEBUG_PRODUCTOS: ⚠️ SALTANDO Producto ID=23119 - meta_cliente=85 !== user_id=307
[12-Jun-2026 00:49:47 UTC] MERC_DEBUG_PRODUCTOS: Producto ID=6914 titulo=PARLANTE ALEXA meta_cliente=85 estado=sin_asignar stock=4
[12-Jun-2026 00:49:47 UTC] MERC_DEBUG_PRODUCTOS: ⚠️ SALTANDO Producto ID=6914 - meta_cliente=85 !== user_id=307
[12-Jun-2026 00:49:47 UTC] MERC_DEBUG_PRODUCTOS: Producto ID=24382 titulo=PARLANTE ALEXA meta_cliente=85 estado=sin_asignar stock=1
[12-Jun-2026 00:49:47 UTC] MERC_DEBUG_PRODUCTOS: ⚠️ SALTANDO Producto ID=24382 - meta_cliente=85 !== user_id=307
[12-Jun-2026 00:49:47 UTC] MERC_DEBUG_PRODUCTOS: Producto ID=24380 titulo=PARLANTE ALEXA meta_cliente=85 estado=asignado stock=2
[12-Jun-2026 00:49:47 UTC] MERC_DEBUG_PRODUCTOS: ⚠️ SALTANDO Producto ID=24380 - meta_cliente=85 !== user_id=307
[12-Jun-2026 00:49:47 UTC] MERC_DEBUG_PRODUCTOS: Producto ID=26583 titulo=PROTECTOR ULTRA WAX meta_cliente=461 estado=sin_asignar stock=6
[12-Jun-2026 00:49:47 UTC] MERC_DEBUG_PRODUCTOS: ⚠️ SALTANDO Producto ID=26583 - meta_cliente=461 !== user_id=307
[12-Jun-2026 00:49:47 UTC] MERC_DEBUG_PRODUCTOS: Producto ID=30217 titulo=PULIMAX meta_cliente=461 estado=sin_asignar stock=12
[12-Jun-2026 00:49:47 UTC] MERC_DEBUG_PRODUCTOS: ⚠️ SALTANDO Producto ID=30217 - meta_cliente=461 !== user_id=307
[12-Jun-2026 00:49:47 UTC] MERC_DEBUG_PRODUCTOS: Producto ID=6879 titulo=SHAMPOO meta_cliente=91 estado=sin_asignar stock=9
[12-Jun-2026 00:49:47 UTC] MERC_DEBUG_PRODUCTOS: ⚠️ SALTANDO Producto ID=6879 - meta_cliente=91 !== user_id=307
[12-Jun-2026 00:49:47 UTC] MERC_DEBUG_PRODUCTOS: Producto ID=24821 titulo=SPRAY DEPILATORIO meta_cliente=136 estado=sin_asignar stock=25
[12-Jun-2026 00:49:47 UTC] MERC_DEBUG_PRODUCTOS: ⚠️ SALTANDO Producto ID=24821 - meta_cliente=136 !== user_id=307
[12-Jun-2026 00:49:47 UTC] MERC_DEBUG_PRODUCTOS: Producto ID=28704 titulo=TAPIZ CLEAN meta_cliente=461 estado=sin_asignar stock=4
[12-Jun-2026 00:49:47 UTC] MERC_DEBUG_PRODUCTOS: ⚠️ SALTANDO Producto ID=28704 - meta_cliente=461 !== user_id=307
[12-Jun-2026 00:49:47 UTC] MERC_DEBUG_PRODUCTOS: Producto ID=9096 titulo=ULTRA PURE meta_cliente=270 estado=sin_asignar stock=1
[12-Jun-2026 00:49:47 UTC] MERC_DEBUG_PRODUCTOS: ⚠️ SALTANDO Producto ID=9096 - meta_cliente=270 !== user_id=307
[12-Jun-2026 00:49:47 UTC] MERC_DEBUG_PRODUCTOS: Producto ID=26589 titulo=WART REMOVER meta_cliente=461 estado=sin_asignar stock=4
[12-Jun-2026 00:49:47 UTC] MERC_DEBUG_PRODUCTOS: ⚠️ SALTANDO Producto ID=26589 - meta_cliente=461 !== user_id=307
[12-Jun-2026 00:49:47 UTC] MERC_DEBUG_PRODUCTOS: Producto ID=26931 titulo=Zapatillas meta_cliente=118 estado=sin_asignar stock=30
[12-Jun-2026 00:49:47 UTC] MERC_DEBUG_PRODUCTOS: ⚠️ SALTANDO Producto ID=26931 - meta_cliente=118 !== user_id=307
[12-Jun-2026 00:49:47 UTC] MERC_DEBUG_PRODUCTOS: 🎯 [FIN] Retornando 0 opciones filtradas para user_id=307 (desde 49 totales)
[12-Jun-2026 00:49:47 UTC] 🔔 [MERC_LOG] Inicializado logger diario: /var/www/html/wp-content/merc_logs/merc-debug-2026-06-12.log
[12-Jun-2026 00:49:47 UTC] 🔔 [MERC_LOG] Inicializado logger diario: /var/www/html/wp-content/merc_logs/merc-debug-2026-06-12.log
[12-Jun-2026 00:49:47 UTC] 🔔 [MERC_LOG] Inicializado logger diario: /var/www/html/wp-content/merc_logs/merc-debug-2026-06-12.log
[12-Jun-2026 00:49:47 UTC] 🔔 [MERC_LOG] Inicializado logger diario: /var/www/html/wp-content/merc_logs/merc-debug-2026-06-12.log
[12-Jun-2026 00:49:47 UTC] 🔔 [MERC_LOG] Inicializado logger diario: /var/www/html/wp-content/merc_logs/merc-debug-2026-06-12.log
[12-Jun-2026 00:49:47 UTC] 🔔 [MERC_LOG] Inicializado logger diario: /var/www/html/wp-content/merc_logs/merc-debug-2026-06-12.log
[12-Jun-2026 00:49:47 UTC] MERC_POD_DEBUG - shipmentID= context=syncMonto methods_count=0
[12-Jun-2026 00:49:47 UTC] MERC_POD_DEBUG - shipmentID= context=syncMonto methods_count=0
[12-Jun-2026 00:49:47 UTC] MERC_POD_DEBUG - shipmentID= context=syncMonto methods_count=0
[12-Jun-2026 00:49:47 UTC] MERC_POD_DEBUG - shipmentID= context=syncMonto methods_count=0
[12-Jun-2026 00:49:47 UTC] MERC_POD_DEBUG - shipmentID= context=syncMonto methods_count=0
[12-Jun-2026 00:49:47 UTC] MERC_POD_DEBUG - shipmentID= context=syncMonto methods_count=0
[12-Jun-2026 00:49:47 UTC] 🔔 [MERC_LOG] Inicializado logger diario: /var/www/html/wp-content/merc_logs/merc-debug-2026-06-12.log
[12-Jun-2026 00:49:53 UTC] 🔔 [MERC_LOG] Inicializado logger diario: /var/www/html/wp-content/merc_logs/merc-debug-2026-06-12.log
[12-Jun-2026 00:49:53 UTC] 🔔 [MERC_LOG] Inicializado logger diario: /var/www/html/wp-content/merc_logs/merc-debug-2026-06-12.log
[12-Jun-2026 00:49:53 UTC] 🔔 [MERC_LOG] Inicializado logger diario: /var/www/html/wp-content/merc_logs/merc-debug-2026-06-12.log
[12-Jun-2026 00:49:53 UTC] 🔔 [MERC_LOG] Inicializado logger diario: /var/www/html/wp-content/merc_logs/merc-debug-2026-06-12.log
[12-Jun-2026 00:49:53 UTC] MERC_POD_DEBUG - shipmentID= context=syncMonto methods_count=0
[12-Jun-2026 00:49:53 UTC] MERC_POD_DEBUG - shipmentID= context=syncMonto methods_count=0
[12-Jun-2026 00:49:53 UTC] MERC_POD_DEBUG - shipmentID= context=syncMonto methods_count=0
[12-Jun-2026 00:49:53 UTC] MERC_POD_DEBUG - shipmentID= context=syncMonto methods_count=0
[12-Jun-2026 00:49:53 UTC] 🔔 [MERC_LOG] Inicializado logger diario: /var/www/html/wp-content/merc_logs/merc-debug-2026-06-12.log
[12-Jun-2026 00:49:54 UTC] 🔔 [MERC_LOG] Inicializado logger diario: /var/www/html/wp-content/merc_logs/merc-debug-2026-06-12.log
[12-Jun-2026 00:49:54 UTC] 🔔 [MERC_LOG] Inicializado logger diario: /var/www/html/wp-content/merc_logs/merc-debug-2026-06-12.log
[12-Jun-2026 00:49:54 UTC] 🔔 [MERC_LOG] Inicializado logger diario: /var/www/html/wp-content/merc_logs/merc-debug-2026-06-12.log
[12-Jun-2026 00:49:54 UTC] MERC_POD_DEBUG - shipmentID= context=syncMonto methods_count=0
[12-Jun-2026 00:49:54 UTC] MERC_POD_DEBUG - shipmentID= context=syncMonto methods_count=0
[12-Jun-2026 00:49:54 UTC] MERC_POD_DEBUG - shipmentID= context=syncMonto methods_count=0
[12-Jun-2026 00:49:55 UTC] 🔔 [MERC_LOG] Inicializado logger diario: /var/www/html/wp-content/merc_logs/merc-debug-2026-06-12.log
[12-Jun-2026 00:50:33 UTC] 🔔 [MERC_LOG] Inicializado logger diario: /var/www/html/wp-content/merc_logs/merc-debug-2026-06-12.log
[12-Jun-2026 00:50:33 UTC] 🔒 [PRE-INSERT] Verificando unicidad de tracking: MERC-010455
[12-Jun-2026 00:50:33 UTC] ✅ [PRE-INSERT] Tracking único: MERC-010455
[12-Jun-2026 00:50:33 UTC] 🔄 [guardar_tipo_envio_shipment] INICIADO - post_id: 31880
[12-Jun-2026 00:50:33 UTC]    post_type: wpcargo_shipment
[12-Jun-2026 00:50:33 UTC]    ✅ Es wpcargo_shipment, continuando...
[12-Jun-2026 00:50:33 UTC] 📌 guardar_tipo_envio - GET[type]: normal
[12-Jun-2026 00:50:33 UTC] ✅ guardar_tipo_envio ÉXITO - ID: 31880 | Tipo: normal
[12-Jun-2026 00:50:33 UTC] 🔍 VERIFICANDO DECREMENTO: Cliente #109 | Envío #31880 | Fecha desbloqueo: 2026-02-25 | Hoy: 2026-06-11 | Envíos permitidos: 9999
[12-Jun-2026 00:50:33 UTC] ❌ NO SE DECREMENTA: Desbloqueo no activo o sin envíos permitidos
[12-Jun-2026 00:50:33 UTC] ✅ Iniciando guardado de producto para envío #31880
[12-Jun-2026 00:50:33 UTC]    📝 Tipo obtenido desde REQUEST[type]: normal
[12-Jun-2026 00:50:33 UTC] 📦 Datos recibidos - Producto ID: 0, Cantidad: 1, Tipo: 'normal', Es Full Fitment: NO
[12-Jun-2026 00:50:33 UTC] 🔍 ASIGNACIÓN ESTADO - Iniciando para envío #31880
[12-Jun-2026 00:50:33 UTC]    ✅ Tipo ya estaba en meta: normal
[12-Jun-2026 00:50:33 UTC]    Tipo normalizado: 'normal'
[12-Jun-2026 00:50:33 UTC] 📦 MERC EMPRENDEDOR detectado
[12-Jun-2026 00:50:33 UTC]    Estados de recojo configurados: 1
[12-Jun-2026 00:50:33 UTC]    Primer estado de recojo: 'PENDIENTE'
[12-Jun-2026 00:50:33 UTC] ✅ ASIGNACIÓN ESTADO - EMPRENDEDOR detectado: '' → 'PENDIENTE' (verificado: 'PENDIENTE')
[12-Jun-2026 00:50:33 UTC] 🔍 Full Fitment verificación #31880 - Tipo: 'normal' -> Es full fitment: NO
[12-Jun-2026 00:50:33 UTC] ⏭️ Full Fitment #31880 - NO es full fitment, saltando
[12-Jun-2026 00:50:33 UTC] 🔔 [HOOK_TRIGGERED] save_financial_data() ejecutado para envío #31880
[12-Jun-2026 00:50:33 UTC] 🔍 [MERC_SAVE_CHECK] Verificando si merc_producto_id existe en POST...
[12-Jun-2026 00:50:33 UTC] 📮 [POST_DUMP] POST keys: ["wpcfe_add_form_fields","_wp_http_referer","wpcargo_tiendaname","wpcargo_shipper_phone","wpcargo_shipper_address","wpcargo_distrito_recojo","link_maps_remitente","wpcargo_receiver_name","wpcargo_receiver_phone","wpcargo_receiver_address","wpcargo_distrito_destino","link_maps","payment_wpcargo_mode_field","monto","wpcargo_pickup_date_picker","wpcargo_pickup_date_picker_submit","wpcargo_comments","cambio_producto","tipo_envio","wpcargo_costo_producto","wpcargo_costo_envio","wpcargo_total_cobrar","wpcargo_cargo_remitente","registered_shipper","agent_fields","wpcargo_employee","wpcargo_driver","wpcargo_motorizo_recojo","wpcargo_motorizo_entrega","date","date_submit","time","status","remarks"]
[12-Jun-2026 00:50:33 UTC] ⚠️ [MERC_SAVE] Envío #31880 - merc_producto_id NO está en POST
[12-Jun-2026 00:50:33 UTC] 💰 [SAVE_FINANCIAL] === GUARDANDO DATOS FINANCIEROS - Envío #31880 ===
[12-Jun-2026 00:50:33 UTC] 💰 [SAVE_FINANCIAL] Costo producto desde POST: 0
[12-Jun-2026 00:50:33 UTC] 💰 [SAVE_FINANCIAL] Costo envío desde POST: 0
[12-Jun-2026 00:50:33 UTC] 💰 [SAVE_FINANCIAL] Distrito destino: La Molina
[12-Jun-2026 00:50:33 UTC] 💰 [SAVE_FINANCIAL] Costo envío GUARDADO en meta: 0
[12-Jun-2026 00:50:33 UTC] 💰 [SAVE_FINANCIAL] Cargo remitente desde POST: 0
[12-Jun-2026 00:50:33 UTC] 💰 [SAVE_FINANCIAL] === FIN GUARDADO DATOS FINANCIEROS ===
[12-Jun-2026 00:50:33 UTC] 🔍 [SAVE_FINANCIAL] Verificación inmediata - Costo envío en DB: 0
[12-Jun-2026 00:50:33 UTC] ✅ [MERC_FORCE_DECIMAL] Shipment #31880 wpcargo_total_cobrar forced to 0.00
[12-Jun-2026 00:50:33 UTC] 🔍 AUTO-ASIGNACIÓN INICIADA - Envío #31880
[12-Jun-2026 00:50:33 UTC] 📦 AUTO-ASIGNACIÓN - Tipo de envío: normal
[12-Jun-2026 00:50:33 UTC] 🎯 AUTO-ASIGNACIÓN - EMPRENDEDOR detectado, distrito recojo: San Borja → contenedor de RECOJO
[12-Jun-2026 00:50:33 UTC] ✅ Auto-asignación - Envío #31880: shipment_container_recojo #3731 asignado
[12-Jun-2026 00:50:33 UTC] 📍 Auto-asignación EMPRENDEDOR - Validando contenedores para RECOJO y ENTREGA...
[12-Jun-2026 00:50:33 UTC] 📍 Auto-asignación EMPRENDEDOR - Asignando contenedor de ENTREGA para: La Molina
[12-Jun-2026 00:50:33 UTC] ✅ Auto-asignación EMPRENDEDOR - Envío #31880: shipment_container_entrega #3731 asignado para entrega en La Molina
[12-Jun-2026 00:50:33 UTC] 🔍 VERIFICACIÓN - shipment_container_entrega para envío #31880: ✅ Encontrado en BD: 3731
[12-Jun-2026 00:50:33 UTC] 💾 [DUAL_MOTORIZADO_SAVE] Guardando motorizado dual para envío #31880
[12-Jun-2026 00:50:33 UTC]    📬 POST keys disponibles: wpcfe_add_form_fields, _wp_http_referer, wpcargo_tiendaname, wpcargo_shipper_phone, wpcargo_shipper_address, wpcargo_distrito_recojo, link_maps_remitente, wpcargo_receiver_name, wpcargo_receiver_phone, wpcargo_receiver_address, wpcargo_distrito_destino, link_maps, payment_wpcargo_mode_field, monto, wpcargo_pickup_date_picker, wpcargo_pickup_date_picker_submit, wpcargo_comments, cambio_producto, tipo_envio, wpcargo_costo_producto, wpcargo_costo_envio, wpcargo_total_cobrar, wpcargo_cargo_remitente, registered_shipper, agent_fields, wpcargo_employee, wpcargo_driver, wpcargo_motorizo_recojo, wpcargo_motorizo_entrega, date, date_submit, time, status, remarks
[12-Jun-2026 00:50:33 UTC]       ✔️  Guardado: wpcargo_motorizo_recojo = 190
[12-Jun-2026 00:50:33 UTC]    ✅ wpcargo_motorizo_entrega = 120
[12-Jun-2026 00:50:33 UTC]       ✔️  Guardado: wpcargo_motorizo_entrega = 120
[12-Jun-2026 00:50:33 UTC]    🔍 Tipo: 'normal' | Estado actual del envío: 'PENDIENTE'
[12-Jun-2026 00:50:33 UTC]    🔄 Sincronizado: wpcargo_driver = 190 (desde recojo - estado: PENDIENTE)
[12-Jun-2026 00:50:33 UTC]    ✅ [DUAL_MOTORIZADO_SAVE] COMPLETADO
[12-Jun-2026 00:50:33 UTC] 🔚 [FINAL_VERIFICATION] Envío #31880 | Tipo: normal | Distrito:  | Costo: 0
[12-Jun-2026 00:50:33 UTC] 🔚 [FINAL_VERIFICATION] Envío #31880 | Tipo: normal | Distrito:  | Costo FINAL: 0
[12-Jun-2026 00:50:34 UTC] 🔄 [guardar_tipo_envio_shipment] INICIADO - post_id: 31880
[12-Jun-2026 00:50:34 UTC]    post_type: wpcargo_shipment
[12-Jun-2026 00:50:34 UTC]    ✅ Es wpcargo_shipment, continuando...
[12-Jun-2026 00:50:34 UTC] 📌 guardar_tipo_envio - GET[type]: normal
[12-Jun-2026 00:50:34 UTC] ✅ guardar_tipo_envio ÉXITO - ID: 31880 | Tipo: normal
[12-Jun-2026 00:50:34 UTC] PHP Warning:  Undefined array key "location" in /var/www/html/wp-content/plugins/wpcargo-frontend-manager/admin/includes/hooks.php on line 733
[12-Jun-2026 00:50:34 UTC] 
🎯 [HOOK: after_wpcfe_save_shipment] DISPARADO para envío #31880
[12-Jun-2026 00:50:34 UTC] 
🔧 [ASIGNAR ESTADO FINAL] Ejecutando para envío #31880
[12-Jun-2026 00:50:34 UTC]    📦 Tipo de envío: normal
[12-Jun-2026 00:50:34 UTC]    📌 Estado actual en BD: PENDIENTE
[12-Jun-2026 00:50:34 UTC]    📦 Tipo NORMAL/EMPRENDEDOR - Verificando estado
[12-Jun-2026 00:50:34 UTC] 
━━━━━━━━━━━━━━━━━━━━━━━━━━━━━━━━━━━━━━━━━━━━━━
🆕 AUTO-ASIGNAR MOTORIZADO (Nuevo Envío)
━━━━━━━━━━━━━━━━━━━━━━━━━━━━━━━━━━━━━━━━━━━━━━
[12-Jun-2026 00:50:34 UTC] 📝 Hook ejecutado para envío: #31880
[12-Jun-2026 00:50:34 UTC] 👤 Usuario (registered_shipper): 307
[12-Jun-2026 00:50:34 UTC] 🔍 Buscando 'merc_motorizo_recojo_default' para usuario #307...
[12-Jun-2026 00:50:34 UTC]    Valor encontrado: VACÍO/NO EXISTE
[12-Jun-2026 00:50:34 UTC] ℹ️ Usuario #307 NO tiene motorizado default configurado
[12-Jun-2026 00:50:34 UTC] ━━━━━━━━━━━━━━━━━━━━━━━━━━━━━━━━━━━━━━━━━━━━━━

[12-Jun-2026 00:50:35 UTC] 📝 [EDIT_FORM_LOAD] Envío #3527 | Tipo:  | Costo envío: 0
[12-Jun-2026 00:50:35 UTC] ⚠️ Tipo de envío no es full_fitment, saltando selector de productos
[12-Jun-2026 00:50:35 UTC] 🔔 [MERC_LOG] Inicializado logger diario: /var/www/html/wp-content/merc_logs/merc-debug-2026-06-12.log
[12-Jun-2026 00:50:35 UTC] 🔔 [MERC_LOG] Inicializado logger diario: /var/www/html/wp-content/merc_logs/merc-debug-2026-06-12.log
[12-Jun-2026 00:50:36 UTC] 🔔 [MERC_LOG] Inicializado logger diario: /var/www/html/wp-content/merc_logs/merc-debug-2026-06-12.log
[12-Jun-2026 00:50:36 UTC] 🔔 [MERC_LOG] Inicializado logger diario: /var/www/html/wp-content/merc_logs/merc-debug-2026-06-12.log
[12-Jun-2026 00:50:36 UTC] 🔔 [MERC_LOG] Inicializado logger diario: /var/www/html/wp-content/merc_logs/merc-debug-2026-06-12.log
[12-Jun-2026 00:50:36 UTC] MERC_POD_DEBUG - shipmentID= context=syncMonto methods_count=0
[12-Jun-2026 00:50:36 UTC] MERC_POD_DEBUG - shipmentID= context=syncMonto methods_count=0
[12-Jun-2026 00:50:36 UTC] 🔄 [RESETEO DIARIO] Usuario 109 | Fecha: 2026-06-11
[12-Jun-2026 00:50:36 UTC] 🔍 [AJAX] Consultando desbloqueo parcial para NORMAL
[12-Jun-2026 00:50:36 UTC]    Meta key: merc_desbloqueo_parcial_NORMAL
[12-Jun-2026 00:50:36 UTC]    Unlock info: ""
[12-Jun-2026 00:50:36 UTC]    Force date: 
[12-Jun-2026 00:50:36 UTC] 🔔 [MERC_LOG] Inicializado logger diario: /var/www/html/wp-content/merc_logs/merc-debug-2026-06-12.log
[12-Jun-2026 00:50:36 UTC] 🔔 [MERC_LOG] Inicializado logger diario: /var/www/html/wp-content/merc_logs/merc-debug-2026-06-12.log
[12-Jun-2026 00:50:36 UTC] 🔔 [MERC_LOG] Inicializado logger diario: /var/www/html/wp-content/merc_logs/merc-debug-2026-06-12.log
[12-Jun-2026 00:50:36 UTC] 🔔 [MERC_LOG] Inicializado logger diario: /var/www/html/wp-content/merc_logs/merc-debug-2026-06-12.log
[12-Jun-2026 00:50:36 UTC] 🔔 [MERC_LOG] Inicializado logger diario: /var/www/html/wp-content/merc_logs/merc-debug-2026-06-12.log
[12-Jun-2026 00:50:36 UTC] 🔔 [MERC_LOG] Inicializado logger diario: /var/www/html/wp-content/merc_logs/merc-debug-2026-06-12.log
[12-Jun-2026 00:50:37 UTC] MERC_POD_DEBUG - shipmentID= context=syncMonto methods_count=0
[12-Jun-2026 00:50:37 UTC] MERC_POD_DEBUG - shipmentID= context=syncMonto methods_count=0
[12-Jun-2026 00:50:37 UTC] 🔔 [MERC_LOG] Inicializado logger diario: /var/www/html/wp-content/merc_logs/merc-debug-2026-06-12.log
[12-Jun-2026 00:50:37 UTC] MERC_POD_DEBUG - shipmentID= context=syncMonto methods_count=0
[12-Jun-2026 00:50:37 UTC] 🔔 [MERC_LOG] Inicializado logger diario: /var/www/html/wp-content/merc_logs/merc-debug-2026-06-12.log
[12-Jun-2026 00:50:37 UTC] MERC_POD_DEBUG - shipmentID= context=syncMonto methods_count=0
[12-Jun-2026 00:50:37 UTC] MERC_POD_DEBUG - shipmentID= context=syncMonto methods_count=0
[12-Jun-2026 00:50:37 UTC] MERC_POD_DEBUG - shipmentID= context=syncMonto methods_count=0
[12-Jun-2026 00:50:37 UTC] 🔔 [MERC_LOG] Inicializado logger diario: /var/www/html/wp-content/merc_logs/merc-debug-2026-06-12.log
[12-Jun-2026 00:50:37 UTC] 🔔 [MERC_LOG] Inicializado logger diario: /var/www/html/wp-content/merc_logs/merc-debug-2026-06-12.log
[12-Jun-2026 00:50:37 UTC] 🔔 [MERC_LOG] Inicializado logger diario: /var/www/html/wp-content/merc_logs/merc-debug-2026-06-12.log
[12-Jun-2026 00:50:37 UTC] 🔔 [MERC_LOG] Inicializado logger diario: /var/www/html/wp-content/merc_logs/merc-debug-2026-06-12.log
[12-Jun-2026 00:50:37 UTC] MERC_POD_DEBUG - shipmentID= context=syncMonto methods_count=0
[12-Jun-2026 00:50:37 UTC] MERC_POD_DEBUG - shipmentID= context=syncMonto methods_count=0
[12-Jun-2026 00:50:37 UTC] 🔔 [MERC_LOG] Inicializado logger diario: /var/www/html/wp-content/merc_logs/merc-debug-2026-06-12.log
[12-Jun-2026 00:50:37 UTC] 🔔 [MERC_LOG] Inicializado logger diario: /var/www/html/wp-content/merc_logs/merc-debug-2026-06-12.log
[12-Jun-2026 00:50:37 UTC] MERC_POD_DEBUG - shipmentID= context=syncMonto methods_count=0
[12-Jun-2026 00:50:37 UTC] MERC_POD_DEBUG - shipmentID= context=syncMonto methods_count=0
[12-Jun-2026 00:50:37 UTC] MERC_POD_DEBUG - shipmentID= context=syncMonto methods_count=0
[12-Jun-2026 00:50:37 UTC] MERC_POD_DEBUG - shipmentID= context=syncMonto methods_count=0
[12-Jun-2026 00:50:38 UTC] 🔵 [FILTER] filter_shipment_by_date_and_tiendaname llamado
[12-Jun-2026 00:50:38 UTC] 🔵 [FILTER] Usuario actual: 109
[12-Jun-2026 00:50:38 UTC] 🔵 [FILTER] Args iniciales: {"post_type":"wpcargo_shipment","post_status":"publish","posts_per_page":"500","paged":1,"s":"","meta_query":{"relation":"AND","0":[]}}
[12-Jun-2026 00:50:38 UTC] 🔵 [FILTER] GET params: Array
(
)

[12-Jun-2026 00:50:38 UTC] 🔵 [FILTER] Sin parámetros de fecha, aplicando HOY por defecto: 2026-06-11
[12-Jun-2026 00:50:38 UTC] 🔵 [FILTER] Fecha desde: '2026-06-11' | Fecha hasta: '2026-06-11'
[12-Jun-2026 00:50:38 UTC] 🔵 [FILTER] has_from: true | has_to: true
[12-Jun-2026 00:50:38 UTC] 🔵 [FILTER] SQL Query: 
            SELECT DISTINCT p.ID 
            FROM wp_posts p
            INNER JOIN wp_postmeta pm ON p.ID = pm.post_id
            WHERE p.post_type = 'wpcargo_shipment'
            AND pm.meta_key IN ('wpcargo_pickup_date_picker', 'wpcargo_pickup_date', 'calendarenvio', 'wpcargo_fecha_envio')
            AND (STR_TO_DATE(pm.meta_value, '%d/%m/%Y') >= STR_TO_DATE('2026-06-11', '%Y-%m-%d') AND STR_TO_DATE(pm.meta_value, '%d/%m/%Y') <= STR_TO_DATE('2026-06-11', '%Y-%m-%d'))
        
[12-Jun-2026 00:50:38 UTC] 🔵 [FILTER] IDs encontrados por fecha: 3
[12-Jun-2026 00:50:38 UTC] 🔵 [FILTER] Primeros 10 IDs: 31872, 31878, 31880
[12-Jun-2026 00:50:38 UTC] 🔵 [FILTER] post__in no existe, creando nuevo
[12-Jun-2026 00:50:38 UTC] 🔵 [FILTER] post_status cambiado a array para incluir estados normales (EXCLUYENDO trash)
[12-Jun-2026 00:50:38 UTC] 🔵 [FILTER] Args finales: {"post_type":"wpcargo_shipment","post_status":["publish","draft","pending","private"],"posts_per_page":"500","paged":1,"s":"","meta_query":{"relation":"AND","0":[]},"post__in":["31872","31878","31880"]}
[12-Jun-2026 00:50:39 UTC] 🔔 [MERC_LOG] Inicializado logger diario: /var/www/html/wp-content/merc_logs/merc-debug-2026-06-12.log
[12-Jun-2026 00:50:40 UTC] 🔔 [MERC_LOG] Inicializado logger diario: /var/www/html/wp-content/merc_logs/merc-debug-2026-06-12.log
[12-Jun-2026 00:50:40 UTC] 🔔 [MERC_LOG] Inicializado logger diario: /var/www/html/wp-content/merc_logs/merc-debug-2026-06-12.log
[12-Jun-2026 00:50:42 UTC] 🔔 [MERC_LOG] Inicializado logger diario: /var/www/html/wp-content/merc_logs/merc-debug-2026-06-12.log
[12-Jun-2026 00:50:42 UTC] 🔔 [MERC_LOG] Inicializado logger diario: /var/www/html/wp-content/merc_logs/merc-debug-2026-06-12.log
[12-Jun-2026 00:50:45 UTC] 🔔 [MERC_LOG] Inicializado logger diario: /var/www/html/wp-content/merc_logs/merc-debug-2026-06-12.log
[12-Jun-2026 00:50:47 UTC] =====================================
[12-Jun-2026 00:50:47 UTC] 🔍 VERIFICANDO BLOQUEO - Cliente: #517 | Fecha: 2026-06-11
[12-Jun-2026 00:50:47 UTC] URL actual: /dashboard/
[12-Jun-2026 00:50:47 UTC] =====================================
[12-Jun-2026 00:50:47 UTC] 🔎 SQL Query: 
        SELECT 
            p.ID, 
            p.post_date,
            pm_status.meta_value as estado,
            pm_pago.meta_value as estado_pago,
            pm_fecha_reprog.meta_value as fecha_reprogramada
        FROM wp_posts p
        LEFT JOIN wp_postmeta pm_shipper 
            ON p.ID = pm_shipper.post_id 
            AND pm_shipper.meta_key = 'registered_shipper'
        LEFT JOIN wp_postmeta pm_status 
            ON p.ID = pm_status.post_id 
            AND pm_status.meta_key = 'wpcargo_status'
        LEFT JOIN wp_postmeta pm_pago 
            ON p.ID = pm_pago.post_id 
            AND pm_pago.meta_key = 'wpcargo_estado_pago_remitente'
        LEFT JOIN wp_postmeta pm_fecha_reprog 
            ON p.ID = pm_fecha_reprog.post_id 
            AND pm_fecha_reprog.meta_key = 'wpcargo_pickup_date_picker'
        WHERE p.post_type = 'wpcargo_shipment'
        AND p.post_status = 'publish'
        AND pm_shipper.meta_value = '517'
    
[12-Jun-2026 00:50:47 UTC] 📊 Total envíos del cliente (sin filtrar): 7
[12-Jun-2026 00:50:47 UTC]    📅 Envío #31835: post_date_raw='2026-05-24 11:34:58' | fecha_reprog_raw='24/05/2026' | fecha_efectiva='2026-05-24' | hoy='2026-06-11'
[12-Jun-2026 00:50:47 UTC]       ❌ NO incluido (fecha no coincide)
[12-Jun-2026 00:50:47 UTC]    📅 Envío #31841: post_date_raw='2026-06-06 17:06:16' | fecha_reprog_raw='06/06/2026' | fecha_efectiva='2026-06-06' | hoy='2026-06-11'
[12-Jun-2026 00:50:47 UTC]       ❌ NO incluido (fecha no coincide)
[12-Jun-2026 00:50:47 UTC]    📅 Envío #31842: post_date_raw='2026-06-06 17:12:14' | fecha_reprog_raw='06/06/2026' | fecha_efectiva='2026-06-06' | hoy='2026-06-11'
[12-Jun-2026 00:50:47 UTC]       ❌ NO incluido (fecha no coincide)
[12-Jun-2026 00:50:47 UTC]    📅 Envío #31844: post_date_raw='2026-06-06 17:21:15' | fecha_reprog_raw='06/06/2026' | fecha_efectiva='2026-06-06' | hoy='2026-06-11'
[12-Jun-2026 00:50:47 UTC]       ❌ NO incluido (fecha no coincide)
[12-Jun-2026 00:50:47 UTC]    📅 Envío #31861: post_date_raw='2026-06-07 15:42:35' | fecha_reprog_raw='07/06/2026' | fecha_efectiva='2026-06-07' | hoy='2026-06-11'
[12-Jun-2026 00:50:47 UTC]       ❌ NO incluido (fecha no coincide)
[12-Jun-2026 00:50:47 UTC]    📅 Envío #31866: post_date_raw='2026-06-07 17:51:18' | fecha_reprog_raw='07/06/2026' | fecha_efectiva='2026-06-07' | hoy='2026-06-11'
[12-Jun-2026 00:50:47 UTC]       ❌ NO incluido (fecha no coincide)
[12-Jun-2026 00:50:47 UTC]    📅 Envío #31872: post_date_raw='2026-06-11 07:56:31' | fecha_reprog_raw='11/06/2026' | fecha_efectiva='2026-06-11' | hoy='2026-06-11'
[12-Jun-2026 00:50:47 UTC]       ✅ INCLUIDO en filtrados
[12-Jun-2026 00:50:47 UTC] 📦 Total envíos encontrados para HOY: 1
[12-Jun-2026 00:50:47 UTC] PHP Deprecated:  trim(): Passing null to parameter #1 ($string) of type string is deprecated in /var/www/html/wp-content/themes/blocksy-child/functions.php on line 9498
[12-Jun-2026 00:50:47 UTC]    📅 Envío #31872: Creado=2026-06-11 | Reprog=2026-11-06 | Efectiva=2026-06-11 | Estado=entregado | Pago=
[12-Jun-2026 00:50:47 UTC]    Envío #31872: ENTREGADO pero NO pagado (estado_pago: ) → Bloquea
[12-Jun-2026 00:50:47 UTC] 📊 RESUMEN - Total: 1 | Finales: 0 | Recogidos: 0 | Entregados sin pagar: 1 | No Recogidos: 0 | Otros: 0
[12-Jun-2026 00:50:47 UTC] 🔴 BLOQUEADO: Hay envíos en proceso - Recogidos: 0, Entregados sin pagar: 1, No Recogidos: 0
[12-Jun-2026 00:50:47 UTC]    Se necesita que TODOS los 1 envíos del día estén finalizados (actualmente: 0 finalizados)
[12-Jun-2026 00:50:47 UTC] =====================================
[12-Jun-2026 00:50:47 UTC] =====================================
[12-Jun-2026 00:50:47 UTC] 🔍 VERIFICANDO BLOQUEO - Cliente: #517 | Fecha: 2026-06-11
[12-Jun-2026 00:50:47 UTC] URL actual: /dashboard/
[12-Jun-2026 00:50:47 UTC] =====================================
[12-Jun-2026 00:50:47 UTC] 🔎 SQL Query: 
        SELECT 
            p.ID, 
            p.post_date,
            pm_status.meta_value as estado,
            pm_pago.meta_value as estado_pago,
            pm_fecha_reprog.meta_value as fecha_reprogramada
        FROM wp_posts p
        LEFT JOIN wp_postmeta pm_shipper 
            ON p.ID = pm_shipper.post_id 
            AND pm_shipper.meta_key = 'registered_shipper'
        LEFT JOIN wp_postmeta pm_status 
            ON p.ID = pm_status.post_id 
            AND pm_status.meta_key = 'wpcargo_status'
        LEFT JOIN wp_postmeta pm_pago 
            ON p.ID = pm_pago.post_id 
            AND pm_pago.meta_key = 'wpcargo_estado_pago_remitente'
        LEFT JOIN wp_postmeta pm_fecha_reprog 
            ON p.ID = pm_fecha_reprog.post_id 
            AND pm_fecha_reprog.meta_key = 'wpcargo_pickup_date_picker'
        WHERE p.post_type = 'wpcargo_shipment'
        AND p.post_status = 'publish'
        AND pm_shipper.meta_value = '517'
    
[12-Jun-2026 00:50:47 UTC] 📊 Total envíos del cliente (sin filtrar): 7
[12-Jun-2026 00:50:47 UTC]    📅 Envío #31835: post_date_raw='2026-05-24 11:34:58' | fecha_reprog_raw='24/05/2026' | fecha_efectiva='2026-05-24' | hoy='2026-06-11'
[12-Jun-2026 00:50:47 UTC]       ❌ NO incluido (fecha no coincide)
[12-Jun-2026 00:50:47 UTC]    📅 Envío #31841: post_date_raw='2026-06-06 17:06:16' | fecha_reprog_raw='06/06/2026' | fecha_efectiva='2026-06-06' | hoy='2026-06-11'
[12-Jun-2026 00:50:47 UTC]       ❌ NO incluido (fecha no coincide)
[12-Jun-2026 00:50:47 UTC]    📅 Envío #31842: post_date_raw='2026-06-06 17:12:14' | fecha_reprog_raw='06/06/2026' | fecha_efectiva='2026-06-06' | hoy='2026-06-11'
[12-Jun-2026 00:50:47 UTC]       ❌ NO incluido (fecha no coincide)
[12-Jun-2026 00:50:47 UTC]    📅 Envío #31844: post_date_raw='2026-06-06 17:21:15' | fecha_reprog_raw='06/06/2026' | fecha_efectiva='2026-06-06' | hoy='2026-06-11'
[12-Jun-2026 00:50:47 UTC]       ❌ NO incluido (fecha no coincide)
[12-Jun-2026 00:50:47 UTC]    📅 Envío #31861: post_date_raw='2026-06-07 15:42:35' | fecha_reprog_raw='07/06/2026' | fecha_efectiva='2026-06-07' | hoy='2026-06-11'
[12-Jun-2026 00:50:47 UTC]       ❌ NO incluido (fecha no coincide)
[12-Jun-2026 00:50:47 UTC]    📅 Envío #31866: post_date_raw='2026-06-07 17:51:18' | fecha_reprog_raw='07/06/2026' | fecha_efectiva='2026-06-07' | hoy='2026-06-11'
[12-Jun-2026 00:50:47 UTC]       ❌ NO incluido (fecha no coincide)
[12-Jun-2026 00:50:47 UTC]    📅 Envío #31872: post_date_raw='2026-06-11 07:56:31' | fecha_reprog_raw='11/06/2026' | fecha_efectiva='2026-06-11' | hoy='2026-06-11'
[12-Jun-2026 00:50:47 UTC]       ✅ INCLUIDO en filtrados
[12-Jun-2026 00:50:47 UTC] 📦 Total envíos encontrados para HOY: 1
[12-Jun-2026 00:50:47 UTC]    📅 Envío #31872: Creado=2026-06-11 | Reprog=2026-11-06 | Efectiva=2026-06-11 | Estado=entregado | Pago=
[12-Jun-2026 00:50:47 UTC]    Envío #31872: ENTREGADO pero NO pagado (estado_pago: ) → Bloquea
[12-Jun-2026 00:50:47 UTC] 📊 RESUMEN - Total: 1 | Finales: 0 | Recogidos: 0 | Entregados sin pagar: 1 | No Recogidos: 0 | Otros: 0
[12-Jun-2026 00:50:47 UTC] 🔴 BLOQUEADO: Hay envíos en proceso - Recogidos: 0, Entregados sin pagar: 1, No Recogidos: 0
[12-Jun-2026 00:50:47 UTC]    Se necesita que TODOS los 1 envíos del día estén finalizados (actualmente: 0 finalizados)
[12-Jun-2026 00:50:47 UTC] =====================================
[12-Jun-2026 00:50:47 UTC] =====================================
[12-Jun-2026 00:50:47 UTC] 🔍 VERIFICANDO BLOQUEO - Cliente: #517 | Fecha: 2026-06-11
[12-Jun-2026 00:50:47 UTC] URL actual: /dashboard/
[12-Jun-2026 00:50:47 UTC] =====================================
[12-Jun-2026 00:50:47 UTC] 🔎 SQL Query: 
        SELECT 
            p.ID, 
            p.post_date,
            pm_status.meta_value as estado,
            pm_pago.meta_value as estado_pago,
            pm_fecha_reprog.meta_value as fecha_reprogramada
        FROM wp_posts p
        LEFT JOIN wp_postmeta pm_shipper 
            ON p.ID = pm_shipper.post_id 
            AND pm_shipper.meta_key = 'registered_shipper'
        LEFT JOIN wp_postmeta pm_status 
            ON p.ID = pm_status.post_id 
            AND pm_status.meta_key = 'wpcargo_status'
        LEFT JOIN wp_postmeta pm_pago 
            ON p.ID = pm_pago.post_id 
            AND pm_pago.meta_key = 'wpcargo_estado_pago_remitente'
        LEFT JOIN wp_postmeta pm_fecha_reprog 
            ON p.ID = pm_fecha_reprog.post_id 
            AND pm_fecha_reprog.meta_key = 'wpcargo_pickup_date_picker'
        WHERE p.post_type = 'wpcargo_shipment'
        AND p.post_status = 'publish'
        AND pm_shipper.meta_value = '517'
    
[12-Jun-2026 00:50:47 UTC] 📊 Total envíos del cliente (sin filtrar): 7
[12-Jun-2026 00:50:47 UTC]    📅 Envío #31835: post_date_raw='2026-05-24 11:34:58' | fecha_reprog_raw='24/05/2026' | fecha_efectiva='2026-05-24' | hoy='2026-06-11'
[12-Jun-2026 00:50:47 UTC]       ❌ NO incluido (fecha no coincide)
[12-Jun-2026 00:50:47 UTC]    📅 Envío #31841: post_date_raw='2026-06-06 17:06:16' | fecha_reprog_raw='06/06/2026' | fecha_efectiva='2026-06-06' | hoy='2026-06-11'
[12-Jun-2026 00:50:47 UTC]       ❌ NO incluido (fecha no coincide)
[12-Jun-2026 00:50:47 UTC]    📅 Envío #31842: post_date_raw='2026-06-06 17:12:14' | fecha_reprog_raw='06/06/2026' | fecha_efectiva='2026-06-06' | hoy='2026-06-11'
[12-Jun-2026 00:50:47 UTC]       ❌ NO incluido (fecha no coincide)
[12-Jun-2026 00:50:47 UTC]    📅 Envío #31844: post_date_raw='2026-06-06 17:21:15' | fecha_reprog_raw='06/06/2026' | fecha_efectiva='2026-06-06' | hoy='2026-06-11'
[12-Jun-2026 00:50:47 UTC]       ❌ NO incluido (fecha no coincide)
[12-Jun-2026 00:50:47 UTC]    📅 Envío #31861: post_date_raw='2026-06-07 15:42:35' | fecha_reprog_raw='07/06/2026' | fecha_efectiva='2026-06-07' | hoy='2026-06-11'
[12-Jun-2026 00:50:47 UTC]       ❌ NO incluido (fecha no coincide)
[12-Jun-2026 00:50:47 UTC]    📅 Envío #31866: post_date_raw='2026-06-07 17:51:18' | fecha_reprog_raw='07/06/2026' | fecha_efectiva='2026-06-07' | hoy='2026-06-11'
[12-Jun-2026 00:50:47 UTC]       ❌ NO incluido (fecha no coincide)
[12-Jun-2026 00:50:47 UTC]    📅 Envío #31872: post_date_raw='2026-06-11 07:56:31' | fecha_reprog_raw='11/06/2026' | fecha_efectiva='2026-06-11' | hoy='2026-06-11'
[12-Jun-2026 00:50:47 UTC]       ✅ INCLUIDO en filtrados
[12-Jun-2026 00:50:47 UTC] 📦 Total envíos encontrados para HOY: 1
[12-Jun-2026 00:50:47 UTC]    📅 Envío #31872: Creado=2026-06-11 | Reprog=2026-11-06 | Efectiva=2026-06-11 | Estado=entregado | Pago=
[12-Jun-2026 00:50:47 UTC]    Envío #31872: ENTREGADO pero NO pagado (estado_pago: ) → Bloquea
[12-Jun-2026 00:50:47 UTC] 📊 RESUMEN - Total: 1 | Finales: 0 | Recogidos: 0 | Entregados sin pagar: 1 | No Recogidos: 0 | Otros: 0
[12-Jun-2026 00:50:47 UTC] 🔴 BLOQUEADO: Hay envíos en proceso - Recogidos: 0, Entregados sin pagar: 1, No Recogidos: 0
[12-Jun-2026 00:50:47 UTC]    Se necesita que TODOS los 1 envíos del día estén finalizados (actualmente: 0 finalizados)
[12-Jun-2026 00:50:47 UTC] =====================================
[12-Jun-2026 00:50:47 UTC] =====================================
[12-Jun-2026 00:50:47 UTC] 🔍 VERIFICANDO BLOQUEO - Cliente: #517 | Fecha: 2026-06-11
[12-Jun-2026 00:50:47 UTC] URL actual: /dashboard/
[12-Jun-2026 00:50:47 UTC] =====================================
[12-Jun-2026 00:50:47 UTC] 🔎 SQL Query: 
        SELECT 
            p.ID, 
            p.post_date,
            pm_status.meta_value as estado,
            pm_pago.meta_value as estado_pago,
            pm_fecha_reprog.meta_value as fecha_reprogramada
        FROM wp_posts p
        LEFT JOIN wp_postmeta pm_shipper 
            ON p.ID = pm_shipper.post_id 
            AND pm_shipper.meta_key = 'registered_shipper'
        LEFT JOIN wp_postmeta pm_status 
            ON p.ID = pm_status.post_id 
            AND pm_status.meta_key = 'wpcargo_status'
        LEFT JOIN wp_postmeta pm_pago 
            ON p.ID = pm_pago.post_id 
            AND pm_pago.meta_key = 'wpcargo_estado_pago_remitente'
        LEFT JOIN wp_postmeta pm_fecha_reprog 
            ON p.ID = pm_fecha_reprog.post_id 
            AND pm_fecha_reprog.meta_key = 'wpcargo_pickup_date_picker'
        WHERE p.post_type = 'wpcargo_shipment'
        AND p.post_status = 'publish'
        AND pm_shipper.meta_value = '517'
    
[12-Jun-2026 00:50:47 UTC] 📊 Total envíos del cliente (sin filtrar): 7
[12-Jun-2026 00:50:47 UTC]    📅 Envío #31835: post_date_raw='2026-05-24 11:34:58' | fecha_reprog_raw='24/05/2026' | fecha_efectiva='2026-05-24' | hoy='2026-06-11'
[12-Jun-2026 00:50:47 UTC]       ❌ NO incluido (fecha no coincide)
[12-Jun-2026 00:50:47 UTC]    📅 Envío #31841: post_date_raw='2026-06-06 17:06:16' | fecha_reprog_raw='06/06/2026' | fecha_efectiva='2026-06-06' | hoy='2026-06-11'
[12-Jun-2026 00:50:47 UTC]       ❌ NO incluido (fecha no coincide)
[12-Jun-2026 00:50:47 UTC]    📅 Envío #31842: post_date_raw='2026-06-06 17:12:14' | fecha_reprog_raw='06/06/2026' | fecha_efectiva='2026-06-06' | hoy='2026-06-11'
[12-Jun-2026 00:50:47 UTC]       ❌ NO incluido (fecha no coincide)
[12-Jun-2026 00:50:47 UTC]    📅 Envío #31844: post_date_raw='2026-06-06 17:21:15' | fecha_reprog_raw='06/06/2026' | fecha_efectiva='2026-06-06' | hoy='2026-06-11'
[12-Jun-2026 00:50:47 UTC]       ❌ NO incluido (fecha no coincide)
[12-Jun-2026 00:50:47 UTC]    📅 Envío #31861: post_date_raw='2026-06-07 15:42:35' | fecha_reprog_raw='07/06/2026' | fecha_efectiva='2026-06-07' | hoy='2026-06-11'
[12-Jun-2026 00:50:47 UTC]       ❌ NO incluido (fecha no coincide)
[12-Jun-2026 00:50:47 UTC]    📅 Envío #31866: post_date_raw='2026-06-07 17:51:18' | fecha_reprog_raw='07/06/2026' | fecha_efectiva='2026-06-07' | hoy='2026-06-11'
[12-Jun-2026 00:50:47 UTC]       ❌ NO incluido (fecha no coincide)
[12-Jun-2026 00:50:47 UTC]    📅 Envío #31872: post_date_raw='2026-06-11 07:56:31' | fecha_reprog_raw='11/06/2026' | fecha_efectiva='2026-06-11' | hoy='2026-06-11'
[12-Jun-2026 00:50:47 UTC]       ✅ INCLUIDO en filtrados
[12-Jun-2026 00:50:47 UTC] 📦 Total envíos encontrados para HOY: 1
[12-Jun-2026 00:50:47 UTC]    📅 Envío #31872: Creado=2026-06-11 | Reprog=2026-11-06 | Efectiva=2026-06-11 | Estado=entregado | Pago=
[12-Jun-2026 00:50:47 UTC]    Envío #31872: ENTREGADO pero NO pagado (estado_pago: ) → Bloquea
[12-Jun-2026 00:50:47 UTC] 📊 RESUMEN - Total: 1 | Finales: 0 | Recogidos: 0 | Entregados sin pagar: 1 | No Recogidos: 0 | Otros: 0
[12-Jun-2026 00:50:47 UTC] 🔴 BLOQUEADO: Hay envíos en proceso - Recogidos: 0, Entregados sin pagar: 1, No Recogidos: 0
[12-Jun-2026 00:50:47 UTC]    Se necesita que TODOS los 1 envíos del día estén finalizados (actualmente: 0 finalizados)
[12-Jun-2026 00:50:47 UTC] =====================================
[12-Jun-2026 00:50:47 UTC] 🔵 [FILTER] filter_shipment_by_date_and_tiendaname llamado
[12-Jun-2026 00:50:47 UTC] 🔵 [FILTER] Usuario actual: 517
[12-Jun-2026 00:50:47 UTC] 🔵 [FILTER] Args iniciales: {"post_type":"wpcargo_shipment","post_status":"publish","posts_per_page":100,"paged":1,"s":"","meta_query":{"relation":"AND","0":{"__assignment":{"key":"registered_shipper","value":517,"compare":"="}}}}
[12-Jun-2026 00:50:47 UTC] 🔵 [FILTER] GET params: Array
(
)

[12-Jun-2026 00:50:47 UTC] 🔵 [FILTER] Sin parámetros de fecha, aplicando HOY por defecto: 2026-06-11
[12-Jun-2026 00:50:47 UTC] 🔵 [FILTER] Fecha desde: '2026-06-11' | Fecha hasta: '2026-06-11'
[12-Jun-2026 00:50:47 UTC] 🔵 [FILTER] has_from: true | has_to: true
[12-Jun-2026 00:50:47 UTC] 🔵 [FILTER] SQL Query: 
            SELECT DISTINCT p.ID 
            FROM wp_posts p
            INNER JOIN wp_postmeta pm ON p.ID = pm.post_id
            WHERE p.post_type = 'wpcargo_shipment'
            AND pm.meta_key IN ('wpcargo_pickup_date_picker', 'wpcargo_pickup_date', 'calendarenvio', 'wpcargo_fecha_envio')
            AND (STR_TO_DATE(pm.meta_value, '%d/%m/%Y') >= STR_TO_DATE('2026-06-11', '%Y-%m-%d') AND STR_TO_DATE(pm.meta_value, '%d/%m/%Y') <= STR_TO_DATE('2026-06-11', '%Y-%m-%d'))
        
[12-Jun-2026 00:50:47 UTC] 🔵 [FILTER] IDs encontrados por fecha: 3
[12-Jun-2026 00:50:47 UTC] 🔵 [FILTER] Primeros 10 IDs: 31872, 31878, 31880
[12-Jun-2026 00:50:47 UTC] 🔵 [FILTER] post__in no existe, creando nuevo
[12-Jun-2026 00:50:47 UTC] 🔵 [FILTER] post_status cambiado a array para incluir estados normales (EXCLUYENDO trash)
[12-Jun-2026 00:50:47 UTC] 🔵 [FILTER] Args finales: {"post_type":"wpcargo_shipment","post_status":["publish","draft","pending","private"],"posts_per_page":100,"paged":1,"s":"","meta_query":{"relation":"AND","0":{"__assignment":{"key":"registered_shipper","value":517,"compare":"="}}},"post__in":["31872","31878","31880"]}
[12-Jun-2026 00:50:47 UTC] 🔔 [MERC_LOG] Inicializado logger diario: /var/www/html/wp-content/merc_logs/merc-debug-2026-06-12.log
[12-Jun-2026 00:50:48 UTC] 🔔 [MERC_LOG] Inicializado logger diario: /var/www/html/wp-content/merc_logs/merc-debug-2026-06-12.log
[12-Jun-2026 00:50:49 UTC] 🔔 [MERC_LOG] Inicializado logger diario: /var/www/html/wp-content/merc_logs/merc-debug-2026-06-12.log
[12-Jun-2026 00:50:49 UTC] 🔔 [MERC_LOG] Inicializado logger diario: /var/www/html/wp-content/merc_logs/merc-debug-2026-06-12.log
[12-Jun-2026 00:50:50 UTC] 🔔 [MERC_LOG] Inicializado logger diario: /var/www/html/wp-content/merc_logs/merc-debug-2026-06-12.log
[12-Jun-2026 00:50:53 UTC] 🔔 [MERC_LOG] Inicializado logger diario: /var/www/html/wp-content/merc_logs/merc-debug-2026-06-12.log
[12-Jun-2026 00:51:07 UTC] 🔔 [MERC_LOG] Inicializado logger diario: /var/www/html/wp-content/merc_logs/merc-debug-2026-06-12.log
[12-Jun-2026 00:51:07 UTC] 🔔 [MERC_LOG] Inicializado logger diario: /var/www/html/wp-content/merc_logs/merc-debug-2026-06-12.log
[12-Jun-2026 00:51:09 UTC] 🔵 [FILTER] filter_shipment_by_date_and_tiendaname llamado
[12-Jun-2026 00:51:09 UTC] 🔵 [FILTER] Usuario actual: 190
[12-Jun-2026 00:51:09 UTC] 🔵 [FILTER] Args iniciales: {"post_type":"wpcargo_shipment","post_status":"publish","posts_per_page":100,"paged":1,"s":"","meta_query":{"relation":"AND","0":{"__assignment":{"key":"wpcargo_driver","value":190,"compare":"="}}}}
[12-Jun-2026 00:51:09 UTC] 🔵 [FILTER] GET params: Array
(
)

[12-Jun-2026 00:51:09 UTC] 🔵 [FILTER] Sin parámetros de fecha, aplicando HOY por defecto: 2026-06-11
[12-Jun-2026 00:51:09 UTC] 🔵 [FILTER] Fecha desde: '2026-06-11' | Fecha hasta: '2026-06-11'
[12-Jun-2026 00:51:09 UTC] 🔵 [FILTER] has_from: true | has_to: true
[12-Jun-2026 00:51:09 UTC] 🔵 [FILTER] SQL Query: 
            SELECT DISTINCT p.ID 
            FROM wp_posts p
            INNER JOIN wp_postmeta pm ON p.ID = pm.post_id
            WHERE p.post_type = 'wpcargo_shipment'
            AND pm.meta_key IN ('wpcargo_pickup_date_picker', 'wpcargo_pickup_date', 'calendarenvio', 'wpcargo_fecha_envio')
            AND (STR_TO_DATE(pm.meta_value, '%d/%m/%Y') >= STR_TO_DATE('2026-06-11', '%Y-%m-%d') AND STR_TO_DATE(pm.meta_value, '%d/%m/%Y') <= STR_TO_DATE('2026-06-11', '%Y-%m-%d'))
        
[12-Jun-2026 00:51:09 UTC] 🔵 [FILTER] IDs encontrados por fecha: 3
[12-Jun-2026 00:51:09 UTC] 🔵 [FILTER] Primeros 10 IDs: 31872, 31878, 31880
[12-Jun-2026 00:51:09 UTC] 🔵 [FILTER] post__in no existe, creando nuevo
[12-Jun-2026 00:51:09 UTC] 🔵 [FILTER] post_status cambiado a array para incluir estados normales (EXCLUYENDO trash)
[12-Jun-2026 00:51:09 UTC] 🔵 [FILTER] Args finales: {"post_type":"wpcargo_shipment","post_status":["publish","draft","pending","private"],"posts_per_page":100,"paged":1,"s":"","meta_query":{"relation":"AND","0":{"__assignment":{"key":"wpcargo_driver","value":190,"compare":"="}}},"post__in":["31872","31878","31880"]}
[12-Jun-2026 00:51:09 UTC] 🔔 [MERC_LOG] Inicializado logger diario: /var/www/html/wp-content/merc_logs/merc-debug-2026-06-12.log
[12-Jun-2026 00:51:09 UTC] 🔔 [MERC_LOG] Inicializado logger diario: /var/www/html/wp-content/merc_logs/merc-debug-2026-06-12.log
[12-Jun-2026 00:51:10 UTC] 🔔 [MERC_LOG] Inicializado logger diario: /var/www/html/wp-content/merc_logs/merc-debug-2026-06-12.log
[12-Jun-2026 00:51:11 UTC] 🔔 [MERC_LOG] Inicializado logger diario: /var/www/html/wp-content/merc_logs/merc-debug-2026-06-12.log
[12-Jun-2026 00:51:11 UTC] 🔔 [MERC_LOG] Inicializado logger diario: /var/www/html/wp-content/merc_logs/merc-debug-2026-06-12.log
[12-Jun-2026 00:51:12 UTC] 🔔 [MERC_LOG] Inicializado logger diario: /var/www/html/wp-content/merc_logs/merc-debug-2026-06-12.log
[12-Jun-2026 00:51:12 UTC] 🔔 [MERC_LOG] Inicializado logger diario: /var/www/html/wp-content/merc_logs/merc-debug-2026-06-12.log
[12-Jun-2026 00:51:30 UTC] 🔔 [MERC_LOG] Inicializado logger diario: /var/www/html/wp-content/merc_logs/merc-debug-2026-06-12.log
[12-Jun-2026 00:51:30 UTC] MERC_DEBUG_ENTRY - merc_maybe_create_penalty_for_shipment post_id=31880 post_type=wpcargo_shipment
[12-Jun-2026 00:51:30 UTC] MERC_DEBUG_STATE - post_id=31880 estado_raw=RECOGIDO
[12-Jun-2026 00:51:30 UTC] MERC_DEBUG_ABORT - post_id=31880 estado no es NO RECOGIDO, abortando
[12-Jun-2026 00:51:30 UTC] MERC_DEBUG_ENTRY - merc_maybe_create_penalty_for_shipment post_id=31880 post_type=wpcargo_shipment
[12-Jun-2026 00:51:30 UTC] MERC_DEBUG_STATE - post_id=31880 estado_raw=RECOGIDO
[12-Jun-2026 00:51:30 UTC] MERC_DEBUG_ABORT - post_id=31880 estado no es NO RECOGIDO, abortando
[12-Jun-2026 00:51:30 UTC] MERC_NO_RECIBIDO_DEBUG - post_id=31880 estado=RECOGIDO NO es NO RECIBIDO
[12-Jun-2026 00:51:32 UTC] 🔔 [MERC_LOG] Inicializado logger diario: /var/www/html/wp-content/merc_logs/merc-debug-2026-06-12.log
[12-Jun-2026 00:51:34 UTC] 🔵 [FILTER] filter_shipment_by_date_and_tiendaname llamado
[12-Jun-2026 00:51:34 UTC] 🔵 [FILTER] Usuario actual: 109
[12-Jun-2026 00:51:34 UTC] 🔵 [FILTER] Args iniciales: {"post_type":"wpcargo_shipment","post_status":"publish","posts_per_page":"500","paged":1,"s":"","meta_query":{"relation":"AND","0":[]}}
[12-Jun-2026 00:51:34 UTC] 🔵 [FILTER] GET params: Array
(
)

[12-Jun-2026 00:51:34 UTC] 🔵 [FILTER] Sin parámetros de fecha, aplicando HOY por defecto: 2026-06-11
[12-Jun-2026 00:51:34 UTC] 🔵 [FILTER] Fecha desde: '2026-06-11' | Fecha hasta: '2026-06-11'
[12-Jun-2026 00:51:34 UTC] 🔵 [FILTER] has_from: true | has_to: true
[12-Jun-2026 00:51:34 UTC] 🔵 [FILTER] SQL Query: 
            SELECT DISTINCT p.ID 
            FROM wp_posts p
            INNER JOIN wp_postmeta pm ON p.ID = pm.post_id
            WHERE p.post_type = 'wpcargo_shipment'
            AND pm.meta_key IN ('wpcargo_pickup_date_picker', 'wpcargo_pickup_date', 'calendarenvio', 'wpcargo_fecha_envio')
            AND (STR_TO_DATE(pm.meta_value, '%d/%m/%Y') >= STR_TO_DATE('2026-06-11', '%Y-%m-%d') AND STR_TO_DATE(pm.meta_value, '%d/%m/%Y') <= STR_TO_DATE('2026-06-11', '%Y-%m-%d'))
        
[12-Jun-2026 00:51:34 UTC] 🔵 [FILTER] IDs encontrados por fecha: 3
[12-Jun-2026 00:51:34 UTC] 🔵 [FILTER] Primeros 10 IDs: 31872, 31878, 31880
[12-Jun-2026 00:51:34 UTC] 🔵 [FILTER] post__in no existe, creando nuevo
[12-Jun-2026 00:51:34 UTC] 🔵 [FILTER] post_status cambiado a array para incluir estados normales (EXCLUYENDO trash)
[12-Jun-2026 00:51:34 UTC] 🔵 [FILTER] Args finales: {"post_type":"wpcargo_shipment","post_status":["publish","draft","pending","private"],"posts_per_page":"500","paged":1,"s":"","meta_query":{"relation":"AND","0":[]},"post__in":["31872","31878","31880"]}
[12-Jun-2026 00:51:34 UTC] 🔔 [MERC_LOG] Inicializado logger diario: /var/www/html/wp-content/merc_logs/merc-debug-2026-06-12.log
[12-Jun-2026 00:51:35 UTC] 🔔 [MERC_LOG] Inicializado logger diario: /var/www/html/wp-content/merc_logs/merc-debug-2026-06-12.log
[12-Jun-2026 00:51:36 UTC] 🔔 [MERC_LOG] Inicializado logger diario: /var/www/html/wp-content/merc_logs/merc-debug-2026-06-12.log
[12-Jun-2026 00:51:36 UTC] 🔔 [MERC_LOG] Inicializado logger diario: /var/www/html/wp-content/merc_logs/merc-debug-2026-06-12.log
[12-Jun-2026 00:51:36 UTC] 🔵 [FILTER] filter_shipment_by_date_and_tiendaname llamado
[12-Jun-2026 00:51:36 UTC] 🔵 [FILTER] Usuario actual: 190
[12-Jun-2026 00:51:36 UTC] 🔵 [FILTER] Args iniciales: {"post_type":"wpcargo_shipment","post_status":"publish","posts_per_page":100,"paged":1,"s":"","meta_query":{"relation":"AND","0":{"__assignment":{"key":"wpcargo_driver","value":190,"compare":"="}}}}
[12-Jun-2026 00:51:36 UTC] 🔵 [FILTER] GET params: Array
(
)

[12-Jun-2026 00:51:36 UTC] 🔵 [FILTER] Sin parámetros de fecha, aplicando HOY por defecto: 2026-06-11
[12-Jun-2026 00:51:36 UTC] 🔵 [FILTER] Fecha desde: '2026-06-11' | Fecha hasta: '2026-06-11'
[12-Jun-2026 00:51:36 UTC] 🔵 [FILTER] has_from: true | has_to: true
[12-Jun-2026 00:51:36 UTC] 🔵 [FILTER] SQL Query: 
            SELECT DISTINCT p.ID 
            FROM wp_posts p
            INNER JOIN wp_postmeta pm ON p.ID = pm.post_id
            WHERE p.post_type = 'wpcargo_shipment'
            AND pm.meta_key IN ('wpcargo_pickup_date_picker', 'wpcargo_pickup_date', 'calendarenvio', 'wpcargo_fecha_envio')
            AND (STR_TO_DATE(pm.meta_value, '%d/%m/%Y') >= STR_TO_DATE('2026-06-11', '%Y-%m-%d') AND STR_TO_DATE(pm.meta_value, '%d/%m/%Y') <= STR_TO_DATE('2026-06-11', '%Y-%m-%d'))
        
[12-Jun-2026 00:51:36 UTC] 🔵 [FILTER] IDs encontrados por fecha: 3
[12-Jun-2026 00:51:36 UTC] 🔵 [FILTER] Primeros 10 IDs: 31872, 31878, 31880
[12-Jun-2026 00:51:36 UTC] 🔵 [FILTER] post__in no existe, creando nuevo
[12-Jun-2026 00:51:36 UTC] 🔵 [FILTER] post_status cambiado a array para incluir estados normales (EXCLUYENDO trash)
[12-Jun-2026 00:51:36 UTC] 🔵 [FILTER] Args finales: {"post_type":"wpcargo_shipment","post_status":["publish","draft","pending","private"],"posts_per_page":100,"paged":1,"s":"","meta_query":{"relation":"AND","0":{"__assignment":{"key":"wpcargo_driver","value":190,"compare":"="}}},"post__in":["31872","31878","31880"]}
[12-Jun-2026 00:51:37 UTC] 🔔 [MERC_LOG] Inicializado logger diario: /var/www/html/wp-content/merc_logs/merc-debug-2026-06-12.log
[12-Jun-2026 00:51:37 UTC] 🔔 [MERC_LOG] Inicializado logger diario: /var/www/html/wp-content/merc_logs/merc-debug-2026-06-12.log
[12-Jun-2026 00:51:37 UTC] 🔔 [MERC_LOG] Inicializado logger diario: /var/www/html/wp-content/merc_logs/merc-debug-2026-06-12.log
[12-Jun-2026 00:51:38 UTC] 🔔 [MERC_LOG] Inicializado logger diario: /var/www/html/wp-content/merc_logs/merc-debug-2026-06-12.log
[12-Jun-2026 00:51:38 UTC] 🔔 [MERC_LOG] Inicializado logger diario: /var/www/html/wp-content/merc_logs/merc-debug-2026-06-12.log
[12-Jun-2026 00:51:38 UTC] 🔔 [MERC_LOG] Inicializado logger diario: /var/www/html/wp-content/merc_logs/merc-debug-2026-06-12.log
[12-Jun-2026 00:51:38 UTC] 🔔 [MERC_LOG] Inicializado logger diario: /var/www/html/wp-content/merc_logs/merc-debug-2026-06-12.log
[12-Jun-2026 00:51:40 UTC] 🔔 [MERC_LOG] Inicializado logger diario: /var/www/html/wp-content/merc_logs/merc-debug-2026-06-12.log
[12-Jun-2026 00:51:40 UTC] 🔔 [MERC_LOG] Inicializado logger diario: /var/www/html/wp-content/merc_logs/merc-debug-2026-06-12.log
[12-Jun-2026 00:51:47 UTC] 🔔 [MERC_LOG] Inicializado logger diario: /var/www/html/wp-content/merc_logs/merc-debug-2026-06-12.log
[12-Jun-2026 00:51:47 UTC] MERC_DEBUG_ENTRY - merc_maybe_create_penalty_for_shipment post_id=31880 post_type=wpcargo_shipment
[12-Jun-2026 00:51:47 UTC] MERC_DEBUG_STATE - post_id=31880 estado_raw=EN BASE MERCOURIER
[12-Jun-2026 00:51:47 UTC] MERC_DEBUG_ABORT - post_id=31880 estado no es NO RECOGIDO, abortando
[12-Jun-2026 00:51:47 UTC] MERC_DEBUG_ENTRY - merc_maybe_create_penalty_for_shipment post_id=31880 post_type=wpcargo_shipment
[12-Jun-2026 00:51:47 UTC] MERC_DEBUG_STATE - post_id=31880 estado_raw=EN BASE MERCOURIER
[12-Jun-2026 00:51:47 UTC] MERC_DEBUG_ABORT - post_id=31880 estado no es NO RECOGIDO, abortando
[12-Jun-2026 00:51:47 UTC] MERC_NO_RECIBIDO_DEBUG - post_id=31880 estado=EN BASE MERCOURIER NO es NO RECIBIDO
[12-Jun-2026 00:51:47 UTC] 🔄 Reasignación EN BASE MERCOURIER INICIADA - Envío #31880
[12-Jun-2026 00:51:47 UTC] ℹ️ Reasignación EN BASE - Envío #31880: Ya tiene contenedor de entrega #3731, solo actualizando motorizado...
[12-Jun-2026 00:51:47 UTC] 📦 Reasignación EN BASE - Envío #31880: Contenedor de recojo: #3731
[12-Jun-2026 00:51:47 UTC] 🚚 Reasignación EN BASE - Envío #31880: MOTORIZADO ENTREGA YA ASIGNADO: moto@gmail.com (ID:120)
[12-Jun-2026 00:51:47 UTC] 📍 Reasignación EN BASE - Envío #31880: wpcargo_driver actualizado a #120
[12-Jun-2026 00:51:47 UTC] ✅ Reasignación EN BASE - Envío #31880: Ya tiene contenedor de entrega #3731
[12-Jun-2026 00:51:49 UTC] 🔔 [MERC_LOG] Inicializado logger diario: /var/www/html/wp-content/merc_logs/merc-debug-2026-06-12.log
[12-Jun-2026 00:51:51 UTC] 🔵 [FILTER] filter_shipment_by_date_and_tiendaname llamado
[12-Jun-2026 00:51:51 UTC] 🔵 [FILTER] Usuario actual: 109
[12-Jun-2026 00:51:51 UTC] 🔵 [FILTER] Args iniciales: {"post_type":"wpcargo_shipment","post_status":"publish","posts_per_page":"500","paged":1,"s":"","meta_query":{"relation":"AND","0":[]}}
[12-Jun-2026 00:51:51 UTC] 🔵 [FILTER] GET params: Array
(
)

[12-Jun-2026 00:51:51 UTC] 🔵 [FILTER] Sin parámetros de fecha, aplicando HOY por defecto: 2026-06-11
[12-Jun-2026 00:51:51 UTC] 🔵 [FILTER] Fecha desde: '2026-06-11' | Fecha hasta: '2026-06-11'
[12-Jun-2026 00:51:51 UTC] 🔵 [FILTER] has_from: true | has_to: true
[12-Jun-2026 00:51:51 UTC] 🔵 [FILTER] SQL Query: 
            SELECT DISTINCT p.ID 
            FROM wp_posts p
            INNER JOIN wp_postmeta pm ON p.ID = pm.post_id
            WHERE p.post_type = 'wpcargo_shipment'
            AND pm.meta_key IN ('wpcargo_pickup_date_picker', 'wpcargo_pickup_date', 'calendarenvio', 'wpcargo_fecha_envio')
            AND (STR_TO_DATE(pm.meta_value, '%d/%m/%Y') >= STR_TO_DATE('2026-06-11', '%Y-%m-%d') AND STR_TO_DATE(pm.meta_value, '%d/%m/%Y') <= STR_TO_DATE('2026-06-11', '%Y-%m-%d'))
        
[12-Jun-2026 00:51:51 UTC] 🔵 [FILTER] IDs encontrados por fecha: 3
[12-Jun-2026 00:51:51 UTC] 🔵 [FILTER] Primeros 10 IDs: 31872, 31878, 31880
[12-Jun-2026 00:51:51 UTC] 🔵 [FILTER] post__in no existe, creando nuevo
[12-Jun-2026 00:51:51 UTC] 🔵 [FILTER] post_status cambiado a array para incluir estados normales (EXCLUYENDO trash)
[12-Jun-2026 00:51:51 UTC] 🔵 [FILTER] Args finales: {"post_type":"wpcargo_shipment","post_status":["publish","draft","pending","private"],"posts_per_page":"500","paged":1,"s":"","meta_query":{"relation":"AND","0":[]},"post__in":["31872","31878","31880"]}
[12-Jun-2026 00:51:52 UTC] 🔔 [MERC_LOG] Inicializado logger diario: /var/www/html/wp-content/merc_logs/merc-debug-2026-06-12.log
[12-Jun-2026 00:51:53 UTC] 🔔 [MERC_LOG] Inicializado logger diario: /var/www/html/wp-content/merc_logs/merc-debug-2026-06-12.log
[12-Jun-2026 00:51:53 UTC] 🔔 [MERC_LOG] Inicializado logger diario: /var/www/html/wp-content/merc_logs/merc-debug-2026-06-12.log
[12-Jun-2026 00:51:55 UTC] 🔔 [MERC_LOG] Inicializado logger diario: /var/www/html/wp-content/merc_logs/merc-debug-2026-06-12.log
[12-Jun-2026 00:51:55 UTC] 🔔 [MERC_LOG] Inicializado logger diario: /var/www/html/wp-content/merc_logs/merc-debug-2026-06-12.log
[12-Jun-2026 00:51:56 UTC] 🔔 [MERC_LOG] Inicializado logger diario: /var/www/html/wp-content/merc_logs/merc-debug-2026-06-12.log
[12-Jun-2026 00:51:58 UTC] 🔵 [FILTER] filter_shipment_by_date_and_tiendaname llamado
[12-Jun-2026 00:51:58 UTC] 🔵 [FILTER] Usuario actual: 190
[12-Jun-2026 00:51:58 UTC] 🔵 [FILTER] Args iniciales: {"post_type":"wpcargo_shipment","post_status":"publish","posts_per_page":100,"paged":1,"s":"","meta_query":{"relation":"AND","0":{"__assignment":{"key":"wpcargo_driver","value":190,"compare":"="}}}}
[12-Jun-2026 00:51:58 UTC] 🔵 [FILTER] GET params: Array
(
)

[12-Jun-2026 00:51:58 UTC] 🔵 [FILTER] Sin parámetros de fecha, aplicando HOY por defecto: 2026-06-11
[12-Jun-2026 00:51:58 UTC] 🔵 [FILTER] Fecha desde: '2026-06-11' | Fecha hasta: '2026-06-11'
[12-Jun-2026 00:51:58 UTC] 🔵 [FILTER] has_from: true | has_to: true
[12-Jun-2026 00:51:58 UTC] 🔵 [FILTER] SQL Query: 
            SELECT DISTINCT p.ID 
            FROM wp_posts p
            INNER JOIN wp_postmeta pm ON p.ID = pm.post_id
            WHERE p.post_type = 'wpcargo_shipment'
            AND pm.meta_key IN ('wpcargo_pickup_date_picker', 'wpcargo_pickup_date', 'calendarenvio', 'wpcargo_fecha_envio')
            AND (STR_TO_DATE(pm.meta_value, '%d/%m/%Y') >= STR_TO_DATE('2026-06-11', '%Y-%m-%d') AND STR_TO_DATE(pm.meta_value, '%d/%m/%Y') <= STR_TO_DATE('2026-06-11', '%Y-%m-%d'))
        
[12-Jun-2026 00:51:58 UTC] 🔵 [FILTER] IDs encontrados por fecha: 3
[12-Jun-2026 00:51:58 UTC] 🔵 [FILTER] Primeros 10 IDs: 31872, 31878, 31880
[12-Jun-2026 00:51:58 UTC] 🔵 [FILTER] post__in no existe, creando nuevo
[12-Jun-2026 00:51:58 UTC] 🔵 [FILTER] post_status cambiado a array para incluir estados normales (EXCLUYENDO trash)
[12-Jun-2026 00:51:58 UTC] 🔵 [FILTER] Args finales: {"post_type":"wpcargo_shipment","post_status":["publish","draft","pending","private"],"posts_per_page":100,"paged":1,"s":"","meta_query":{"relation":"AND","0":{"__assignment":{"key":"wpcargo_driver","value":190,"compare":"="}}},"post__in":["31872","31878","31880"]}
[12-Jun-2026 00:51:58 UTC] 🔔 [MERC_LOG] Inicializado logger diario: /var/www/html/wp-content/merc_logs/merc-debug-2026-06-12.log
[12-Jun-2026 00:51:58 UTC] 🔔 [MERC_LOG] Inicializado logger diario: /var/www/html/wp-content/merc_logs/merc-debug-2026-06-12.log
[12-Jun-2026 00:51:59 UTC] 🔔 [MERC_LOG] Inicializado logger diario: /var/www/html/wp-content/merc_logs/merc-debug-2026-06-12.log
[12-Jun-2026 00:52:01 UTC] 🔔 [MERC_LOG] Inicializado logger diario: /var/www/html/wp-content/merc_logs/merc-debug-2026-06-12.log
[12-Jun-2026 00:52:02 UTC] 🔔 [MERC_LOG] Inicializado logger diario: /var/www/html/wp-content/merc_logs/merc-debug-2026-06-12.log
[12-Jun-2026 00:52:02 UTC] 🔔 [MERC_LOG] Inicializado logger diario: /var/www/html/wp-content/merc_logs/merc-debug-2026-06-12.log
[12-Jun-2026 00:52:07 UTC] 🔔 [MERC_LOG] Inicializado logger diario: /var/www/html/wp-content/merc_logs/merc-debug-2026-06-12.log
[12-Jun-2026 00:52:12 UTC] 🔔 [MERC_LOG] Inicializado logger diario: /var/www/html/wp-content/merc_logs/merc-debug-2026-06-12.log
[12-Jun-2026 00:52:12 UTC] 🔔 [MERC_LOG] Inicializado logger diario: /var/www/html/wp-content/merc_logs/merc-debug-2026-06-12.log
[12-Jun-2026 00:52:13 UTC] 🔵 [FILTER] filter_shipment_by_date_and_tiendaname llamado
[12-Jun-2026 00:52:13 UTC] 🔵 [FILTER] Usuario actual: 120
[12-Jun-2026 00:52:13 UTC] 🔵 [FILTER] Args iniciales: {"post_type":"wpcargo_shipment","post_status":"publish","posts_per_page":100,"paged":1,"s":"","meta_query":{"relation":"AND","0":{"__assignment":{"key":"wpcargo_driver","value":120,"compare":"="}}}}
[12-Jun-2026 00:52:13 UTC] 🔵 [FILTER] GET params: Array
(
)

[12-Jun-2026 00:52:13 UTC] 🔵 [FILTER] Sin parámetros de fecha, aplicando HOY por defecto: 2026-06-11
[12-Jun-2026 00:52:13 UTC] 🔵 [FILTER] Fecha desde: '2026-06-11' | Fecha hasta: '2026-06-11'
[12-Jun-2026 00:52:13 UTC] 🔵 [FILTER] has_from: true | has_to: true
[12-Jun-2026 00:52:13 UTC] 🔵 [FILTER] SQL Query: 
            SELECT DISTINCT p.ID 
            FROM wp_posts p
            INNER JOIN wp_postmeta pm ON p.ID = pm.post_id
            WHERE p.post_type = 'wpcargo_shipment'
            AND pm.meta_key IN ('wpcargo_pickup_date_picker', 'wpcargo_pickup_date', 'calendarenvio', 'wpcargo_fecha_envio')
            AND (STR_TO_DATE(pm.meta_value, '%d/%m/%Y') >= STR_TO_DATE('2026-06-11', '%Y-%m-%d') AND STR_TO_DATE(pm.meta_value, '%d/%m/%Y') <= STR_TO_DATE('2026-06-11', '%Y-%m-%d'))
        
[12-Jun-2026 00:52:13 UTC] 🔵 [FILTER] IDs encontrados por fecha: 3
[12-Jun-2026 00:52:13 UTC] 🔵 [FILTER] Primeros 10 IDs: 31872, 31878, 31880
[12-Jun-2026 00:52:13 UTC] 🔵 [FILTER] post__in no existe, creando nuevo
[12-Jun-2026 00:52:13 UTC] 🔵 [FILTER] post_status cambiado a array para incluir estados normales (EXCLUYENDO trash)
[12-Jun-2026 00:52:13 UTC] 🔵 [FILTER] Args finales: {"post_type":"wpcargo_shipment","post_status":["publish","draft","pending","private"],"posts_per_page":100,"paged":1,"s":"","meta_query":{"relation":"AND","0":{"__assignment":{"key":"wpcargo_driver","value":120,"compare":"="}}},"post__in":["31872","31878","31880"]}
[12-Jun-2026 00:52:14 UTC] 🔔 [MERC_LOG] Inicializado logger diario: /var/www/html/wp-content/merc_logs/merc-debug-2026-06-12.log
[12-Jun-2026 00:52:14 UTC] 🔔 [MERC_LOG] Inicializado logger diario: /var/www/html/wp-content/merc_logs/merc-debug-2026-06-12.log
[12-Jun-2026 00:52:15 UTC] 🔔 [MERC_LOG] Inicializado logger diario: /var/www/html/wp-content/merc_logs/merc-debug-2026-06-12.log
[12-Jun-2026 00:52:17 UTC] 🔔 [MERC_LOG] Inicializado logger diario: /var/www/html/wp-content/merc_logs/merc-debug-2026-06-12.log
[12-Jun-2026 00:52:21 UTC] 🔔 [MERC_LOG] Inicializado logger diario: /var/www/html/wp-content/merc_logs/merc-debug-2026-06-12.log
[12-Jun-2026 00:52:22 UTC] 🔵 [BEFORE_META_UPDATE] Interceptando cambio de estado en Envío #31880
[12-Jun-2026 00:52:22 UTC]    Estado Actual: 'EN BASE MERCOURIER' -> Nuevo: 'LISTO PARA SALIR'
[12-Jun-2026 00:52:22 UTC]    ✅ Meta 'wpcargo_status_anterior' establecido a: 'EN BASE MERCOURIER'
[12-Jun-2026 00:52:22 UTC]    ✅ Historial actualizado (total: 4 registros)
[12-Jun-2026 00:52:22 UTC] 🔵 [BEFORE_META_UPDATE] Interceptando cambio de estado en Envío #31880
[12-Jun-2026 00:52:22 UTC]    Estado Actual: 'EN BASE MERCOURIER' -> Nuevo: 'LISTO PARA SALIR'
[12-Jun-2026 00:52:22 UTC]    ✅ Meta 'wpcargo_status_anterior' establecido a: 'EN BASE MERCOURIER'
[12-Jun-2026 00:52:22 UTC]    ℹ️  Registro anterior ya existe, evitando duplicado
[12-Jun-2026 00:52:22 UTC] MERC_DEBUG_ENTRY - merc_maybe_create_penalty_for_shipment post_id=31880 post_type=wpcargo_shipment
[12-Jun-2026 00:52:22 UTC] MERC_DEBUG_STATE - post_id=31880 estado_raw=LISTO PARA SALIR
[12-Jun-2026 00:52:22 UTC] MERC_DEBUG_ABORT - post_id=31880 estado no es NO RECOGIDO, abortando
[12-Jun-2026 00:52:22 UTC] MERC_DEBUG_ENTRY - merc_maybe_create_penalty_for_shipment post_id=31880 post_type=wpcargo_shipment
[12-Jun-2026 00:52:22 UTC] MERC_DEBUG_STATE - post_id=31880 estado_raw=LISTO PARA SALIR
[12-Jun-2026 00:52:22 UTC] MERC_DEBUG_ABORT - post_id=31880 estado no es NO RECOGIDO, abortando
[12-Jun-2026 00:52:22 UTC] MERC_NO_RECIBIDO_DEBUG - post_id=31880 estado=LISTO PARA SALIR NO es NO RECIBIDO
[12-Jun-2026 00:52:24 UTC] 🔔 [MERC_LOG] Inicializado logger diario: /var/www/html/wp-content/merc_logs/merc-debug-2026-06-12.log
[12-Jun-2026 00:52:25 UTC] 🔵 [FILTER] filter_shipment_by_date_and_tiendaname llamado
[12-Jun-2026 00:52:25 UTC] 🔵 [FILTER] Usuario actual: 109
[12-Jun-2026 00:52:25 UTC] 🔵 [FILTER] Args iniciales: {"post_type":"wpcargo_shipment","post_status":"publish","posts_per_page":"500","paged":1,"s":"","meta_query":{"relation":"AND","0":[]}}
[12-Jun-2026 00:52:25 UTC] 🔵 [FILTER] GET params: Array
(
)

[12-Jun-2026 00:52:25 UTC] 🔵 [FILTER] Sin parámetros de fecha, aplicando HOY por defecto: 2026-06-11
[12-Jun-2026 00:52:25 UTC] 🔵 [FILTER] Fecha desde: '2026-06-11' | Fecha hasta: '2026-06-11'
[12-Jun-2026 00:52:25 UTC] 🔵 [FILTER] has_from: true | has_to: true
[12-Jun-2026 00:52:25 UTC] 🔵 [FILTER] SQL Query: 
            SELECT DISTINCT p.ID 
            FROM wp_posts p
            INNER JOIN wp_postmeta pm ON p.ID = pm.post_id
            WHERE p.post_type = 'wpcargo_shipment'
            AND pm.meta_key IN ('wpcargo_pickup_date_picker', 'wpcargo_pickup_date', 'calendarenvio', 'wpcargo_fecha_envio')
            AND (STR_TO_DATE(pm.meta_value, '%d/%m/%Y') >= STR_TO_DATE('2026-06-11', '%Y-%m-%d') AND STR_TO_DATE(pm.meta_value, '%d/%m/%Y') <= STR_TO_DATE('2026-06-11', '%Y-%m-%d'))
        
[12-Jun-2026 00:52:25 UTC] 🔵 [FILTER] IDs encontrados por fecha: 3
[12-Jun-2026 00:52:25 UTC] 🔵 [FILTER] Primeros 10 IDs: 31872, 31878, 31880
[12-Jun-2026 00:52:25 UTC] 🔵 [FILTER] post__in no existe, creando nuevo
[12-Jun-2026 00:52:25 UTC] 🔵 [FILTER] post_status cambiado a array para incluir estados normales (EXCLUYENDO trash)
[12-Jun-2026 00:52:25 UTC] 🔵 [FILTER] Args finales: {"post_type":"wpcargo_shipment","post_status":["publish","draft","pending","private"],"posts_per_page":"500","paged":1,"s":"","meta_query":{"relation":"AND","0":[]},"post__in":["31872","31878","31880"]}
[12-Jun-2026 00:52:25 UTC] 🔔 [MERC_LOG] Inicializado logger diario: /var/www/html/wp-content/merc_logs/merc-debug-2026-06-12.log
[12-Jun-2026 00:52:26 UTC] 🔔 [MERC_LOG] Inicializado logger diario: /var/www/html/wp-content/merc_logs/merc-debug-2026-06-12.log
[12-Jun-2026 00:52:26 UTC] 🔔 [MERC_LOG] Inicializado logger diario: /var/www/html/wp-content/merc_logs/merc-debug-2026-06-12.log
[12-Jun-2026 00:52:28 UTC] 🔔 [MERC_LOG] Inicializado logger diario: /var/www/html/wp-content/merc_logs/merc-debug-2026-06-12.log
[12-Jun-2026 00:52:28 UTC] 🔔 [MERC_LOG] Inicializado logger diario: /var/www/html/wp-content/merc_logs/merc-debug-2026-06-12.log
[12-Jun-2026 00:52:34 UTC] 🔔 [MERC_LOG] Inicializado logger diario: /var/www/html/wp-content/merc_logs/merc-debug-2026-06-12.log
[12-Jun-2026 00:52:35 UTC] 🔵 [FILTER] filter_shipment_by_date_and_tiendaname llamado
[12-Jun-2026 00:52:35 UTC] 🔵 [FILTER] Usuario actual: 120
[12-Jun-2026 00:52:35 UTC] 🔵 [FILTER] Args iniciales: {"post_type":"wpcargo_shipment","post_status":"publish","posts_per_page":100,"paged":1,"s":"","meta_query":{"relation":"AND","0":{"__assignment":{"key":"wpcargo_driver","value":120,"compare":"="}}}}
[12-Jun-2026 00:52:35 UTC] 🔵 [FILTER] GET params: Array
(
)

[12-Jun-2026 00:52:35 UTC] 🔵 [FILTER] Sin parámetros de fecha, aplicando HOY por defecto: 2026-06-11
[12-Jun-2026 00:52:35 UTC] 🔵 [FILTER] Fecha desde: '2026-06-11' | Fecha hasta: '2026-06-11'
[12-Jun-2026 00:52:35 UTC] 🔵 [FILTER] has_from: true | has_to: true
[12-Jun-2026 00:52:35 UTC] 🔵 [FILTER] SQL Query: 
            SELECT DISTINCT p.ID 
            FROM wp_posts p
            INNER JOIN wp_postmeta pm ON p.ID = pm.post_id
            WHERE p.post_type = 'wpcargo_shipment'
            AND pm.meta_key IN ('wpcargo_pickup_date_picker', 'wpcargo_pickup_date', 'calendarenvio', 'wpcargo_fecha_envio')
            AND (STR_TO_DATE(pm.meta_value, '%d/%m/%Y') >= STR_TO_DATE('2026-06-11', '%Y-%m-%d') AND STR_TO_DATE(pm.meta_value, '%d/%m/%Y') <= STR_TO_DATE('2026-06-11', '%Y-%m-%d'))
        
[12-Jun-2026 00:52:35 UTC] 🔵 [FILTER] IDs encontrados por fecha: 3
[12-Jun-2026 00:52:35 UTC] 🔵 [FILTER] Primeros 10 IDs: 31872, 31878, 31880
[12-Jun-2026 00:52:35 UTC] 🔵 [FILTER] post__in no existe, creando nuevo
[12-Jun-2026 00:52:35 UTC] 🔵 [FILTER] post_status cambiado a array para incluir estados normales (EXCLUYENDO trash)
[12-Jun-2026 00:52:35 UTC] 🔵 [FILTER] Args finales: {"post_type":"wpcargo_shipment","post_status":["publish","draft","pending","private"],"posts_per_page":100,"paged":1,"s":"","meta_query":{"relation":"AND","0":{"__assignment":{"key":"wpcargo_driver","value":120,"compare":"="}}},"post__in":["31872","31878","31880"]}
[12-Jun-2026 00:52:36 UTC] 🔔 [MERC_LOG] Inicializado logger diario: /var/www/html/wp-content/merc_logs/merc-debug-2026-06-12.log
[12-Jun-2026 00:52:36 UTC] 🔔 [MERC_LOG] Inicializado logger diario: /var/www/html/wp-content/merc_logs/merc-debug-2026-06-12.log
[12-Jun-2026 00:52:37 UTC] 🔔 [MERC_LOG] Inicializado logger diario: /var/www/html/wp-content/merc_logs/merc-debug-2026-06-12.log
[12-Jun-2026 00:52:39 UTC] 🔔 [MERC_LOG] Inicializado logger diario: /var/www/html/wp-content/merc_logs/merc-debug-2026-06-12.log
[12-Jun-2026 00:52:48 UTC] 🔔 [MERC_LOG] Inicializado logger diario: /var/www/html/wp-content/merc_logs/merc-debug-2026-06-12.log
[12-Jun-2026 00:52:48 UTC] MERC_DEBUG_ENTRY - merc_maybe_create_penalty_for_shipment post_id=31880 post_type=wpcargo_shipment
[12-Jun-2026 00:52:48 UTC] MERC_DEBUG_STATE - post_id=31880 estado_raw=EN RUTA
[12-Jun-2026 00:52:48 UTC] MERC_DEBUG_ABORT - post_id=31880 estado no es NO RECOGIDO, abortando
[12-Jun-2026 00:52:48 UTC] MERC_DEBUG_ENTRY - merc_maybe_create_penalty_for_shipment post_id=31880 post_type=wpcargo_shipment
[12-Jun-2026 00:52:48 UTC] MERC_DEBUG_STATE - post_id=31880 estado_raw=EN RUTA
[12-Jun-2026 00:52:48 UTC] MERC_DEBUG_ABORT - post_id=31880 estado no es NO RECOGIDO, abortando
[12-Jun-2026 00:52:48 UTC] MERC_NO_RECIBIDO_DEBUG - post_id=31880 estado=EN RUTA NO es NO RECIBIDO
[12-Jun-2026 00:52:50 UTC] 🔔 [MERC_LOG] Inicializado logger diario: /var/www/html/wp-content/merc_logs/merc-debug-2026-06-12.log
[12-Jun-2026 00:52:51 UTC] 🔵 [FILTER] filter_shipment_by_date_and_tiendaname llamado
[12-Jun-2026 00:52:51 UTC] 🔵 [FILTER] Usuario actual: 120
[12-Jun-2026 00:52:51 UTC] 🔵 [FILTER] Args iniciales: {"post_type":"wpcargo_shipment","post_status":"publish","posts_per_page":100,"paged":1,"s":"","meta_query":{"relation":"AND","0":{"__assignment":{"key":"wpcargo_driver","value":120,"compare":"="}}}}
[12-Jun-2026 00:52:51 UTC] 🔵 [FILTER] GET params: Array
(
)

[12-Jun-2026 00:52:51 UTC] 🔵 [FILTER] Sin parámetros de fecha, aplicando HOY por defecto: 2026-06-11
[12-Jun-2026 00:52:51 UTC] 🔵 [FILTER] Fecha desde: '2026-06-11' | Fecha hasta: '2026-06-11'
[12-Jun-2026 00:52:51 UTC] 🔵 [FILTER] has_from: true | has_to: true
[12-Jun-2026 00:52:51 UTC] 🔵 [FILTER] SQL Query: 
            SELECT DISTINCT p.ID 
            FROM wp_posts p
            INNER JOIN wp_postmeta pm ON p.ID = pm.post_id
            WHERE p.post_type = 'wpcargo_shipment'
            AND pm.meta_key IN ('wpcargo_pickup_date_picker', 'wpcargo_pickup_date', 'calendarenvio', 'wpcargo_fecha_envio')
            AND (STR_TO_DATE(pm.meta_value, '%d/%m/%Y') >= STR_TO_DATE('2026-06-11', '%Y-%m-%d') AND STR_TO_DATE(pm.meta_value, '%d/%m/%Y') <= STR_TO_DATE('2026-06-11', '%Y-%m-%d'))
        
[12-Jun-2026 00:52:51 UTC] 🔵 [FILTER] IDs encontrados por fecha: 3
[12-Jun-2026 00:52:51 UTC] 🔵 [FILTER] Primeros 10 IDs: 31872, 31878, 31880
[12-Jun-2026 00:52:51 UTC] 🔵 [FILTER] post__in no existe, creando nuevo
[12-Jun-2026 00:52:51 UTC] 🔵 [FILTER] post_status cambiado a array para incluir estados normales (EXCLUYENDO trash)
[12-Jun-2026 00:52:51 UTC] 🔵 [FILTER] Args finales: {"post_type":"wpcargo_shipment","post_status":["publish","draft","pending","private"],"posts_per_page":100,"paged":1,"s":"","meta_query":{"relation":"AND","0":{"__assignment":{"key":"wpcargo_driver","value":120,"compare":"="}}},"post__in":["31872","31878","31880"]}
[12-Jun-2026 00:52:52 UTC] 🔔 [MERC_LOG] Inicializado logger diario: /var/www/html/wp-content/merc_logs/merc-debug-2026-06-12.log
[12-Jun-2026 00:52:52 UTC] 🔔 [MERC_LOG] Inicializado logger diario: /var/www/html/wp-content/merc_logs/merc-debug-2026-06-12.log
[12-Jun-2026 00:52:53 UTC] 🔔 [MERC_LOG] Inicializado logger diario: /var/www/html/wp-content/merc_logs/merc-debug-2026-06-12.log
[12-Jun-2026 00:52:55 UTC] 🔔 [MERC_LOG] Inicializado logger diario: /var/www/html/wp-content/merc_logs/merc-debug-2026-06-12.log
[12-Jun-2026 00:52:58 UTC] 🔔 [MERC_LOG] Inicializado logger diario: /var/www/html/wp-content/merc_logs/merc-debug-2026-06-12.log
[12-Jun-2026 00:53:00 UTC] 🔵 [FILTER] filter_shipment_by_date_and_tiendaname llamado
[12-Jun-2026 00:53:00 UTC] 🔵 [FILTER] Usuario actual: 109
[12-Jun-2026 00:53:00 UTC] 🔵 [FILTER] Args iniciales: {"post_type":"wpcargo_shipment","post_status":"publish","posts_per_page":"500","paged":1,"s":"","meta_query":{"relation":"AND","0":[]}}
[12-Jun-2026 00:53:00 UTC] 🔵 [FILTER] GET params: Array
(
)

[12-Jun-2026 00:53:00 UTC] 🔵 [FILTER] Sin parámetros de fecha, aplicando HOY por defecto: 2026-06-11
[12-Jun-2026 00:53:00 UTC] 🔵 [FILTER] Fecha desde: '2026-06-11' | Fecha hasta: '2026-06-11'
[12-Jun-2026 00:53:00 UTC] 🔵 [FILTER] has_from: true | has_to: true
[12-Jun-2026 00:53:00 UTC] 🔵 [FILTER] SQL Query: 
            SELECT DISTINCT p.ID 
            FROM wp_posts p
            INNER JOIN wp_postmeta pm ON p.ID = pm.post_id
            WHERE p.post_type = 'wpcargo_shipment'
            AND pm.meta_key IN ('wpcargo_pickup_date_picker', 'wpcargo_pickup_date', 'calendarenvio', 'wpcargo_fecha_envio')
            AND (STR_TO_DATE(pm.meta_value, '%d/%m/%Y') >= STR_TO_DATE('2026-06-11', '%Y-%m-%d') AND STR_TO_DATE(pm.meta_value, '%d/%m/%Y') <= STR_TO_DATE('2026-06-11', '%Y-%m-%d'))
        
[12-Jun-2026 00:53:00 UTC] 🔵 [FILTER] IDs encontrados por fecha: 3
[12-Jun-2026 00:53:00 UTC] 🔵 [FILTER] Primeros 10 IDs: 31872, 31878, 31880
[12-Jun-2026 00:53:00 UTC] 🔵 [FILTER] post__in no existe, creando nuevo
[12-Jun-2026 00:53:00 UTC] 🔵 [FILTER] post_status cambiado a array para incluir estados normales (EXCLUYENDO trash)
[12-Jun-2026 00:53:00 UTC] 🔵 [FILTER] Args finales: {"post_type":"wpcargo_shipment","post_status":["publish","draft","pending","private"],"posts_per_page":"500","paged":1,"s":"","meta_query":{"relation":"AND","0":[]},"post__in":["31872","31878","31880"]}
[12-Jun-2026 00:53:01 UTC] 🔔 [MERC_LOG] Inicializado logger diario: /var/www/html/wp-content/merc_logs/merc-debug-2026-06-12.log
[12-Jun-2026 00:53:01 UTC] 🔔 [MERC_LOG] Inicializado logger diario: /var/www/html/wp-content/merc_logs/merc-debug-2026-06-12.log
[12-Jun-2026 00:53:01 UTC] 🔔 [MERC_LOG] Inicializado logger diario: /var/www/html/wp-content/merc_logs/merc-debug-2026-06-12.log
[12-Jun-2026 00:53:02 UTC] 🔔 [MERC_LOG] Inicializado logger diario: /var/www/html/wp-content/merc_logs/merc-debug-2026-06-12.log
[12-Jun-2026 00:53:03 UTC] PHP Warning:  Undefined variable $tipo_vista in /var/www/html/wp-content/themes/blocksy-child/functions.php on line 7636
[12-Jun-2026 00:53:03 UTC] MERC_ADMIN_RESUMEN - date_query="AND EXISTS(
            SELECT 1 FROM wp_postmeta pm_pickup 
            WHERE pm_pickup.post_id = p.ID 
            AND pm_pickup.meta_key = 'wpcargo_pickup_date_picker'
            AND (
                STR_TO_DATE(pm_pickup.meta_value, '%d/%m/%Y') >= STR_TO_DATE('2026-06-11', '%Y-%m-%d')
                AND STR_TO_DATE(pm_pickup.meta_value, '%d/%m/%Y') <= STR_TO_DATE('2026-06-11', '%Y-%m-%d')
            )
        )"
[12-Jun-2026 00:53:03 UTC] MERC_ADMIN_RESUMEN - shipments_count=2
[12-Jun-2026 00:53:03 UTC] ═══════════════════════════════════════════════════════════
[12-Jun-2026 00:53:03 UTC] 🔍 MERC_ADMIN_DEBUG - INICIANDO CÁLCULOS DEL PANEL
[12-Jun-2026 00:53:03 UTC] ═══════════════════════════════════════════════════════════
[12-Jun-2026 00:53:03 UTC] 
[12-Jun-2026 00:53:03 UTC] ────────────────────────────────────────────────────────
[12-Jun-2026 00:53:03 UTC] 📦 SHIPMENT #31872
[12-Jun-2026 00:53:03 UTC]    Costo Envío: S/. 13.00
[12-Jun-2026 00:53:03 UTC]    Costo Producto: S/. 27.00
[12-Jun-2026 00:53:03 UTC]    Estado Motorizado: liquidado
[12-Jun-2026 00:53:03 UTC]    Estado Remitente (liquidado): VACÍO
[12-Jun-2026 00:53:03 UTC]    Quién Paga: remitente
[12-Jun-2026 00:53:03 UTC]    Estado Entrega: ENTREGADO
[12-Jun-2026 00:53:03 UTC]    ✅ SUMADO A TOTAL ENTREGADOS: S/. 27.00 (producto=27.00, Total: S/. 27.00)
[12-Jun-2026 00:53:03 UTC]    ✅ SUMADO A INGRESOS ENVÍOS: S/. 13.00 (Total: S/. 13.00)
[12-Jun-2026 00:53:03 UTC]    Cliente 517 - ¿Liquidación verificada? NO
[12-Jun-2026 00:53:03 UTC]    TOTALES ACUMULADOS: pago_merc=S/. 10.00, pos=S/. 12.35, pago_marca=S/. 10.00, servicio=S/. 13.00
[12-Jun-2026 00:53:03 UTC]    GET_PAYMENT_TOTALS: efectivo=S/. 7.00, pago_merc=S/. 10.00, pos=S/. 12.35, pago_marca=S/. 10.00, total=S/. 39.35
[12-Jun-2026 00:53:03 UTC]    Efectivo Total acumulado: S/. 7.00
[12-Jun-2026 00:53:03 UTC]    ✅ SUMADO A RECAUDADO_MERC: S/. 10.00 (Total: S/. 10.00)
[12-Jun-2026 00:53:03 UTC]    ✅ SUMADO A RECAUDADO_MARCA: S/. 10.00 (Total: S/. 10.00)
[12-Jun-2026 00:53:03 UTC]    ✅ SUMADO A POS_RECAUDADO: S/. 12.35 (Total: S/. 12.35)
[12-Jun-2026 00:53:03 UTC] 
[12-Jun-2026 00:53:03 UTC] ────────────────────────────────────────────────────────
[12-Jun-2026 00:53:03 UTC] 📦 SHIPMENT #31880
[12-Jun-2026 00:53:03 UTC]    Costo Envío: S/. 0.00
[12-Jun-2026 00:53:03 UTC]    Costo Producto: S/. 0.00
[12-Jun-2026 00:53:03 UTC]    Estado Motorizado: pendiente
[12-Jun-2026 00:53:03 UTC]    Estado Remitente (liquidado): VACÍO
[12-Jun-2026 00:53:03 UTC]    Quién Paga: remitente
[12-Jun-2026 00:53:03 UTC]    Estado Entrega: EN RUTA
[12-Jun-2026 00:53:03 UTC]    ❌ NO ENTREGADO aún (estado: EN RUTA)
[12-Jun-2026 00:53:03 UTC]    ❌ NO SUMADO a ingresos envíos (quien_paga=remitente, estado_remitente=VACÍO)
[12-Jun-2026 00:53:03 UTC]    Cliente 307 - ¿Liquidación verificada? NO
[12-Jun-2026 00:53:03 UTC]    TOTALES ACUMULADOS: pago_merc=S/. 0.00, pos=S/. 0.00, pago_marca=S/. 0.00, servicio=S/. 0.00
[12-Jun-2026 00:53:03 UTC]    GET_PAYMENT_TOTALS: efectivo=S/. 0.00, pago_merc=S/. 0.00, pos=S/. 0.00, pago_marca=S/. 0.00, total=S/. 0.00
[12-Jun-2026 00:53:03 UTC]    Efectivo Total acumulado: S/. 7.00
[12-Jun-2026 00:53:03 UTC]    ✅ SUMADO A RECAUDADO_MERC: S/. 0.00 (Total: S/. 10.00)
[12-Jun-2026 00:53:03 UTC]    ✅ SUMADO A RECAUDADO_MARCA: S/. 0.00 (Total: S/. 10.00)
[12-Jun-2026 00:53:03 UTC]    ✅ SUMADO A POS_RECAUDADO: S/. 0.00 (Total: S/. 12.35)
[12-Jun-2026 00:53:03 UTC] 
[12-Jun-2026 00:53:03 UTC] ═══════════════════════════════════════════════════════════
[12-Jun-2026 00:53:03 UTC] 🔍 CÁLCULO DE "POR PAGAR REMITENTES" - FÓRMULA TOTAL GENERAL
[12-Jun-2026 00:53:03 UTC] ═══════════════════════════════════════════════════════════
[12-Jun-2026 00:53:03 UTC] RECAUDADO_MER (MER): S/. 10.00
[12-Jun-2026 00:53:03 UTC] EFECTIVO_TOTAL (MOTO): S/. 7.00
[12-Jun-2026 00:53:03 UTC] POS_RECAUDADO (POS): S/. 12.35
[12-Jun-2026 00:53:03 UTC] RECAUDADO_MARCA (MARCA): S/. 10.00
[12-Jun-2026 00:53:03 UTC] INGRESOS_ENVIOS (ENVIOS): S/. 13.00
[12-Jun-2026 00:53:03 UTC] ─────────────────────────────────────────────────────
[12-Jun-2026 00:53:03 UTC] por_pagar_rem = MER + MOTO + POS - MARCA - ENVIOS
[12-Jun-2026 00:53:03 UTC] por_pagar_rem = (10.00 + 7.00 + 12.35) - 10.00 - 13.00
[12-Jun-2026 00:53:03 UTC] por_pagar_rem = S/. 6.35
[12-Jun-2026 00:53:03 UTC] 
[12-Jun-2026 00:53:03 UTC] ═══════════════════════════════════════════════════════════
[12-Jun-2026 00:53:03 UTC] 📊 RESUMEN FINAL DE CÁLCULOS DEL PANEL ADMIN
[12-Jun-2026 00:53:03 UTC] ═══════════════════════════════════════════════════════════
[12-Jun-2026 00:53:03 UTC] Total Entregados: S/. 27.00 (TODOS los envíos entregados)
[12-Jun-2026 00:53:03 UTC] Ingresos por Envíos: S/. 13.00 (solo liquidados)
[12-Jun-2026 00:53:03 UTC] Efectivo Total: S/. 7.00
[12-Jun-2026 00:53:03 UTC] Recaudado por MERC: S/. 10.00
[12-Jun-2026 00:53:03 UTC] Recaudado por MARCA: S/. 10.00
[12-Jun-2026 00:53:03 UTC] Recaudado por POS: S/. 12.35
[12-Jun-2026 00:53:03 UTC] Por Pagar Remitentes: S/. 6.35
[12-Jun-2026 00:53:03 UTC] Penalidades del día: S/. 0.00
[12-Jun-2026 00:53:03 UTC] TOTAL GENERAL (Balance Neto): S/. 30.00
[12-Jun-2026 00:53:03 UTC] ═══════════════════════════════════════════════════════════
[12-Jun-2026 00:53:03 UTC] 
[12-Jun-2026 00:53:03 UTC] 🔍 [MERC_ADMIN_CARDS] drivers_sql: SELECT pm_entrega.meta_value AS driver_id, COUNT(DISTINCT p.ID) AS total_entregas FROM wp_posts p LEFT JOIN wp_postmeta pm_entrega ON p.ID = pm_entrega.post_id AND pm_entrega.meta_key = 'wpcargo_motorizo_entrega' WHERE p.post_type = 'wpcargo_shipment' AND p.post_status = 'publish' AND pm_entrega.meta_value IS NOT NULL AND EXISTS( SELECT 1 FROM wp_postmeta pm_pickup WHERE pm_pickup.post_id = p.ID AND pm_pickup.meta_key = 'wpcargo_pickup_date_picker' AND ( STR_TO_DATE(pm_pickup.meta_value, '%d/%m/%Y') >= STR_TO_DATE('2026-06-11', '%Y-%m-%d') AND STR_TO_DATE(pm_pickup.meta_value, '%d/%m/%Y') <= STR_TO_DATE('2026-06-11', '%Y-%m-%d') ) ) GROUP BY pm_entrega.meta_value ORDER BY total_entregas DESC
[12-Jun-2026 00:53:03 UTC] 🔍 [MERC_ADMIN_CARDS] sample_ids_count: 2
[12-Jun-2026 00:53:03 UTC] 🔍 [MERC_ADMIN_CARDS] sample shipment_id=31872 wpcargo_driver='190' wpcargo_motorizo_recojo='120'
[12-Jun-2026 00:53:03 UTC] 🔍 [MERC_ADMIN_CARDS] sample shipment_id=31880 wpcargo_driver='120' wpcargo_motorizo_recojo='190'
[12-Jun-2026 00:53:03 UTC] 🔔 [MERC_LOG] Inicializado logger diario: /var/www/html/wp-content/merc_logs/merc-debug-2026-06-12.log
[12-Jun-2026 00:53:03 UTC] 🔔 [MERC_LOG] Inicializado logger diario: /var/www/html/wp-content/merc_logs/merc-debug-2026-06-12.log
[12-Jun-2026 00:53:03 UTC] 🔍 [MERC_ADMIN_CARDS] drivers_count: 2
[12-Jun-2026 00:53:03 UTC] 🔍 [MERC_ADMIN_CARDS] Motorizado ID: 120 | Envios encontrados: 1
[12-Jun-2026 00:53:03 UTC]    Shipment #31880 | pod_payment_methods(raw)=, wpcargo_total_cobrar='0.00', otros_meta={"monto":"39.00"}
[12-Jun-2026 00:53:03 UTC]    Shipment #31880 | Totales: efectivo=0, pago_merc=0, pago_marca=0, pos=0, total=0
[12-Jun-2026 00:53:03 UTC]    Totales del motorizado: Total=0, Efectivo=0, MERC=0, MARCA=0, POS=0
[12-Jun-2026 00:53:03 UTC] 🔍 [MERC_ADMIN_CARDS] Motorizado ID: 190 | Envios encontrados: 1
[12-Jun-2026 00:53:03 UTC]    Shipment #31872 | pod_payment_methods(raw)=[{"metodo":"efectivo","monto":7},{"metodo":"pago_merc","monto":10,"imagen_id":31875,"imagen_url":"http://localhost:8081/wp-content/uploads/2026/06/metodo-pago-31872-1-1781183314.jpeg"},{"metodo":"pos","monto":12.35,"imagen_id":31876,"imagen_url":"http://localhost:8081/wp-content/uploads/2026/06/metodo-pago-31872-2-1781183314.jpeg","monto_original":13},{"metodo":"pago_marca","monto":10,"imagen_id":31877,"imagen_url":"http://localhost:8081/wp-content/uploads/2026/06/metodo-pago-31872-3-1781183314.jpeg"}], wpcargo_total_cobrar='40.00', otros_meta={"monto":"40.00"}
[12-Jun-2026 00:53:03 UTC]    Shipment #31872 | Totales: efectivo=7, pago_merc=10, pago_marca=10, pos=12.35, total=39.35
[12-Jun-2026 00:53:03 UTC]    Totales del motorizado: Total=39.35, Efectivo=7, MERC=10, MARCA=10, POS=12.35
[12-Jun-2026 00:53:04 UTC] 🔔 [MERC_LOG] Inicializado logger diario: /var/www/html/wp-content/merc_logs/merc-debug-2026-06-12.log
[12-Jun-2026 00:53:23 UTC] 🔔 [MERC_LOG] Inicializado logger diario: /var/www/html/wp-content/merc_logs/merc-debug-2026-06-12.log
[12-Jun-2026 00:53:26 UTC] [merc_liquidar_todo] remitente=517 shipments_count=1 recaudado_merc=29.35 pago_marca=10 servicios=13
[12-Jun-2026 00:53:26 UTC] [merc_liquidar_todo] cubrir servicio con recaudado=13
[12-Jun-2026 00:53:26 UTC] 🔔 [MERC_LOG] Inicializado logger diario: /var/www/html/wp-content/merc_logs/merc-debug-2026-06-12.log
[12-Jun-2026 00:53:26 UTC] MERC_DEBUG_PAGAR_A_CLIENTE - shipment_calc efectivo=7.00 pago_merc=10.00 pos=12.35 pago_marca=10.00 servicios=13.00 monto_final=16.35
[12-Jun-2026 00:53:26 UTC] 🔔 [MERC_LOG] Inicializado logger diario: /var/www/html/wp-content/merc_logs/merc-debug-2026-06-12.log
[12-Jun-2026 00:53:28 UTC] PHP Warning:  Undefined variable $tipo_vista in /var/www/html/wp-content/themes/blocksy-child/functions.php on line 7636
[12-Jun-2026 00:53:28 UTC] MERC_ADMIN_RESUMEN - date_query="AND EXISTS(
            SELECT 1 FROM wp_postmeta pm_pickup 
            WHERE pm_pickup.post_id = p.ID 
            AND pm_pickup.meta_key = 'wpcargo_pickup_date_picker'
            AND (
                STR_TO_DATE(pm_pickup.meta_value, '%d/%m/%Y') >= STR_TO_DATE('2026-06-11', '%Y-%m-%d')
                AND STR_TO_DATE(pm_pickup.meta_value, '%d/%m/%Y') <= STR_TO_DATE('2026-06-11', '%Y-%m-%d')
            )
        )"
[12-Jun-2026 00:53:28 UTC] MERC_ADMIN_RESUMEN - shipments_count=2
[12-Jun-2026 00:53:28 UTC] ═══════════════════════════════════════════════════════════
[12-Jun-2026 00:53:28 UTC] 🔍 MERC_ADMIN_DEBUG - INICIANDO CÁLCULOS DEL PANEL
[12-Jun-2026 00:53:28 UTC] ═══════════════════════════════════════════════════════════
[12-Jun-2026 00:53:28 UTC] 
[12-Jun-2026 00:53:28 UTC] ────────────────────────────────────────────────────────
[12-Jun-2026 00:53:28 UTC] 📦 SHIPMENT #31872
[12-Jun-2026 00:53:28 UTC]    Costo Envío: S/. 13.00
[12-Jun-2026 00:53:28 UTC]    Costo Producto: S/. 27.00
[12-Jun-2026 00:53:28 UTC]    Estado Motorizado: liquidado
[12-Jun-2026 00:53:28 UTC]    Estado Remitente (liquidado): liq_6a2b5886a8377
[12-Jun-2026 00:53:28 UTC]    Quién Paga: remitente
[12-Jun-2026 00:53:28 UTC]    Estado Entrega: ENTREGADO
[12-Jun-2026 00:53:28 UTC]    ✅ SUMADO A TOTAL ENTREGADOS: S/. 27.00 (producto=27.00, Total: S/. 27.00)
[12-Jun-2026 00:53:28 UTC]    ✅ SUMADO A INGRESOS ENVÍOS: S/. 13.00 (Total: S/. 13.00)
[12-Jun-2026 00:53:28 UTC]    Cliente 517 - ¿Liquidación verificada? SÍ
[12-Jun-2026 00:53:28 UTC]    GET_PAYMENT_TOTALS: efectivo=S/. 0.00, pago_merc=S/. 23.00, pos=S/. 6.35, pago_marca=S/. 10.00, total=S/. 39.35
[12-Jun-2026 00:53:28 UTC]    Efectivo Total acumulado: S/. 0.00
[12-Jun-2026 00:53:28 UTC]    ✅ SUMADO A RECAUDADO_MERC: S/. 23.00 (Total: S/. 23.00)
[12-Jun-2026 00:53:28 UTC]    ✅ SUMADO A RECAUDADO_MARCA: S/. 10.00 (Total: S/. 10.00)
[12-Jun-2026 00:53:28 UTC]    ✅ SUMADO A POS_RECAUDADO: S/. 6.35 (Total: S/. 6.35)
[12-Jun-2026 00:53:28 UTC] 
[12-Jun-2026 00:53:28 UTC] ────────────────────────────────────────────────────────
[12-Jun-2026 00:53:28 UTC] 📦 SHIPMENT #31880
[12-Jun-2026 00:53:28 UTC]    Costo Envío: S/. 0.00
[12-Jun-2026 00:53:28 UTC]    Costo Producto: S/. 0.00
[12-Jun-2026 00:53:28 UTC]    Estado Motorizado: pendiente
[12-Jun-2026 00:53:28 UTC]    Estado Remitente (liquidado): VACÍO
[12-Jun-2026 00:53:28 UTC]    Quién Paga: remitente
[12-Jun-2026 00:53:28 UTC]    Estado Entrega: EN RUTA
[12-Jun-2026 00:53:28 UTC]    ❌ NO ENTREGADO aún (estado: EN RUTA)
[12-Jun-2026 00:53:28 UTC]    ❌ NO SUMADO a ingresos envíos (quien_paga=remitente, estado_remitente=VACÍO)
[12-Jun-2026 00:53:28 UTC]    Cliente 307 - ¿Liquidación verificada? NO
[12-Jun-2026 00:53:28 UTC]    TOTALES ACUMULADOS: pago_merc=S/. 0.00, pos=S/. 0.00, pago_marca=S/. 0.00, servicio=S/. 0.00
[12-Jun-2026 00:53:28 UTC]    GET_PAYMENT_TOTALS: efectivo=S/. 0.00, pago_merc=S/. 0.00, pos=S/. 0.00, pago_marca=S/. 0.00, total=S/. 0.00
[12-Jun-2026 00:53:28 UTC]    Efectivo Total acumulado: S/. 0.00
[12-Jun-2026 00:53:28 UTC]    ✅ SUMADO A RECAUDADO_MERC: S/. 0.00 (Total: S/. 23.00)
[12-Jun-2026 00:53:28 UTC]    ✅ SUMADO A RECAUDADO_MARCA: S/. 0.00 (Total: S/. 10.00)
[12-Jun-2026 00:53:28 UTC]    ✅ SUMADO A POS_RECAUDADO: S/. 0.00 (Total: S/. 6.35)
[12-Jun-2026 00:53:28 UTC] 
[12-Jun-2026 00:53:28 UTC] ═══════════════════════════════════════════════════════════
[12-Jun-2026 00:53:28 UTC] 🔍 CÁLCULO DE "POR PAGAR REMITENTES" - FÓRMULA TOTAL GENERAL
[12-Jun-2026 00:53:28 UTC] ═══════════════════════════════════════════════════════════
[12-Jun-2026 00:53:28 UTC] RECAUDADO_MER (MER): S/. 23.00
[12-Jun-2026 00:53:28 UTC] EFECTIVO_TOTAL (MOTO): S/. 0.00
[12-Jun-2026 00:53:28 UTC] POS_RECAUDADO (POS): S/. 6.35
[12-Jun-2026 00:53:28 UTC] RECAUDADO_MARCA (MARCA): S/. 10.00
[12-Jun-2026 00:53:28 UTC] INGRESOS_ENVIOS (ENVIOS): S/. 13.00
[12-Jun-2026 00:53:28 UTC] ─────────────────────────────────────────────────────
[12-Jun-2026 00:53:28 UTC] por_pagar_rem = MER + MOTO + POS - MARCA - ENVIOS
[12-Jun-2026 00:53:28 UTC] por_pagar_rem = (23.00 + 0.00 + 6.35) - 10.00 - 13.00
[12-Jun-2026 00:53:28 UTC] por_pagar_rem = S/. 6.35
[12-Jun-2026 00:53:28 UTC] 
[12-Jun-2026 00:53:28 UTC] ═══════════════════════════════════════════════════════════
[12-Jun-2026 00:53:28 UTC] 📊 RESUMEN FINAL DE CÁLCULOS DEL PANEL ADMIN
[12-Jun-2026 00:53:28 UTC] ═══════════════════════════════════════════════════════════
[12-Jun-2026 00:53:28 UTC] Total Entregados: S/. 27.00 (TODOS los envíos entregados)
[12-Jun-2026 00:53:28 UTC] Ingresos por Envíos: S/. 13.00 (solo liquidados)
[12-Jun-2026 00:53:28 UTC] Efectivo Total: S/. 0.00
[12-Jun-2026 00:53:28 UTC] Recaudado por MERC: S/. 23.00
[12-Jun-2026 00:53:28 UTC] Recaudado por MARCA: S/. 10.00
[12-Jun-2026 00:53:28 UTC] Recaudado por POS: S/. 6.35
[12-Jun-2026 00:53:28 UTC] Por Pagar Remitentes: S/. 6.35
[12-Jun-2026 00:53:28 UTC] Penalidades del día: S/. 0.00
[12-Jun-2026 00:53:28 UTC] TOTAL GENERAL (Balance Neto): S/. 30.00
[12-Jun-2026 00:53:28 UTC] ═══════════════════════════════════════════════════════════
[12-Jun-2026 00:53:28 UTC] 
[12-Jun-2026 00:53:28 UTC] 🔍 [MERC_ADMIN_CARDS] drivers_sql: SELECT pm_entrega.meta_value AS driver_id, COUNT(DISTINCT p.ID) AS total_entregas FROM wp_posts p LEFT JOIN wp_postmeta pm_entrega ON p.ID = pm_entrega.post_id AND pm_entrega.meta_key = 'wpcargo_motorizo_entrega' WHERE p.post_type = 'wpcargo_shipment' AND p.post_status = 'publish' AND pm_entrega.meta_value IS NOT NULL AND EXISTS( SELECT 1 FROM wp_postmeta pm_pickup WHERE pm_pickup.post_id = p.ID AND pm_pickup.meta_key = 'wpcargo_pickup_date_picker' AND ( STR_TO_DATE(pm_pickup.meta_value, '%d/%m/%Y') >= STR_TO_DATE('2026-06-11', '%Y-%m-%d') AND STR_TO_DATE(pm_pickup.meta_value, '%d/%m/%Y') <= STR_TO_DATE('2026-06-11', '%Y-%m-%d') ) ) GROUP BY pm_entrega.meta_value ORDER BY total_entregas DESC
[12-Jun-2026 00:53:28 UTC] 🔍 [MERC_ADMIN_CARDS] sample_ids_count: 2
[12-Jun-2026 00:53:28 UTC] 🔍 [MERC_ADMIN_CARDS] sample shipment_id=31872 wpcargo_driver='190' wpcargo_motorizo_recojo='120'
[12-Jun-2026 00:53:28 UTC] 🔍 [MERC_ADMIN_CARDS] sample shipment_id=31880 wpcargo_driver='120' wpcargo_motorizo_recojo='190'
[12-Jun-2026 00:53:28 UTC] 🔍 [MERC_ADMIN_CARDS] drivers_count: 2
[12-Jun-2026 00:53:28 UTC] 🔍 [MERC_ADMIN_CARDS] Motorizado ID: 120 | Envios encontrados: 1
[12-Jun-2026 00:53:28 UTC]    Shipment #31880 | pod_payment_methods(raw)=, wpcargo_total_cobrar='0.00', otros_meta={"monto":"39.00"}
[12-Jun-2026 00:53:28 UTC]    Shipment #31880 | Totales: efectivo=0, pago_merc=0, pago_marca=0, pos=0, total=0
[12-Jun-2026 00:53:28 UTC]    Totales del motorizado: Total=0, Efectivo=0, MERC=0, MARCA=0, POS=0
[12-Jun-2026 00:53:28 UTC] 🔍 [MERC_ADMIN_CARDS] Motorizado ID: 190 | Envios encontrados: 1
[12-Jun-2026 00:53:28 UTC]    Shipment #31872 | pod_payment_methods(raw)=[{"metodo":"efectivo","monto":0},{"metodo":"pago_merc","monto":23,"imagen_id":31875,"imagen_url":"http://localhost:8081/wp-content/uploads/2026/06/metodo-pago-31872-1-1781183314.jpeg"},{"metodo":"pos","monto":6.35,"imagen_id":31876,"imagen_url":"http://localhost:8081/wp-content/uploads/2026/06/metodo-pago-31872-2-1781183314.jpeg","monto_original":13},{"metodo":"pago_marca","monto":10,"imagen_id":31877,"imagen_url":"http://localhost:8081/wp-content/uploads/2026/06/metodo-pago-31872-3-1781183314.jpeg"}], wpcargo_total_cobrar='40.00', otros_meta={"monto":"40.00"}
[12-Jun-2026 00:53:28 UTC]    Shipment #31872 | Totales: efectivo=0, pago_merc=23, pago_marca=10, pos=6.35, total=39.35
[12-Jun-2026 00:53:28 UTC]    Totales del motorizado: Total=39.35, Efectivo=0, MERC=23, MARCA=10, POS=6.35
[12-Jun-2026 00:53:28 UTC] 🔔 [MERC_LOG] Inicializado logger diario: /var/www/html/wp-content/merc_logs/merc-debug-2026-06-12.log
[12-Jun-2026 00:54:00 UTC] 🔔 [MERC_LOG] Inicializado logger diario: /var/www/html/wp-content/merc_logs/merc-debug-2026-06-12.log
[12-Jun-2026 00:54:00 UTC] === DEBUG: show_signaturepad_for_all_roles() INICIADO ===
[12-Jun-2026 00:54:00 UTC] DEBUG: $wpcargo disponible: YES
[12-Jun-2026 00:54:00 UTC] DEBUG: Usuario actual: moto@gmail.com | Roles: wpcargo_driver
[12-Jun-2026 00:54:00 UTC] DEBUG: can_manage_options=NO | is_driver=YES
[12-Jun-2026 00:54:00 UTC] DEBUG: shipment_id recibido: 31880
[12-Jun-2026 00:54:00 UTC] DEBUG: pod_shipper recibido: EMPTY
[12-Jun-2026 00:54:00 UTC] DEBUG: pod_receiver recibido: EMPTY
[12-Jun-2026 00:54:00 UTC] DEBUG: Shipment encontrado: YES
[12-Jun-2026 00:54:00 UTC] DEBUG: Shipment post_type: wpcargo_shipment
[12-Jun-2026 00:54:00 UTC] DEBUG: Shipment title: MERC-010455
[12-Jun-2026 00:54:00 UTC] DEBUG: WPCARGO_POD_PATH definido: YES
[12-Jun-2026 00:54:00 UTC] DEBUG: WPCARGO_POD_PATH = /var/www/html/wp-content/plugins/wpcargo-pod-addons/
[12-Jun-2026 00:54:00 UTC] --- DEBUG: Cargando funciones del plugin POD ---
[12-Jun-2026 00:54:00 UTC] DEBUG: ✓ wpcpod_signature_field_list ya existe
[12-Jun-2026 00:54:00 UTC] DEBUG: ✓ wpcargo_history_order ya existe
[12-Jun-2026 00:54:00 UTC] --- DEBUG: Preparando variables para el template ---
[12-Jun-2026 00:54:00 UTC] DEBUG: get_pod_img = EMPTY
[12-Jun-2026 00:54:00 UTC] DEBUG: pod_signature = EMPTY
[12-Jun-2026 00:54:00 UTC] DEBUG: shipment_update es array: YES
[12-Jun-2026 00:54:00 UTC] DEBUG: wpcargo_history_order aplicada
[12-Jun-2026 00:54:00 UTC] DEBUG: wpcargo_get_status = EN RUTA
[12-Jun-2026 00:54:00 UTC] DEBUG: shipper_selected_option cargada: 4 campos
[12-Jun-2026 00:54:00 UTC] DEBUG: receiver_selected_option cargada: 5 campos
[12-Jun-2026 00:54:00 UTC] --- DEBUG: Cargando templates del plugin POD ---
[12-Jun-2026 00:54:00 UTC] DEBUG: Custom Fields addon activo: YES
[12-Jun-2026 00:54:00 UTC] DEBUG: Intentando cargar header CF: /var/www/html/wp-content/plugins/wpcargo-pod-addons/templates/wpc-pod-sign-header-cf.tpl.php
[12-Jun-2026 00:54:00 UTC] DEBUG: ✓ Header incluido
[12-Jun-2026 00:54:00 UTC] DEBUG: Intentando cargar signature form: /var/www/html/wp-content/plugins/wpcargo-pod-addons/templates/wpc-pod-signature-form.tpl.php
[12-Jun-2026 00:54:00 UTC] DEBUG: ✓ Signature form incluido
[12-Jun-2026 00:54:00 UTC] DEBUG: Intentando cargar sign template: /var/www/html/wp-content/plugins/wpcargo-pod-addons/templates/wpc-pod-sign.tpl.php
[12-Jun-2026 00:54:00 UTC] DEBUG: ✓ Sign template incluido
[12-Jun-2026 00:54:00 UTC] DEBUG: HTML final length: 38093
[12-Jun-2026 00:54:00 UTC] === DEBUG: show_signaturepad_for_all_roles() COMPLETADO ===
[12-Jun-2026 00:54:04 UTC] 🔔 [MERC_LOG] Inicializado logger diario: /var/www/html/wp-content/merc_logs/merc-debug-2026-06-12.log
[12-Jun-2026 00:54:04 UTC] WPCPod: Starting upload for shipment 31880 with 1 file(s)
[12-Jun-2026 00:54:04 UTC] WPCPod: Processing file 1/1: ChatGPT Image 5 jun 2026, 12_36_33 p.m..png
[12-Jun-2026 00:54:04 UTC] WPCPod Upload Error: 1 para archivo ChatGPT Image 5 jun 2026, 12_36_33 p.m..png
[12-Jun-2026 00:54:04 UTC] WPCPod: No valid images processed for shipment 31880
[12-Jun-2026 00:54:09 UTC] 🔔 [MERC_LOG] Inicializado logger diario: /var/www/html/wp-content/merc_logs/merc-debug-2026-06-12.log
[12-Jun-2026 00:54:09 UTC] WPCPod: Starting upload for shipment 31880 with 1 file(s)
[12-Jun-2026 00:54:09 UTC] WPCPod: Processing file 1/1: 1 (1).png
[12-Jun-2026 00:54:10 UTC] WPCPod Image uploaded success: Attachment ID 31882
[12-Jun-2026 00:54:10 UTC] WPCPod: Successfully saved 1 images for shipment 31880
[12-Jun-2026 00:54:18 UTC] 🔔 [MERC_LOG] Inicializado logger diario: /var/www/html/wp-content/merc_logs/merc-debug-2026-06-12.log
[12-Jun-2026 00:54:20 UTC] 🔵 [FILTER] filter_shipment_by_date_and_tiendaname llamado
[12-Jun-2026 00:54:20 UTC] 🔵 [FILTER] Usuario actual: 109
[12-Jun-2026 00:54:20 UTC] 🔵 [FILTER] Args iniciales: {"post_type":"wpcargo_shipment","post_status":"publish","posts_per_page":"500","paged":1,"s":"","meta_query":{"relation":"AND","0":[]}}
[12-Jun-2026 00:54:20 UTC] 🔵 [FILTER] GET params: Array
(
)

[12-Jun-2026 00:54:20 UTC] 🔵 [FILTER] Sin parámetros de fecha, aplicando HOY por defecto: 2026-06-11
[12-Jun-2026 00:54:20 UTC] 🔵 [FILTER] Fecha desde: '2026-06-11' | Fecha hasta: '2026-06-11'
[12-Jun-2026 00:54:20 UTC] 🔵 [FILTER] has_from: true | has_to: true
[12-Jun-2026 00:54:20 UTC] 🔵 [FILTER] SQL Query: 
            SELECT DISTINCT p.ID 
            FROM wp_posts p
            INNER JOIN wp_postmeta pm ON p.ID = pm.post_id
            WHERE p.post_type = 'wpcargo_shipment'
            AND pm.meta_key IN ('wpcargo_pickup_date_picker', 'wpcargo_pickup_date', 'calendarenvio', 'wpcargo_fecha_envio')
            AND (STR_TO_DATE(pm.meta_value, '%d/%m/%Y') >= STR_TO_DATE('2026-06-11', '%Y-%m-%d') AND STR_TO_DATE(pm.meta_value, '%d/%m/%Y') <= STR_TO_DATE('2026-06-11', '%Y-%m-%d'))
        
[12-Jun-2026 00:54:20 UTC] 🔵 [FILTER] IDs encontrados por fecha: 3
[12-Jun-2026 00:54:20 UTC] 🔵 [FILTER] Primeros 10 IDs: 31872, 31878, 31880
[12-Jun-2026 00:54:20 UTC] 🔵 [FILTER] post__in no existe, creando nuevo
[12-Jun-2026 00:54:20 UTC] 🔵 [FILTER] post_status cambiado a array para incluir estados normales (EXCLUYENDO trash)
[12-Jun-2026 00:54:20 UTC] 🔵 [FILTER] Args finales: {"post_type":"wpcargo_shipment","post_status":["publish","draft","pending","private"],"posts_per_page":"500","paged":1,"s":"","meta_query":{"relation":"AND","0":[]},"post__in":["31872","31878","31880"]}
[12-Jun-2026 00:54:21 UTC] 🔔 [MERC_LOG] Inicializado logger diario: /var/www/html/wp-content/merc_logs/merc-debug-2026-06-12.log
[12-Jun-2026 00:54:22 UTC] 🔔 [MERC_LOG] Inicializado logger diario: /var/www/html/wp-content/merc_logs/merc-debug-2026-06-12.log
[12-Jun-2026 00:54:22 UTC] 🔔 [MERC_LOG] Inicializado logger diario: /var/www/html/wp-content/merc_logs/merc-debug-2026-06-12.log
[12-Jun-2026 00:54:23 UTC] 🔔 [MERC_LOG] Inicializado logger diario: /var/www/html/wp-content/merc_logs/merc-debug-2026-06-12.log
[12-Jun-2026 00:54:24 UTC] 🔔 [MERC_LOG] Inicializado logger diario: /var/www/html/wp-content/merc_logs/merc-debug-2026-06-12.log
[12-Jun-2026 00:54:24 UTC] 🔔 [MERC_LOG] Inicializado logger diario: /var/www/html/wp-content/merc_logs/merc-debug-2026-06-12.log
[12-Jun-2026 00:54:24 UTC] 📝 [EDIT_FORM_LOAD] Envío #31880 | Tipo: normal | Costo envío: 0
[12-Jun-2026 00:54:24 UTC] ⚠️ Tipo de envío no es full_fitment, saltando selector de productos
[12-Jun-2026 00:54:25 UTC] 🔔 [MERC_LOG] Inicializado logger diario: /var/www/html/wp-content/merc_logs/merc-debug-2026-06-12.log
[12-Jun-2026 00:54:25 UTC] 🔔 [MERC_LOG] Inicializado logger diario: /var/www/html/wp-content/merc_logs/merc-debug-2026-06-12.log
[12-Jun-2026 00:54:25 UTC] 🔔 [MERC_LOG] Inicializado logger diario: /var/www/html/wp-content/merc_logs/merc-debug-2026-06-12.log
[12-Jun-2026 00:54:25 UTC] MERC_POD_DEBUG - shipmentID=31880 context=syncMonto methods_count=0
[12-Jun-2026 00:54:25 UTC] 🔔 [MERC_LOG] Inicializado logger diario: /var/www/html/wp-content/merc_logs/merc-debug-2026-06-12.log
[12-Jun-2026 00:54:25 UTC] MERC_POD_DEBUG - shipmentID=31880 context=syncMonto methods_count=0
[12-Jun-2026 00:54:25 UTC] 🔔 [MERC_LOG] Inicializado logger diario: /var/www/html/wp-content/merc_logs/merc-debug-2026-06-12.log
[12-Jun-2026 00:54:25 UTC] 🔔 [MERC_LOG] Inicializado logger diario: /var/www/html/wp-content/merc_logs/merc-debug-2026-06-12.log
[12-Jun-2026 00:54:25 UTC] 🔔 [MERC_LOG] Inicializado logger diario: /var/www/html/wp-content/merc_logs/merc-debug-2026-06-12.log
[12-Jun-2026 00:54:25 UTC] MERC_POD_DEBUG - shipmentID=31880 context=syncMonto methods_count=0
[12-Jun-2026 00:54:25 UTC] MERC_DEBUG_PRODUCTOS: 🔍 [INICIO] Buscando productos para usuario: La Gran Fresa Perú  (ID: 307)
[12-Jun-2026 00:54:25 UTC] MERC_DEBUG_PRODUCTOS: ✅ Query devolvió 49 productos para user_id=307
[12-Jun-2026 00:54:25 UTC] MERC_DEBUG_PRODUCTOS: Producto ID=30209 titulo=AROMATIZADOR meta_cliente=461 estado=sin_asignar stock=4
[12-Jun-2026 00:54:25 UTC] MERC_DEBUG_PRODUCTOS: ⚠️ SALTANDO Producto ID=30209 - meta_cliente=461 !== user_id=307
[12-Jun-2026 00:54:25 UTC] MERC_DEBUG_PRODUCTOS: Producto ID=26620 titulo=BANGOVER LEVANTATE LAZARO meta_cliente=481 estado=sin_asignar stock=2
[12-Jun-2026 00:54:25 UTC] MERC_DEBUG_PRODUCTOS: ⚠️ SALTANDO Producto ID=26620 - meta_cliente=481 !== user_id=307
[12-Jun-2026 00:54:25 UTC] MERC_DEBUG_PRODUCTOS: Producto ID=21990 titulo=BLOQUEADOR COLLAGE A meta_cliente=103 estado=asignado stock=2
[12-Jun-2026 00:54:25 UTC] MERC_DEBUG_PRODUCTOS: ⚠️ SALTANDO Producto ID=21990 - meta_cliente=103 !== user_id=307
[12-Jun-2026 00:54:25 UTC] MERC_DEBUG_PRODUCTOS: Producto ID=29959 titulo=BLOQUEADOR COLLAGE B meta_cliente=103 estado=sin_asignar stock=1
[12-Jun-2026 00:54:25 UTC] MERC_DEBUG_PRODUCTOS: ⚠️ SALTANDO Producto ID=29959 - meta_cliente=103 !== user_id=307
[12-Jun-2026 00:54:25 UTC] MERC_DEBUG_PRODUCTOS: Producto ID=21993 titulo=BLOQUEADOR CURCUMA A meta_cliente=103 estado=sin_asignar stock=2
[12-Jun-2026 00:54:25 UTC] MERC_DEBUG_PRODUCTOS: ⚠️ SALTANDO Producto ID=21993 - meta_cliente=103 !== user_id=307
[12-Jun-2026 00:54:25 UTC] MERC_DEBUG_PRODUCTOS: Producto ID=21994 titulo=BLOQUEADOR CURCUMA B meta_cliente=103 estado=sin_asignar stock=2
[12-Jun-2026 00:54:25 UTC] MERC_DEBUG_PRODUCTOS: ⚠️ SALTANDO Producto ID=21994 - meta_cliente=103 !== user_id=307
[12-Jun-2026 00:54:25 UTC] MERC_DEBUG_PRODUCTOS: Producto ID=30212 titulo=BRILLA MAS meta_cliente=461 estado=sin_asignar stock=2
[12-Jun-2026 00:54:25 UTC] MERC_DEBUG_PRODUCTOS: ⚠️ SALTANDO Producto ID=30212 - meta_cliente=461 !== user_id=307
[12-Jun-2026 00:54:25 UTC] MERC_DEBUG_PRODUCTOS: Producto ID=20301 titulo=CACAO EN POLVO meta_cliente=288 estado=asignado stock=6
[12-Jun-2026 00:54:25 UTC] MERC_DEBUG_PRODUCTOS: ⚠️ SALTANDO Producto ID=20301 - meta_cliente=288 !== user_id=307
[12-Jun-2026 00:54:25 UTC] MERC_DEBUG_PRODUCTOS: Producto ID=20313 titulo=CACAO EN POLVO meta_cliente=288 estado=sin_asignar stock=1
[12-Jun-2026 00:54:25 UTC] MERC_DEBUG_PRODUCTOS: ⚠️ SALTANDO Producto ID=20313 - meta_cliente=288 !== user_id=307
[12-Jun-2026 00:54:25 UTC] MERC_DEBUG_PRODUCTOS: Producto ID=20311 titulo=CAFE EN POLVO meta_cliente=288 estado=sin_asignar stock=8
[12-Jun-2026 00:54:25 UTC] MERC_DEBUG_PRODUCTOS: ⚠️ SALTANDO Producto ID=20311 - meta_cliente=288 !== user_id=307
[12-Jun-2026 00:54:25 UTC] MERC_DEBUG_PRODUCTOS: Producto ID=26593 titulo=CANDIDA CLEANSE meta_cliente=136 estado=sin_asignar stock=4
[12-Jun-2026 00:54:25 UTC] MERC_DEBUG_PRODUCTOS: ⚠️ SALTANDO Producto ID=26593 - meta_cliente=136 !== user_id=307
[12-Jun-2026 00:54:25 UTC] MERC_DEBUG_PRODUCTOS: Producto ID=24815 titulo=CREMA HIDRATANTE meta_cliente=136 estado=sin_asignar stock=2
[12-Jun-2026 00:54:25 UTC] MERC_DEBUG_PRODUCTOS: ⚠️ SALTANDO Producto ID=24815 - meta_cliente=136 !== user_id=307
[12-Jun-2026 00:54:25 UTC] MERC_DEBUG_PRODUCTOS: Producto ID=7959 titulo=CREMA RETINOL meta_cliente=136 estado=sin_asignar stock=3
[12-Jun-2026 00:54:25 UTC] MERC_DEBUG_PRODUCTOS: ⚠️ SALTANDO Producto ID=7959 - meta_cliente=136 !== user_id=307
[12-Jun-2026 00:54:25 UTC] MERC_DEBUG_PRODUCTOS: Producto ID=7958 titulo=CREMA ROREC meta_cliente=136 estado=sin_asignar stock=2
[12-Jun-2026 00:54:25 UTC] MERC_DEBUG_PRODUCTOS: ⚠️ SALTANDO Producto ID=7958 - meta_cliente=136 !== user_id=307
[12-Jun-2026 00:54:25 UTC] MERC_DEBUG_PRODUCTOS: Producto ID=7955 titulo=DESPIGMENTANTE DE LABIOS meta_cliente=136 estado=sin_asignar stock=1
[12-Jun-2026 00:54:25 UTC] MERC_DEBUG_PRODUCTOS: ⚠️ SALTANDO Producto ID=7955 - meta_cliente=136 !== user_id=307
[12-Jun-2026 00:54:25 UTC] MERC_DEBUG_PRODUCTOS: Producto ID=7949 titulo=EXFOLIANTE DE ARROZ meta_cliente=136 estado=sin_asignar stock=37
[12-Jun-2026 00:54:25 UTC] MERC_DEBUG_PRODUCTOS: ⚠️ SALTANDO Producto ID=7949 - meta_cliente=136 !== user_id=307
[12-Jun-2026 00:54:25 UTC] MERC_DEBUG_PRODUCTOS: Producto ID=7956 titulo=EXFOLIANTE GEL meta_cliente=136 estado=sin_asignar stock=1
[12-Jun-2026 00:54:25 UTC] MERC_DEBUG_PRODUCTOS: ⚠️ SALTANDO Producto ID=7956 - meta_cliente=136 !== user_id=307
[12-Jun-2026 00:54:25 UTC] MERC_DEBUG_PRODUCTOS: Producto ID=26630 titulo=HAIR GROWTH meta_cliente=270 estado=sin_asignar stock=188
[12-Jun-2026 00:54:25 UTC] MERC_DEBUG_PRODUCTOS: ⚠️ SALTANDO Producto ID=26630 - meta_cliente=270 !== user_id=307
[12-Jun-2026 00:54:25 UTC] MERC_DEBUG_PRODUCTOS: Producto ID=9095 titulo=HERBALS & HEALTH meta_cliente=270 estado=sin_asignar stock=2
[12-Jun-2026 00:54:25 UTC] MERC_DEBUG_PRODUCTOS: ⚠️ SALTANDO Producto ID=9095 - meta_cliente=270 !== user_id=307
[12-Jun-2026 00:54:25 UTC] MERC_DEBUG_PRODUCTOS: Producto ID=7960 titulo=HUMECTANTE SAKURA meta_cliente=136 estado=sin_asignar stock=8
[12-Jun-2026 00:54:25 UTC] MERC_DEBUG_PRODUCTOS: ⚠️ SALTANDO Producto ID=7960 - meta_cliente=136 !== user_id=307
[12-Jun-2026 00:54:25 UTC] MERC_DEBUG_PRODUCTOS: Producto ID=7981 titulo=INFLADORES meta_cliente=145 estado=sin_asignar stock=57
[12-Jun-2026 00:54:25 UTC] MERC_DEBUG_PRODUCTOS: ⚠️ SALTANDO Producto ID=7981 - meta_cliente=145 !== user_id=307
[12-Jun-2026 00:54:25 UTC] MERC_DEBUG_PRODUCTOS: Producto ID=21989 titulo=jjjjjjjjj meta_cliente=429 estado=sin_asignar stock=45
[12-Jun-2026 00:54:25 UTC] MERC_DEBUG_PRODUCTOS: ⚠️ SALTANDO Producto ID=21989 - meta_cliente=429 !== user_id=307
[12-Jun-2026 00:54:25 UTC] MERC_DEBUG_PRODUCTOS: Producto ID=21998 titulo=LABIAL MAGICO meta_cliente=103 estado=sin_asignar stock=1
[12-Jun-2026 00:54:25 UTC] MERC_DEBUG_PRODUCTOS: ⚠️ SALTANDO Producto ID=21998 - meta_cliente=103 !== user_id=307
[12-Jun-2026 00:54:25 UTC] MERC_DEBUG_PRODUCTOS: Producto ID=30316 titulo=LAMPARA BLACK LARGA meta_cliente=145 estado=sin_asignar stock=3
[12-Jun-2026 00:54:25 UTC] MERC_DEBUG_PRODUCTOS: ⚠️ SALTANDO Producto ID=30316 - meta_cliente=145 !== user_id=307
[12-Jun-2026 00:54:25 UTC] MERC_DEBUG_PRODUCTOS: Producto ID=7995 titulo=LAMPARA CORTA BLACK meta_cliente=145 estado=sin_asignar stock=59
[12-Jun-2026 00:54:25 UTC] MERC_DEBUG_PRODUCTOS: ⚠️ SALTANDO Producto ID=7995 - meta_cliente=145 !== user_id=307
[12-Jun-2026 00:54:25 UTC] MERC_DEBUG_PRODUCTOS: Producto ID=7996 titulo=LAMPARA CORTA WHITE meta_cliente=145 estado=asignado stock=0
[12-Jun-2026 00:54:25 UTC] MERC_DEBUG_PRODUCTOS: ⚠️ SALTANDO Producto ID=7996 - meta_cliente=145 !== user_id=307
[12-Jun-2026 00:54:25 UTC] MERC_DEBUG_PRODUCTOS: Producto ID=7982 titulo=LAMPARA GOLD LARGA meta_cliente=145 estado=asignado stock=0
[12-Jun-2026 00:54:25 UTC] MERC_DEBUG_PRODUCTOS: ⚠️ SALTANDO Producto ID=7982 - meta_cliente=145 !== user_id=307
[12-Jun-2026 00:54:25 UTC] MERC_DEBUG_PRODUCTOS: Producto ID=7991 titulo=LAMPARA LARGA SILVER meta_cliente=145 estado=asignado stock=0
[12-Jun-2026 00:54:25 UTC] MERC_DEBUG_PRODUCTOS: ⚠️ SALTANDO Producto ID=7991 - meta_cliente=145 !== user_id=307
[12-Jun-2026 00:54:25 UTC] MERC_DEBUG_PRODUCTOS: Producto ID=7992 titulo=LAMPARA LARGA WHITE meta_cliente=145 estado=asignado stock=1
[12-Jun-2026 00:54:25 UTC] MERC_DEBUG_PRODUCTOS: ⚠️ SALTANDO Producto ID=7992 - meta_cliente=145 !== user_id=307
[12-Jun-2026 00:54:25 UTC] MERC_DEBUG_PRODUCTOS: Producto ID=24829 titulo=LAMPARA ROSE GOLD LARGA meta_cliente=145 estado=asignado stock=0
[12-Jun-2026 00:54:25 UTC] MERC_DEBUG_PRODUCTOS: ⚠️ SALTANDO Producto ID=24829 - meta_cliente=145 !== user_id=307
[12-Jun-2026 00:54:25 UTC] MERC_DEBUG_PRODUCTOS: Producto ID=26598 titulo=MAGNET CUBE ZONE 100 PIEZAS meta_cliente=201 estado=asignado stock=0
[12-Jun-2026 00:54:25 UTC] MERC_DEBUG_PRODUCTOS: ⚠️ SALTANDO Producto ID=26598 - meta_cliente=201 !== user_id=307
[12-Jun-2026 00:54:25 UTC] MERC_DEBUG_PRODUCTOS: Producto ID=28802 titulo=MAGNET CUBE ZONE 80 PIEZAS meta_cliente=201 estado=asignado stock=0
[12-Jun-2026 00:54:25 UTC] MERC_DEBUG_PRODUCTOS: ⚠️ SALTANDO Producto ID=28802 - meta_cliente=201 !== user_id=307
[12-Jun-2026 00:54:25 UTC] MERC_DEBUG_PRODUCTOS: Producto ID=26588 titulo=MEDINAIL SPRAY meta_cliente=461 estado=sin_asignar stock=4
[12-Jun-2026 00:54:25 UTC] MERC_DEBUG_PRODUCTOS: ⚠️ SALTANDO Producto ID=26588 - meta_cliente=461 !== user_id=307
[12-Jun-2026 00:54:25 UTC] MERC_DEBUG_PRODUCTOS: Producto ID=9098 titulo=NAD RESVERATROL meta_cliente=270 estado=sin_asignar stock=50
[12-Jun-2026 00:54:25 UTC] MERC_DEBUG_PRODUCTOS: ⚠️ SALTANDO Producto ID=9098 - meta_cliente=270 !== user_id=307
[12-Jun-2026 00:54:25 UTC] MERC_DEBUG_PRODUCTOS: Producto ID=28745 titulo=NEGRO MAGICO meta_cliente=461 estado=sin_asignar stock=5
[12-Jun-2026 00:54:25 UTC] MERC_DEBUG_PRODUCTOS: ⚠️ SALTANDO Producto ID=28745 - meta_cliente=461 !== user_id=307
[12-Jun-2026 00:54:25 UTC] MERC_DEBUG_PRODUCTOS: Producto ID=28748 titulo=NOURKRIN meta_cliente=461 estado=sin_asignar stock=2
[12-Jun-2026 00:54:25 UTC] MERC_DEBUG_PRODUCTOS: ⚠️ SALTANDO Producto ID=28748 - meta_cliente=461 !== user_id=307
[12-Jun-2026 00:54:25 UTC] MERC_DEBUG_PRODUCTOS: Producto ID=26581 titulo=PAÑOS DE TELA meta_cliente=461 estado=sin_asignar stock=19
[12-Jun-2026 00:54:25 UTC] MERC_DEBUG_PRODUCTOS: ⚠️ SALTANDO Producto ID=26581 - meta_cliente=461 !== user_id=307
[12-Jun-2026 00:54:25 UTC] MERC_DEBUG_PRODUCTOS: Producto ID=23119 titulo=PARLANTE ALEXA meta_cliente=85 estado=sin_asignar stock=3
[12-Jun-2026 00:54:25 UTC] MERC_DEBUG_PRODUCTOS: ⚠️ SALTANDO Producto ID=23119 - meta_cliente=85 !== user_id=307
[12-Jun-2026 00:54:25 UTC] MERC_DEBUG_PRODUCTOS: Producto ID=6914 titulo=PARLANTE ALEXA meta_cliente=85 estado=sin_asignar stock=4
[12-Jun-2026 00:54:25 UTC] MERC_DEBUG_PRODUCTOS: ⚠️ SALTANDO Producto ID=6914 - meta_cliente=85 !== user_id=307
[12-Jun-2026 00:54:25 UTC] MERC_DEBUG_PRODUCTOS: Producto ID=24382 titulo=PARLANTE ALEXA meta_cliente=85 estado=sin_asignar stock=1
[12-Jun-2026 00:54:25 UTC] MERC_DEBUG_PRODUCTOS: ⚠️ SALTANDO Producto ID=24382 - meta_cliente=85 !== user_id=307
[12-Jun-2026 00:54:25 UTC] MERC_DEBUG_PRODUCTOS: Producto ID=24380 titulo=PARLANTE ALEXA meta_cliente=85 estado=asignado stock=2
[12-Jun-2026 00:54:25 UTC] MERC_DEBUG_PRODUCTOS: ⚠️ SALTANDO Producto ID=24380 - meta_cliente=85 !== user_id=307
[12-Jun-2026 00:54:25 UTC] MERC_DEBUG_PRODUCTOS: Producto ID=26583 titulo=PROTECTOR ULTRA WAX meta_cliente=461 estado=sin_asignar stock=6
[12-Jun-2026 00:54:25 UTC] MERC_DEBUG_PRODUCTOS: ⚠️ SALTANDO Producto ID=26583 - meta_cliente=461 !== user_id=307
[12-Jun-2026 00:54:25 UTC] MERC_DEBUG_PRODUCTOS: Producto ID=30217 titulo=PULIMAX meta_cliente=461 estado=sin_asignar stock=12
[12-Jun-2026 00:54:25 UTC] MERC_DEBUG_PRODUCTOS: ⚠️ SALTANDO Producto ID=30217 - meta_cliente=461 !== user_id=307
[12-Jun-2026 00:54:25 UTC] MERC_DEBUG_PRODUCTOS: Producto ID=6879 titulo=SHAMPOO meta_cliente=91 estado=sin_asignar stock=9
[12-Jun-2026 00:54:25 UTC] MERC_DEBUG_PRODUCTOS: ⚠️ SALTANDO Producto ID=6879 - meta_cliente=91 !== user_id=307
[12-Jun-2026 00:54:25 UTC] MERC_DEBUG_PRODUCTOS: Producto ID=24821 titulo=SPRAY DEPILATORIO meta_cliente=136 estado=sin_asignar stock=25
[12-Jun-2026 00:54:25 UTC] MERC_DEBUG_PRODUCTOS: ⚠️ SALTANDO Producto ID=24821 - meta_cliente=136 !== user_id=307
[12-Jun-2026 00:54:25 UTC] MERC_DEBUG_PRODUCTOS: Producto ID=28704 titulo=TAPIZ CLEAN meta_cliente=461 estado=sin_asignar stock=4
[12-Jun-2026 00:54:25 UTC] MERC_DEBUG_PRODUCTOS: ⚠️ SALTANDO Producto ID=28704 - meta_cliente=461 !== user_id=307
[12-Jun-2026 00:54:25 UTC] MERC_DEBUG_PRODUCTOS: Producto ID=9096 titulo=ULTRA PURE meta_cliente=270 estado=sin_asignar stock=1
[12-Jun-2026 00:54:25 UTC] MERC_DEBUG_PRODUCTOS: ⚠️ SALTANDO Producto ID=9096 - meta_cliente=270 !== user_id=307
[12-Jun-2026 00:54:25 UTC] MERC_DEBUG_PRODUCTOS: Producto ID=26589 titulo=WART REMOVER meta_cliente=461 estado=sin_asignar stock=4
[12-Jun-2026 00:54:25 UTC] MERC_DEBUG_PRODUCTOS: ⚠️ SALTANDO Producto ID=26589 - meta_cliente=461 !== user_id=307
[12-Jun-2026 00:54:25 UTC] MERC_DEBUG_PRODUCTOS: Producto ID=26931 titulo=Zapatillas meta_cliente=118 estado=sin_asignar stock=30
[12-Jun-2026 00:54:25 UTC] MERC_DEBUG_PRODUCTOS: ⚠️ SALTANDO Producto ID=26931 - meta_cliente=118 !== user_id=307
[12-Jun-2026 00:54:25 UTC] MERC_DEBUG_PRODUCTOS: 🎯 [FIN] Retornando 0 opciones filtradas para user_id=307 (desde 49 totales)
[12-Jun-2026 00:54:25 UTC] 🔔 [MERC_LOG] Inicializado logger diario: /var/www/html/wp-content/merc_logs/merc-debug-2026-06-12.log
[12-Jun-2026 00:54:25 UTC] 🔔 [MERC_LOG] Inicializado logger diario: /var/www/html/wp-content/merc_logs/merc-debug-2026-06-12.log
[12-Jun-2026 00:54:25 UTC] 🔔 [MERC_LOG] Inicializado logger diario: /var/www/html/wp-content/merc_logs/merc-debug-2026-06-12.log
[12-Jun-2026 00:54:25 UTC] 🔔 [MERC_LOG] Inicializado logger diario: /var/www/html/wp-content/merc_logs/merc-debug-2026-06-12.log
[12-Jun-2026 00:54:25 UTC] 🔔 [MERC_LOG] Inicializado logger diario: /var/www/html/wp-content/merc_logs/merc-debug-2026-06-12.log
[12-Jun-2026 00:54:25 UTC] 🔔 [MERC_LOG] Inicializado logger diario: /var/www/html/wp-content/merc_logs/merc-debug-2026-06-12.log
[12-Jun-2026 00:54:26 UTC] MERC_POD_DEBUG - shipmentID=31880 context=syncMonto methods_count=0
[12-Jun-2026 00:54:26 UTC] MERC_POD_DEBUG - shipmentID=31880 context=syncMonto methods_count=0
[12-Jun-2026 00:54:26 UTC] MERC_POD_DEBUG - shipmentID=31880 context=syncMonto methods_count=0
[12-Jun-2026 00:54:26 UTC] MERC_POD_DEBUG - shipmentID=31880 context=syncMonto methods_count=0
[12-Jun-2026 00:54:26 UTC] 🔔 [MERC_LOG] Inicializado logger diario: /var/www/html/wp-content/merc_logs/merc-debug-2026-06-12.log
[12-Jun-2026 00:54:26 UTC] MERC_POD_DEBUG - shipmentID=31880 context=syncMonto methods_count=0
[12-Jun-2026 00:54:26 UTC] 🔔 [MERC_LOG] Inicializado logger diario: /var/www/html/wp-content/merc_logs/merc-debug-2026-06-12.log
[12-Jun-2026 00:54:26 UTC] MERC_POD_DEBUG - shipmentID=31880 context=syncMonto methods_count=0
[12-Jun-2026 00:54:33 UTC] 🔔 [MERC_LOG] Inicializado logger diario: /var/www/html/wp-content/merc_logs/merc-debug-2026-06-12.log
[12-Jun-2026 00:54:35 UTC] 🔵 [FILTER] filter_shipment_by_date_and_tiendaname llamado
[12-Jun-2026 00:54:35 UTC] 🔵 [FILTER] Usuario actual: 109
[12-Jun-2026 00:54:35 UTC] 🔵 [FILTER] Args iniciales: {"post_type":"wpcargo_shipment","post_status":"publish","posts_per_page":"500","paged":1,"s":"","meta_query":{"relation":"AND","0":[]}}
[12-Jun-2026 00:54:35 UTC] 🔵 [FILTER] GET params: Array
(
)

[12-Jun-2026 00:54:35 UTC] 🔵 [FILTER] Sin parámetros de fecha, aplicando HOY por defecto: 2026-06-11
[12-Jun-2026 00:54:35 UTC] 🔵 [FILTER] Fecha desde: '2026-06-11' | Fecha hasta: '2026-06-11'
[12-Jun-2026 00:54:35 UTC] 🔵 [FILTER] has_from: true | has_to: true
[12-Jun-2026 00:54:35 UTC] 🔵 [FILTER] SQL Query: 
            SELECT DISTINCT p.ID 
            FROM wp_posts p
            INNER JOIN wp_postmeta pm ON p.ID = pm.post_id
            WHERE p.post_type = 'wpcargo_shipment'
            AND pm.meta_key IN ('wpcargo_pickup_date_picker', 'wpcargo_pickup_date', 'calendarenvio', 'wpcargo_fecha_envio')
            AND (STR_TO_DATE(pm.meta_value, '%d/%m/%Y') >= STR_TO_DATE('2026-06-11', '%Y-%m-%d') AND STR_TO_DATE(pm.meta_value, '%d/%m/%Y') <= STR_TO_DATE('2026-06-11', '%Y-%m-%d'))
        
[12-Jun-2026 00:54:35 UTC] 🔵 [FILTER] IDs encontrados por fecha: 3
[12-Jun-2026 00:54:35 UTC] 🔵 [FILTER] Primeros 10 IDs: 31872, 31878, 31880
[12-Jun-2026 00:54:35 UTC] 🔵 [FILTER] post__in no existe, creando nuevo
[12-Jun-2026 00:54:35 UTC] 🔵 [FILTER] post_status cambiado a array para incluir estados normales (EXCLUYENDO trash)
[12-Jun-2026 00:54:35 UTC] 🔵 [FILTER] Args finales: {"post_type":"wpcargo_shipment","post_status":["publish","draft","pending","private"],"posts_per_page":"500","paged":1,"s":"","meta_query":{"relation":"AND","0":[]},"post__in":["31872","31878","31880"]}
[12-Jun-2026 00:54:35 UTC] 🔔 [MERC_LOG] Inicializado logger diario: /var/www/html/wp-content/merc_logs/merc-debug-2026-06-12.log
[12-Jun-2026 00:54:36 UTC] 🔔 [MERC_LOG] Inicializado logger diario: /var/www/html/wp-content/merc_logs/merc-debug-2026-06-12.log
[12-Jun-2026 00:54:36 UTC] 🔔 [MERC_LOG] Inicializado logger diario: /var/www/html/wp-content/merc_logs/merc-debug-2026-06-12.log
[12-Jun-2026 00:54:38 UTC] 🔔 [MERC_LOG] Inicializado logger diario: /var/www/html/wp-content/merc_logs/merc-debug-2026-06-12.log
[12-Jun-2026 00:54:38 UTC] 🔔 [MERC_LOG] Inicializado logger diario: /var/www/html/wp-content/merc_logs/merc-debug-2026-06-12.log
[12-Jun-2026 00:54:42 UTC] 🔔 [MERC_LOG] Inicializado logger diario: /var/www/html/wp-content/merc_logs/merc-debug-2026-06-12.log
[12-Jun-2026 00:54:43 UTC] 🔵 [FILTER] filter_shipment_by_date_and_tiendaname llamado
[12-Jun-2026 00:54:43 UTC] 🔵 [FILTER] Usuario actual: 120
[12-Jun-2026 00:54:43 UTC] 🔵 [FILTER] Args iniciales: {"post_type":"wpcargo_shipment","post_status":"publish","posts_per_page":100,"paged":1,"s":"","meta_query":{"relation":"AND","0":{"__assignment":{"key":"wpcargo_driver","value":120,"compare":"="}}}}
[12-Jun-2026 00:54:43 UTC] 🔵 [FILTER] GET params: Array
(
)

[12-Jun-2026 00:54:43 UTC] 🔵 [FILTER] Sin parámetros de fecha, aplicando HOY por defecto: 2026-06-11
[12-Jun-2026 00:54:43 UTC] 🔵 [FILTER] Fecha desde: '2026-06-11' | Fecha hasta: '2026-06-11'
[12-Jun-2026 00:54:43 UTC] 🔵 [FILTER] has_from: true | has_to: true
[12-Jun-2026 00:54:43 UTC] 🔵 [FILTER] SQL Query: 
            SELECT DISTINCT p.ID 
            FROM wp_posts p
            INNER JOIN wp_postmeta pm ON p.ID = pm.post_id
            WHERE p.post_type = 'wpcargo_shipment'
            AND pm.meta_key IN ('wpcargo_pickup_date_picker', 'wpcargo_pickup_date', 'calendarenvio', 'wpcargo_fecha_envio')
            AND (STR_TO_DATE(pm.meta_value, '%d/%m/%Y') >= STR_TO_DATE('2026-06-11', '%Y-%m-%d') AND STR_TO_DATE(pm.meta_value, '%d/%m/%Y') <= STR_TO_DATE('2026-06-11', '%Y-%m-%d'))
        
[12-Jun-2026 00:54:43 UTC] 🔵 [FILTER] IDs encontrados por fecha: 3
[12-Jun-2026 00:54:43 UTC] 🔵 [FILTER] Primeros 10 IDs: 31872, 31878, 31880
[12-Jun-2026 00:54:43 UTC] 🔵 [FILTER] post__in no existe, creando nuevo
[12-Jun-2026 00:54:43 UTC] 🔵 [FILTER] post_status cambiado a array para incluir estados normales (EXCLUYENDO trash)
[12-Jun-2026 00:54:43 UTC] 🔵 [FILTER] Args finales: {"post_type":"wpcargo_shipment","post_status":["publish","draft","pending","private"],"posts_per_page":100,"paged":1,"s":"","meta_query":{"relation":"AND","0":{"__assignment":{"key":"wpcargo_driver","value":120,"compare":"="}}},"post__in":["31872","31878","31880"]}
[12-Jun-2026 00:54:44 UTC] 🔔 [MERC_LOG] Inicializado logger diario: /var/www/html/wp-content/merc_logs/merc-debug-2026-06-12.log
[12-Jun-2026 00:54:44 UTC] 🔔 [MERC_LOG] Inicializado logger diario: /var/www/html/wp-content/merc_logs/merc-debug-2026-06-12.log
[12-Jun-2026 00:54:45 UTC] 🔔 [MERC_LOG] Inicializado logger diario: /var/www/html/wp-content/merc_logs/merc-debug-2026-06-12.log
[12-Jun-2026 00:54:47 UTC] 🔔 [MERC_LOG] Inicializado logger diario: /var/www/html/wp-content/merc_logs/merc-debug-2026-06-12.log
[12-Jun-2026 00:54:47 UTC] 🔔 [MERC_LOG] Inicializado logger diario: /var/www/html/wp-content/merc_logs/merc-debug-2026-06-12.log
[12-Jun-2026 00:54:47 UTC] === DEBUG: show_signaturepad_for_all_roles() INICIADO ===
[12-Jun-2026 00:54:47 UTC] DEBUG: $wpcargo disponible: YES
[12-Jun-2026 00:54:47 UTC] DEBUG: Usuario actual: moto@gmail.com | Roles: wpcargo_driver
[12-Jun-2026 00:54:47 UTC] DEBUG: can_manage_options=NO | is_driver=YES
[12-Jun-2026 00:54:47 UTC] DEBUG: shipment_id recibido: 31880
[12-Jun-2026 00:54:47 UTC] DEBUG: pod_shipper recibido: EMPTY
[12-Jun-2026 00:54:47 UTC] DEBUG: pod_receiver recibido: EMPTY
[12-Jun-2026 00:54:47 UTC] DEBUG: Shipment encontrado: YES
[12-Jun-2026 00:54:47 UTC] DEBUG: Shipment post_type: wpcargo_shipment
[12-Jun-2026 00:54:47 UTC] DEBUG: Shipment title: MERC-010455
[12-Jun-2026 00:54:47 UTC] DEBUG: WPCARGO_POD_PATH definido: YES
[12-Jun-2026 00:54:47 UTC] DEBUG: WPCARGO_POD_PATH = /var/www/html/wp-content/plugins/wpcargo-pod-addons/
[12-Jun-2026 00:54:47 UTC] --- DEBUG: Cargando funciones del plugin POD ---
[12-Jun-2026 00:54:47 UTC] DEBUG: ✓ wpcpod_signature_field_list ya existe
[12-Jun-2026 00:54:47 UTC] DEBUG: ✓ wpcargo_history_order ya existe
[12-Jun-2026 00:54:47 UTC] --- DEBUG: Preparando variables para el template ---
[12-Jun-2026 00:54:47 UTC] DEBUG: get_pod_img = YES
[12-Jun-2026 00:54:47 UTC] DEBUG: pod_signature = EMPTY
[12-Jun-2026 00:54:47 UTC] DEBUG: shipment_update es array: YES
[12-Jun-2026 00:54:47 UTC] DEBUG: wpcargo_history_order aplicada
[12-Jun-2026 00:54:47 UTC] DEBUG: wpcargo_get_status = EN RUTA
[12-Jun-2026 00:54:47 UTC] DEBUG: shipper_selected_option cargada: 4 campos
[12-Jun-2026 00:54:47 UTC] DEBUG: receiver_selected_option cargada: 5 campos
[12-Jun-2026 00:54:47 UTC] --- DEBUG: Cargando templates del plugin POD ---
[12-Jun-2026 00:54:47 UTC] DEBUG: Custom Fields addon activo: YES
[12-Jun-2026 00:54:47 UTC] DEBUG: Intentando cargar header CF: /var/www/html/wp-content/plugins/wpcargo-pod-addons/templates/wpc-pod-sign-header-cf.tpl.php
[12-Jun-2026 00:54:47 UTC] DEBUG: ✓ Header incluido
[12-Jun-2026 00:54:47 UTC] DEBUG: Intentando cargar signature form: /var/www/html/wp-content/plugins/wpcargo-pod-addons/templates/wpc-pod-signature-form.tpl.php
[12-Jun-2026 00:54:47 UTC] DEBUG: ✓ Signature form incluido
[12-Jun-2026 00:54:47 UTC] DEBUG: Intentando cargar sign template: /var/www/html/wp-content/plugins/wpcargo-pod-addons/templates/wpc-pod-sign.tpl.php
[12-Jun-2026 00:54:47 UTC] DEBUG: ✓ Sign template incluido
[12-Jun-2026 00:54:47 UTC] DEBUG: HTML final length: 38215
[12-Jun-2026 00:54:47 UTC] === DEBUG: show_signaturepad_for_all_roles() COMPLETADO ===
[12-Jun-2026 00:55:07 UTC] 🔔 [MERC_LOG] Inicializado logger diario: /var/www/html/wp-content/merc_logs/merc-debug-2026-06-12.log
[12-Jun-2026 00:55:07 UTC] 🔔 [MERC_LOG] Inicializado logger diario: /var/www/html/wp-content/merc_logs/merc-debug-2026-06-12.log
[12-Jun-2026 00:55:07 UTC] MERC_POD_DETECT - shipmentID=31880 pod_payment_methods_len=2 signature_present=no URI=/dashboard/
[12-Jun-2026 00:55:07 UTC] MERC_POD_AUTO_SAVE - invocando merc_save_pod_payment_methods (final) para shipment 31880 has_signature=0 status=ENTREGADO
[12-Jun-2026 00:55:07 UTC] 🔵 merc_save_pod_payment_methods ejecutado - Shipment ID: 31880
[12-Jun-2026 00:55:07 UTC] 🔵 form_data keys: __pod_id,__pod_signature,wpcpod_nonce,remarks,wpcargo_total_cobrar,pod_payment_methods,status (count=7)
[12-Jun-2026 00:55:07 UTC] 🔵 $_POST keys: __pod_id,__pod_signature,wpcpod_nonce,remarks,wpcargo_total_cobrar,pod_payment_methods,status
[12-Jun-2026 00:55:07 UTC] 🔵 pod_payment_methods_len=2
[12-Jun-2026 00:55:07 UTC] 🔵 pod_payment_methods encontrado en form_data (len=2) preview=[]
[12-Jun-2026 00:55:07 UTC] ✅ Procesando métodos de pago...
[12-Jun-2026 00:55:07 UTC] ✅ Tamaño del JSON: 2 bytes
[12-Jun-2026 00:55:07 UTC] ✅ Primeros 500 caracteres del JSON: []
[12-Jun-2026 00:55:07 UTC] ✅ Últimos 100 caracteres del JSON: []
[12-Jun-2026 00:55:07 UTC] ✅ json_last_error después de stripslashes: No error
[12-Jun-2026 00:55:07 UTC] ✅ Número de métodos decodificados: 0
[12-Jun-2026 00:55:07 UTC] ❌ No se pudieron decodificar los métodos o el array está vacío
[12-Jun-2026 00:55:07 UTC] MERC_POD_AUTO_SAVE - completado para shipment 31880
[12-Jun-2026 00:55:08 UTC] MERC_DEBUG_ENTRY - merc_maybe_create_penalty_for_shipment post_id=31880 post_type=wpcargo_shipment
[12-Jun-2026 00:55:08 UTC] MERC_DEBUG_STATE - post_id=31880 estado_raw=ENTREGADO
[12-Jun-2026 00:55:08 UTC] MERC_DEBUG_ABORT - post_id=31880 estado no es NO RECOGIDO, abortando
[12-Jun-2026 00:55:08 UTC] MERC_DEBUG_ENTRY - merc_maybe_create_penalty_for_shipment post_id=31880 post_type=wpcargo_shipment
[12-Jun-2026 00:55:08 UTC] MERC_DEBUG_STATE - post_id=31880 estado_raw=ENTREGADO
[12-Jun-2026 00:55:08 UTC] MERC_DEBUG_ABORT - post_id=31880 estado no es NO RECOGIDO, abortando
[12-Jun-2026 00:55:08 UTC] MERC_NO_RECIBIDO_DEBUG - post_id=31880 estado=ENTREGADO NO es NO RECIBIDO
[12-Jun-2026 00:55:08 UTC] 🔵 merc_save_pod_payment_methods ejecutado - Shipment ID: 31880
[12-Jun-2026 00:55:08 UTC] 🔵 form_data keys: __pod_id,__pod_signature,wpcpod_nonce,remarks,wpcargo_total_cobrar,pod_payment_methods,status (count=7)
[12-Jun-2026 00:55:08 UTC] 🔵 $_POST keys: action,nonce,formData
[12-Jun-2026 00:55:08 UTC] 🔵 pod_payment_methods encontrado en form_data (len=2) preview=[]
[12-Jun-2026 00:55:08 UTC] ✅ Procesando métodos de pago...
[12-Jun-2026 00:55:08 UTC] ✅ Tamaño del JSON: 2 bytes
[12-Jun-2026 00:55:08 UTC] ✅ Primeros 500 caracteres del JSON: []
[12-Jun-2026 00:55:08 UTC] ✅ Últimos 100 caracteres del JSON: []
[12-Jun-2026 00:55:08 UTC] ✅ json_last_error después de stripslashes: No error
[12-Jun-2026 00:55:08 UTC] ✅ Número de métodos decodificados: 0
[12-Jun-2026 00:55:08 UTC] ❌ No se pudieron decodificar los métodos o el array está vacío
[12-Jun-2026 00:55:08 UTC] 🔔 [MERC_LOG] Inicializado logger diario: /var/www/html/wp-content/merc_logs/merc-debug-2026-06-12.log
[12-Jun-2026 00:55:09 UTC] 🔵 [FILTER] filter_shipment_by_date_and_tiendaname llamado
[12-Jun-2026 00:55:09 UTC] 🔵 [FILTER] Usuario actual: 120
[12-Jun-2026 00:55:09 UTC] 🔵 [FILTER] Args iniciales: {"post_type":"wpcargo_shipment","post_status":"publish","posts_per_page":100,"paged":1,"s":"","meta_query":{"relation":"AND","0":{"__assignment":{"key":"wpcargo_driver","value":120,"compare":"="}}}}
[12-Jun-2026 00:55:09 UTC] 🔵 [FILTER] GET params: Array
(
)

[12-Jun-2026 00:55:09 UTC] 🔵 [FILTER] Sin parámetros de fecha, aplicando HOY por defecto: 2026-06-11
[12-Jun-2026 00:55:09 UTC] 🔵 [FILTER] Fecha desde: '2026-06-11' | Fecha hasta: '2026-06-11'
[12-Jun-2026 00:55:09 UTC] 🔵 [FILTER] has_from: true | has_to: true
[12-Jun-2026 00:55:09 UTC] 🔵 [FILTER] SQL Query: 
            SELECT DISTINCT p.ID 
            FROM wp_posts p
            INNER JOIN wp_postmeta pm ON p.ID = pm.post_id
            WHERE p.post_type = 'wpcargo_shipment'
            AND pm.meta_key IN ('wpcargo_pickup_date_picker', 'wpcargo_pickup_date', 'calendarenvio', 'wpcargo_fecha_envio')
            AND (STR_TO_DATE(pm.meta_value, '%d/%m/%Y') >= STR_TO_DATE('2026-06-11', '%Y-%m-%d') AND STR_TO_DATE(pm.meta_value, '%d/%m/%Y') <= STR_TO_DATE('2026-06-11', '%Y-%m-%d'))
        
[12-Jun-2026 00:55:09 UTC] 🔵 [FILTER] IDs encontrados por fecha: 3
[12-Jun-2026 00:55:09 UTC] 🔵 [FILTER] Primeros 10 IDs: 31872, 31878, 31880
[12-Jun-2026 00:55:09 UTC] 🔵 [FILTER] post__in no existe, creando nuevo
[12-Jun-2026 00:55:09 UTC] 🔵 [FILTER] post_status cambiado a array para incluir estados normales (EXCLUYENDO trash)
[12-Jun-2026 00:55:09 UTC] 🔵 [FILTER] Args finales: {"post_type":"wpcargo_shipment","post_status":["publish","draft","pending","private"],"posts_per_page":100,"paged":1,"s":"","meta_query":{"relation":"AND","0":{"__assignment":{"key":"wpcargo_driver","value":120,"compare":"="}}},"post__in":["31872","31878","31880"]}
[12-Jun-2026 00:55:09 UTC] 🔵 [FILTER] filter_shipment_by_date_and_tiendaname llamado
[12-Jun-2026 00:55:09 UTC] 🔵 [FILTER] Usuario actual: 120
[12-Jun-2026 00:55:09 UTC] 🔵 [FILTER] Args iniciales: {"post_type":"wpcargo_shipment","post_status":"publish","posts_per_page":100,"paged":1,"s":"","meta_query":{"relation":"AND","0":{"__assignment":{"key":"wpcargo_driver","value":120,"compare":"="}}}}
[12-Jun-2026 00:55:09 UTC] 🔵 [FILTER] GET params: Array
(
)

[12-Jun-2026 00:55:09 UTC] 🔵 [FILTER] Sin parámetros de fecha, aplicando HOY por defecto: 2026-06-11
[12-Jun-2026 00:55:09 UTC] 🔵 [FILTER] Fecha desde: '2026-06-11' | Fecha hasta: '2026-06-11'
[12-Jun-2026 00:55:09 UTC] 🔵 [FILTER] has_from: true | has_to: true
[12-Jun-2026 00:55:09 UTC] 🔵 [FILTER] SQL Query: 
            SELECT DISTINCT p.ID 
            FROM wp_posts p
            INNER JOIN wp_postmeta pm ON p.ID = pm.post_id
            WHERE p.post_type = 'wpcargo_shipment'
            AND pm.meta_key IN ('wpcargo_pickup_date_picker', 'wpcargo_pickup_date', 'calendarenvio', 'wpcargo_fecha_envio')
            AND (STR_TO_DATE(pm.meta_value, '%d/%m/%Y') >= STR_TO_DATE('2026-06-11', '%Y-%m-%d') AND STR_TO_DATE(pm.meta_value, '%d/%m/%Y') <= STR_TO_DATE('2026-06-11', '%Y-%m-%d'))
        
[12-Jun-2026 00:55:09 UTC] 🔵 [FILTER] IDs encontrados por fecha: 3
[12-Jun-2026 00:55:09 UTC] 🔵 [FILTER] Primeros 10 IDs: 31872, 31878, 31880
[12-Jun-2026 00:55:09 UTC] 🔵 [FILTER] post__in no existe, creando nuevo
[12-Jun-2026 00:55:09 UTC] 🔵 [FILTER] post_status cambiado a array para incluir estados normales (EXCLUYENDO trash)
[12-Jun-2026 00:55:09 UTC] 🔵 [FILTER] Args finales: {"post_type":"wpcargo_shipment","post_status":["publish","draft","pending","private"],"posts_per_page":100,"paged":1,"s":"","meta_query":{"relation":"AND","0":{"__assignment":{"key":"wpcargo_driver","value":120,"compare":"="}}},"post__in":["31872","31878","31880"]}
[12-Jun-2026 00:55:09 UTC] 🔔 [MERC_LOG] Inicializado logger diario: /var/www/html/wp-content/merc_logs/merc-debug-2026-06-12.log
[12-Jun-2026 00:55:09 UTC] 🔔 [MERC_LOG] Inicializado logger diario: /var/www/html/wp-content/merc_logs/merc-debug-2026-06-12.log
[12-Jun-2026 00:55:10 UTC] 🔔 [MERC_LOG] Inicializado logger diario: /var/www/html/wp-content/merc_logs/merc-debug-2026-06-12.log
[12-Jun-2026 00:55:12 UTC] 🔔 [MERC_LOG] Inicializado logger diario: /var/www/html/wp-content/merc_logs/merc-debug-2026-06-12.log
[12-Jun-2026 00:55:12 UTC] 🔔 [MERC_LOG] Inicializado logger diario: /var/www/html/wp-content/merc_logs/merc-debug-2026-06-12.log
[12-Jun-2026 00:55:12 UTC] === MERC_MOTORIZADO_RESUMEN DEBUG ===
[12-Jun-2026 00:55:12 UTC] Conductor ID: 120
[12-Jun-2026 00:55:12 UTC] Fecha inicio: 2026-06-12
[12-Jun-2026 00:55:12 UTC] Fecha fin: 2026-06-12
[12-Jun-2026 00:55:12 UTC] 📋 Query motorizado: 
        SELECT p.ID, pm_estado_motorizado.meta_value as estado
        FROM wp_posts p
        LEFT JOIN wp_postmeta pm_driver ON p.ID = pm_driver.post_id AND pm_driver.meta_key = 'wpcargo_driver'
        LEFT JOIN wp_postmeta pm_estado_motorizado ON p.ID = pm_estado_motorizado.post_id AND pm_estado_motorizado.meta_key = 'wpcargo_estado_pago_motorizado'
        LEFT JOIN wp_postmeta pm_pickup_date ON p.ID = pm_pickup_date.post_id AND pm_pickup_date.meta_key IN ('wpcargo_pickup_date_picker', 'wpcargo_pickup_date', 'wpcargo_fecha_envio')
        WHERE p.post_type = 'wpcargo_shipment'
        AND p.post_status = 'publish'
        AND pm_driver.meta_value = '120'
        AND STR_TO_DATE(pm_pickup_date.meta_value, '{0c49944c52c95f14b6ba89d4d9f2753b9d39bd5d399d9267559e961d2b8ef78e}d/{0c49944c52c95f14b6ba89d4d9f2753b9d39bd5d399d9267559e961d2b8ef78e}m/{0c49944c52c95f14b6ba89d4d9f2753b9d39bd5d399d9267559e961d2b8ef78e}Y') >= STR_TO_DATE('2026-06-12', '{0c49944c52c95f14b6ba89d4d9f2753b9d39bd5d399d9267559e961d2b8ef78e}Y-{0c49944c52c95f14b6ba89d4d9f2753b9d39bd5d399d9267559e961d2b8ef78e}m-{0c49944c52c95f14b6ba89d4d9f2753b9d39bd5d399d9267559e961d2b8ef78e}d')
        AND STR_TO_DATE(pm_pickup_date.meta_value, '{0c49944c52c95f14b6ba89d4d9f2753b9d39bd5d399d9267559e961d2b8ef78e}d/{0c49944c52c95f14b6ba89d4d9f2753b9d39bd5d399d9267559e961d2b8ef78e}m/{0c49944c52c95f14b6ba89d4d9f2753b9d39bd5d399d9267559e961d2b8ef78e}Y') <= STR_TO_DATE('2026-06-12', '{0c49944c52c95f14b6ba89d4d9f2753b9d39bd5d399d9267559e961d2b8ef78e}Y-{0c49944c52c95f14b6ba89d4d9f2753b9d39bd5d399d9267559e961d2b8ef78e}m-{0c49944c52c95f14b6ba89d4d9f2753b9d39bd5d399d9267559e961d2b8ef78e}d')
    
[12-Jun-2026 00:55:12 UTC] 📦 Envíos para motorizado: 0
[12-Jun-2026 00:55:13 UTC] 🔔 [MERC_LOG] Inicializado logger diario: /var/www/html/wp-content/merc_logs/merc-debug-2026-06-12.log
[12-Jun-2026 00:55:17 UTC] 🔔 [MERC_LOG] Inicializado logger diario: /var/www/html/wp-content/merc_logs/merc-debug-2026-06-12.log
[12-Jun-2026 00:55:18 UTC] PHP Warning:  Undefined variable $tipo_vista in /var/www/html/wp-content/themes/blocksy-child/functions.php on line 7636
[12-Jun-2026 00:55:18 UTC] MERC_ADMIN_RESUMEN - date_query="AND EXISTS(
            SELECT 1 FROM wp_postmeta pm_pickup 
            WHERE pm_pickup.post_id = p.ID 
            AND pm_pickup.meta_key = 'wpcargo_pickup_date_picker'
            AND (
                STR_TO_DATE(pm_pickup.meta_value, '%d/%m/%Y') >= STR_TO_DATE('2026-06-11', '%Y-%m-%d')
                AND STR_TO_DATE(pm_pickup.meta_value, '%d/%m/%Y') <= STR_TO_DATE('2026-06-11', '%Y-%m-%d')
            )
        )"
[12-Jun-2026 00:55:18 UTC] MERC_ADMIN_RESUMEN - shipments_count=2
[12-Jun-2026 00:55:18 UTC] ═══════════════════════════════════════════════════════════
[12-Jun-2026 00:55:18 UTC] 🔍 MERC_ADMIN_DEBUG - INICIANDO CÁLCULOS DEL PANEL
[12-Jun-2026 00:55:18 UTC] ═══════════════════════════════════════════════════════════
[12-Jun-2026 00:55:18 UTC] 
[12-Jun-2026 00:55:18 UTC] ────────────────────────────────────────────────────────
[12-Jun-2026 00:55:18 UTC] 📦 SHIPMENT #31872
[12-Jun-2026 00:55:18 UTC]    Costo Envío: S/. 13.00
[12-Jun-2026 00:55:18 UTC]    Costo Producto: S/. 27.00
[12-Jun-2026 00:55:18 UTC]    Estado Motorizado: liquidado
[12-Jun-2026 00:55:18 UTC]    Estado Remitente (liquidado): liq_6a2b5886a8377
[12-Jun-2026 00:55:18 UTC]    Quién Paga: remitente
[12-Jun-2026 00:55:18 UTC]    Estado Entrega: ENTREGADO
[12-Jun-2026 00:55:18 UTC]    ✅ SUMADO A TOTAL ENTREGADOS: S/. 27.00 (producto=27.00, Total: S/. 27.00)
[12-Jun-2026 00:55:18 UTC]    ✅ SUMADO A INGRESOS ENVÍOS: S/. 13.00 (Total: S/. 13.00)
[12-Jun-2026 00:55:18 UTC]    Cliente 517 - ¿Liquidación verificada? SÍ
[12-Jun-2026 00:55:18 UTC]    GET_PAYMENT_TOTALS: efectivo=S/. 0.00, pago_merc=S/. 23.00, pos=S/. 6.35, pago_marca=S/. 10.00, total=S/. 39.35
[12-Jun-2026 00:55:18 UTC]    Efectivo Total acumulado: S/. 0.00
[12-Jun-2026 00:55:18 UTC]    ✅ SUMADO A RECAUDADO_MERC: S/. 23.00 (Total: S/. 23.00)
[12-Jun-2026 00:55:18 UTC]    ✅ SUMADO A RECAUDADO_MARCA: S/. 10.00 (Total: S/. 10.00)
[12-Jun-2026 00:55:18 UTC]    ✅ SUMADO A POS_RECAUDADO: S/. 6.35 (Total: S/. 6.35)
[12-Jun-2026 00:55:18 UTC] 
[12-Jun-2026 00:55:18 UTC] ────────────────────────────────────────────────────────
[12-Jun-2026 00:55:18 UTC] 📦 SHIPMENT #31880
[12-Jun-2026 00:55:18 UTC]    Costo Envío: S/. 0.00
[12-Jun-2026 00:55:18 UTC]    Costo Producto: S/. 0.00
[12-Jun-2026 00:55:18 UTC]    Estado Motorizado: pendiente
[12-Jun-2026 00:55:18 UTC]    Estado Remitente (liquidado): VACÍO
[12-Jun-2026 00:55:18 UTC]    Quién Paga: remitente
[12-Jun-2026 00:55:18 UTC]    Estado Entrega: ENTREGADO
[12-Jun-2026 00:55:18 UTC]    ✅ SUMADO A TOTAL ENTREGADOS: S/. 0.00 (producto=0.00, Total: S/. 27.00)
[12-Jun-2026 00:55:18 UTC]    ❌ NO SUMADO a ingresos envíos (quien_paga=remitente, estado_remitente=VACÍO)
[12-Jun-2026 00:55:18 UTC]    Cliente 307 - ¿Liquidación verificada? NO
[12-Jun-2026 00:55:18 UTC]    TOTALES ACUMULADOS: pago_merc=S/. 0.00, pos=S/. 0.00, pago_marca=S/. 0.00, servicio=S/. 0.00
[12-Jun-2026 00:55:18 UTC]    GET_PAYMENT_TOTALS: efectivo=S/. 0.00, pago_merc=S/. 0.00, pos=S/. 0.00, pago_marca=S/. 0.00, total=S/. 0.00
[12-Jun-2026 00:55:18 UTC]    Efectivo Total acumulado: S/. 0.00
[12-Jun-2026 00:55:18 UTC]    ✅ SUMADO A RECAUDADO_MERC: S/. 0.00 (Total: S/. 23.00)
[12-Jun-2026 00:55:18 UTC]    ✅ SUMADO A RECAUDADO_MARCA: S/. 0.00 (Total: S/. 10.00)
[12-Jun-2026 00:55:18 UTC]    ✅ SUMADO A POS_RECAUDADO: S/. 0.00 (Total: S/. 6.35)
[12-Jun-2026 00:55:18 UTC] 
[12-Jun-2026 00:55:18 UTC] ═══════════════════════════════════════════════════════════
[12-Jun-2026 00:55:18 UTC] 🔍 CÁLCULO DE "POR PAGAR REMITENTES" - FÓRMULA TOTAL GENERAL
[12-Jun-2026 00:55:18 UTC] ═══════════════════════════════════════════════════════════
[12-Jun-2026 00:55:18 UTC] RECAUDADO_MER (MER): S/. 23.00
[12-Jun-2026 00:55:18 UTC] EFECTIVO_TOTAL (MOTO): S/. 0.00
[12-Jun-2026 00:55:18 UTC] POS_RECAUDADO (POS): S/. 6.35
[12-Jun-2026 00:55:18 UTC] RECAUDADO_MARCA (MARCA): S/. 10.00
[12-Jun-2026 00:55:18 UTC] INGRESOS_ENVIOS (ENVIOS): S/. 13.00
[12-Jun-2026 00:55:18 UTC] ─────────────────────────────────────────────────────
[12-Jun-2026 00:55:18 UTC] por_pagar_rem = MER + MOTO + POS - MARCA - ENVIOS
[12-Jun-2026 00:55:18 UTC] por_pagar_rem = (23.00 + 0.00 + 6.35) - 10.00 - 13.00
[12-Jun-2026 00:55:18 UTC] por_pagar_rem = S/. 6.35
[12-Jun-2026 00:55:18 UTC] 
[12-Jun-2026 00:55:18 UTC] ═══════════════════════════════════════════════════════════
[12-Jun-2026 00:55:18 UTC] 📊 RESUMEN FINAL DE CÁLCULOS DEL PANEL ADMIN
[12-Jun-2026 00:55:18 UTC] ═══════════════════════════════════════════════════════════
[12-Jun-2026 00:55:18 UTC] Total Entregados: S/. 27.00 (TODOS los envíos entregados)
[12-Jun-2026 00:55:18 UTC] Ingresos por Envíos: S/. 13.00 (solo liquidados)
[12-Jun-2026 00:55:18 UTC] Efectivo Total: S/. 0.00
[12-Jun-2026 00:55:18 UTC] Recaudado por MERC: S/. 23.00
[12-Jun-2026 00:55:18 UTC] Recaudado por MARCA: S/. 10.00
[12-Jun-2026 00:55:18 UTC] Recaudado por POS: S/. 6.35
[12-Jun-2026 00:55:18 UTC] Por Pagar Remitentes: S/. 6.35
[12-Jun-2026 00:55:18 UTC] Penalidades del día: S/. 0.00
[12-Jun-2026 00:55:18 UTC] TOTAL GENERAL (Balance Neto): S/. 30.00
[12-Jun-2026 00:55:18 UTC] ═══════════════════════════════════════════════════════════
[12-Jun-2026 00:55:18 UTC] 
[12-Jun-2026 00:55:18 UTC] 🔍 [MERC_ADMIN_CARDS] drivers_sql: SELECT pm_entrega.meta_value AS driver_id, COUNT(DISTINCT p.ID) AS total_entregas FROM wp_posts p LEFT JOIN wp_postmeta pm_entrega ON p.ID = pm_entrega.post_id AND pm_entrega.meta_key = 'wpcargo_motorizo_entrega' WHERE p.post_type = 'wpcargo_shipment' AND p.post_status = 'publish' AND pm_entrega.meta_value IS NOT NULL AND EXISTS( SELECT 1 FROM wp_postmeta pm_pickup WHERE pm_pickup.post_id = p.ID AND pm_pickup.meta_key = 'wpcargo_pickup_date_picker' AND ( STR_TO_DATE(pm_pickup.meta_value, '%d/%m/%Y') >= STR_TO_DATE('2026-06-11', '%Y-%m-%d') AND STR_TO_DATE(pm_pickup.meta_value, '%d/%m/%Y') <= STR_TO_DATE('2026-06-11', '%Y-%m-%d') ) ) GROUP BY pm_entrega.meta_value ORDER BY total_entregas DESC
[12-Jun-2026 00:55:18 UTC] 🔍 [MERC_ADMIN_CARDS] sample_ids_count: 2
[12-Jun-2026 00:55:18 UTC] 🔍 [MERC_ADMIN_CARDS] sample shipment_id=31872 wpcargo_driver='190' wpcargo_motorizo_recojo='120'
[12-Jun-2026 00:55:18 UTC] 🔍 [MERC_ADMIN_CARDS] sample shipment_id=31880 wpcargo_driver='120' wpcargo_motorizo_recojo='190'
[12-Jun-2026 00:55:18 UTC] 🔍 [MERC_ADMIN_CARDS] drivers_count: 2
[12-Jun-2026 00:55:18 UTC] 🔍 [MERC_ADMIN_CARDS] Motorizado ID: 120 | Envios encontrados: 1
[12-Jun-2026 00:55:18 UTC]    Shipment #31880 | pod_payment_methods(raw)=, wpcargo_total_cobrar='0.00', otros_meta={"monto":"39.00"}
[12-Jun-2026 00:55:18 UTC]    Shipment #31880 | Totales: efectivo=0, pago_merc=0, pago_marca=0, pos=0, total=0
[12-Jun-2026 00:55:18 UTC]    Totales del motorizado: Total=0, Efectivo=0, MERC=0, MARCA=0, POS=0
[12-Jun-2026 00:55:18 UTC] 🔍 [MERC_ADMIN_CARDS] Motorizado ID: 190 | Envios encontrados: 1
[12-Jun-2026 00:55:18 UTC]    Shipment #31872 | pod_payment_methods(raw)=[{"metodo":"efectivo","monto":0},{"metodo":"pago_merc","monto":23,"imagen_id":31875,"imagen_url":"http://localhost:8081/wp-content/uploads/2026/06/metodo-pago-31872-1-1781183314.jpeg"},{"metodo":"pos","monto":6.35,"imagen_id":31876,"imagen_url":"http://localhost:8081/wp-content/uploads/2026/06/metodo-pago-31872-2-1781183314.jpeg","monto_original":13},{"metodo":"pago_marca","monto":10,"imagen_id":31877,"imagen_url":"http://localhost:8081/wp-content/uploads/2026/06/metodo-pago-31872-3-1781183314.jpeg"}], wpcargo_total_cobrar='40.00', otros_meta={"monto":"40.00"}
[12-Jun-2026 00:55:18 UTC]    Shipment #31872 | Totales: efectivo=0, pago_merc=23, pago_marca=10, pos=6.35, total=39.35
[12-Jun-2026 00:55:18 UTC]    Totales del motorizado: Total=39.35, Efectivo=0, MERC=23, MARCA=10, POS=6.35
[12-Jun-2026 00:55:18 UTC] 🔔 [MERC_LOG] Inicializado logger diario: /var/www/html/wp-content/merc_logs/merc-debug-2026-06-12.log
[12-Jun-2026 00:55:31 UTC] 🔔 [MERC_LOG] Inicializado logger diario: /var/www/html/wp-content/merc_logs/merc-debug-2026-06-12.log
[12-Jun-2026 00:55:31 UTC] 🔔 [MERC_LOG] Inicializado logger diario: /var/www/html/wp-content/merc_logs/merc-debug-2026-06-12.log
[12-Jun-2026 00:55:31 UTC] 🔔 [MERC_LOG] Inicializado logger diario: /var/www/html/wp-content/merc_logs/merc-debug-2026-06-12.log
[12-Jun-2026 00:55:32 UTC] PHP Warning:  Undefined variable $extra_join in /var/www/html/wp-content/themes/blocksy-child/functions.php on line 8118
[12-Jun-2026 00:55:32 UTC] PHP Warning:  Undefined variable $extra_where in /var/www/html/wp-content/themes/blocksy-child/functions.php on line 8122
[12-Jun-2026 00:55:32 UTC] PHP Warning:  Undefined variable $extra_join in /var/www/html/wp-content/themes/blocksy-child/functions.php on line 8118
[12-Jun-2026 00:55:32 UTC] PHP Warning:  Undefined variable $extra_where in /var/www/html/wp-content/themes/blocksy-child/functions.php on line 8122
[12-Jun-2026 00:55:32 UTC] PHP Warning:  Undefined variable $extra_join in /var/www/html/wp-content/themes/blocksy-child/functions.php on line 8118
[12-Jun-2026 00:55:32 UTC] PHP Warning:  Undefined variable $extra_where in /var/www/html/wp-content/themes/blocksy-child/functions.php on line 8122
[12-Jun-2026 00:55:32 UTC] 🔔 [MERC_LOG] Inicializado logger diario: /var/www/html/wp-content/merc_logs/merc-debug-2026-06-12.log
[12-Jun-2026 00:55:34 UTC] 🔔 [MERC_LOG] Inicializado logger diario: /var/www/html/wp-content/merc_logs/merc-debug-2026-06-12.log
[12-Jun-2026 00:55:34 UTC] PHP Warning:  Undefined variable $tipo_vista in /var/www/html/wp-content/themes/blocksy-child/functions.php on line 7636
[12-Jun-2026 00:55:34 UTC] MERC_ADMIN_RESUMEN - date_query="AND EXISTS(
            SELECT 1 FROM wp_postmeta pm_pickup 
            WHERE pm_pickup.post_id = p.ID 
            AND pm_pickup.meta_key = 'wpcargo_pickup_date_picker'
            AND (
                STR_TO_DATE(pm_pickup.meta_value, '%d/%m/%Y') >= STR_TO_DATE('2026-06-11', '%Y-%m-%d')
                AND STR_TO_DATE(pm_pickup.meta_value, '%d/%m/%Y') <= STR_TO_DATE('2026-06-11', '%Y-%m-%d')
            )
        )"
[12-Jun-2026 00:55:34 UTC] MERC_ADMIN_RESUMEN - shipments_count=2
[12-Jun-2026 00:55:34 UTC] ═══════════════════════════════════════════════════════════
[12-Jun-2026 00:55:34 UTC] 🔍 MERC_ADMIN_DEBUG - INICIANDO CÁLCULOS DEL PANEL
[12-Jun-2026 00:55:34 UTC] ═══════════════════════════════════════════════════════════
[12-Jun-2026 00:55:34 UTC] 
[12-Jun-2026 00:55:34 UTC] ────────────────────────────────────────────────────────
[12-Jun-2026 00:55:34 UTC] 📦 SHIPMENT #31872
[12-Jun-2026 00:55:34 UTC]    Costo Envío: S/. 13.00
[12-Jun-2026 00:55:34 UTC]    Costo Producto: S/. 27.00
[12-Jun-2026 00:55:34 UTC]    Estado Motorizado: liquidado
[12-Jun-2026 00:55:34 UTC]    Estado Remitente (liquidado): liq_6a2b5886a8377
[12-Jun-2026 00:55:34 UTC]    Quién Paga: remitente
[12-Jun-2026 00:55:34 UTC]    Estado Entrega: ENTREGADO
[12-Jun-2026 00:55:34 UTC]    ✅ SUMADO A TOTAL ENTREGADOS: S/. 27.00 (producto=27.00, Total: S/. 27.00)
[12-Jun-2026 00:55:34 UTC]    ✅ SUMADO A INGRESOS ENVÍOS: S/. 13.00 (Total: S/. 13.00)
[12-Jun-2026 00:55:34 UTC]    Cliente 517 - ¿Liquidación verificada? SÍ
[12-Jun-2026 00:55:34 UTC]    GET_PAYMENT_TOTALS: efectivo=S/. 0.00, pago_merc=S/. 23.00, pos=S/. 6.35, pago_marca=S/. 10.00, total=S/. 39.35
[12-Jun-2026 00:55:34 UTC]    Efectivo Total acumulado: S/. 0.00
[12-Jun-2026 00:55:34 UTC]    ✅ SUMADO A RECAUDADO_MERC: S/. 23.00 (Total: S/. 23.00)
[12-Jun-2026 00:55:34 UTC]    ✅ SUMADO A RECAUDADO_MARCA: S/. 10.00 (Total: S/. 10.00)
[12-Jun-2026 00:55:34 UTC]    ✅ SUMADO A POS_RECAUDADO: S/. 6.35 (Total: S/. 6.35)
[12-Jun-2026 00:55:34 UTC] 
[12-Jun-2026 00:55:34 UTC] ────────────────────────────────────────────────────────
[12-Jun-2026 00:55:34 UTC] 📦 SHIPMENT #31880
[12-Jun-2026 00:55:34 UTC]    Costo Envío: S/. 0.00
[12-Jun-2026 00:55:34 UTC]    Costo Producto: S/. 0.00
[12-Jun-2026 00:55:34 UTC]    Estado Motorizado: pendiente
[12-Jun-2026 00:55:34 UTC]    Estado Remitente (liquidado): VACÍO
[12-Jun-2026 00:55:34 UTC]    Quién Paga: remitente
[12-Jun-2026 00:55:34 UTC]    Estado Entrega: ENTREGADO
[12-Jun-2026 00:55:34 UTC]    ✅ SUMADO A TOTAL ENTREGADOS: S/. 0.00 (producto=0.00, Total: S/. 27.00)
[12-Jun-2026 00:55:34 UTC]    ❌ NO SUMADO a ingresos envíos (quien_paga=remitente, estado_remitente=VACÍO)
[12-Jun-2026 00:55:34 UTC]    Cliente 307 - ¿Liquidación verificada? NO
[12-Jun-2026 00:55:34 UTC]    TOTALES ACUMULADOS: pago_merc=S/. 0.00, pos=S/. 0.00, pago_marca=S/. 0.00, servicio=S/. 0.00
[12-Jun-2026 00:55:34 UTC]    GET_PAYMENT_TOTALS: efectivo=S/. 0.00, pago_merc=S/. 0.00, pos=S/. 0.00, pago_marca=S/. 0.00, total=S/. 0.00
[12-Jun-2026 00:55:34 UTC]    Efectivo Total acumulado: S/. 0.00
[12-Jun-2026 00:55:34 UTC]    ✅ SUMADO A RECAUDADO_MERC: S/. 0.00 (Total: S/. 23.00)
[12-Jun-2026 00:55:34 UTC]    ✅ SUMADO A RECAUDADO_MARCA: S/. 0.00 (Total: S/. 10.00)
[12-Jun-2026 00:55:34 UTC]    ✅ SUMADO A POS_RECAUDADO: S/. 0.00 (Total: S/. 6.35)
[12-Jun-2026 00:55:34 UTC] 
[12-Jun-2026 00:55:34 UTC] ═══════════════════════════════════════════════════════════
[12-Jun-2026 00:55:34 UTC] 🔍 CÁLCULO DE "POR PAGAR REMITENTES" - FÓRMULA TOTAL GENERAL
[12-Jun-2026 00:55:34 UTC] ═══════════════════════════════════════════════════════════
[12-Jun-2026 00:55:34 UTC] RECAUDADO_MER (MER): S/. 23.00
[12-Jun-2026 00:55:34 UTC] EFECTIVO_TOTAL (MOTO): S/. 0.00
[12-Jun-2026 00:55:34 UTC] POS_RECAUDADO (POS): S/. 6.35
[12-Jun-2026 00:55:34 UTC] RECAUDADO_MARCA (MARCA): S/. 10.00
[12-Jun-2026 00:55:34 UTC] INGRESOS_ENVIOS (ENVIOS): S/. 13.00
[12-Jun-2026 00:55:34 UTC] ─────────────────────────────────────────────────────
[12-Jun-2026 00:55:34 UTC] por_pagar_rem = MER + MOTO + POS - MARCA - ENVIOS
[12-Jun-2026 00:55:34 UTC] por_pagar_rem = (23.00 + 0.00 + 6.35) - 10.00 - 13.00
[12-Jun-2026 00:55:34 UTC] por_pagar_rem = S/. 6.35
[12-Jun-2026 00:55:34 UTC] 
[12-Jun-2026 00:55:34 UTC] ═══════════════════════════════════════════════════════════
[12-Jun-2026 00:55:34 UTC] 📊 RESUMEN FINAL DE CÁLCULOS DEL PANEL ADMIN
[12-Jun-2026 00:55:34 UTC] ═══════════════════════════════════════════════════════════
[12-Jun-2026 00:55:34 UTC] Total Entregados: S/. 27.00 (TODOS los envíos entregados)
[12-Jun-2026 00:55:34 UTC] Ingresos por Envíos: S/. 13.00 (solo liquidados)
[12-Jun-2026 00:55:34 UTC] Efectivo Total: S/. 0.00
[12-Jun-2026 00:55:34 UTC] Recaudado por MERC: S/. 23.00
[12-Jun-2026 00:55:34 UTC] Recaudado por MARCA: S/. 10.00
[12-Jun-2026 00:55:34 UTC] Recaudado por POS: S/. 6.35
[12-Jun-2026 00:55:34 UTC] Por Pagar Remitentes: S/. 6.35
[12-Jun-2026 00:55:34 UTC] Penalidades del día: S/. 0.00
[12-Jun-2026 00:55:34 UTC] TOTAL GENERAL (Balance Neto): S/. 30.00
[12-Jun-2026 00:55:34 UTC] ═══════════════════════════════════════════════════════════
[12-Jun-2026 00:55:34 UTC] 
[12-Jun-2026 00:55:34 UTC] 🔍 [MERC_ADMIN_CARDS] drivers_sql: SELECT pm_entrega.meta_value AS driver_id, COUNT(DISTINCT p.ID) AS total_entregas FROM wp_posts p LEFT JOIN wp_postmeta pm_entrega ON p.ID = pm_entrega.post_id AND pm_entrega.meta_key = 'wpcargo_motorizo_entrega' WHERE p.post_type = 'wpcargo_shipment' AND p.post_status = 'publish' AND pm_entrega.meta_value IS NOT NULL AND EXISTS( SELECT 1 FROM wp_postmeta pm_pickup WHERE pm_pickup.post_id = p.ID AND pm_pickup.meta_key = 'wpcargo_pickup_date_picker' AND ( STR_TO_DATE(pm_pickup.meta_value, '%d/%m/%Y') >= STR_TO_DATE('2026-06-11', '%Y-%m-%d') AND STR_TO_DATE(pm_pickup.meta_value, '%d/%m/%Y') <= STR_TO_DATE('2026-06-11', '%Y-%m-%d') ) ) GROUP BY pm_entrega.meta_value ORDER BY total_entregas DESC
[12-Jun-2026 00:55:34 UTC] 🔍 [MERC_ADMIN_CARDS] sample_ids_count: 2
[12-Jun-2026 00:55:34 UTC] 🔍 [MERC_ADMIN_CARDS] sample shipment_id=31872 wpcargo_driver='190' wpcargo_motorizo_recojo='120'
[12-Jun-2026 00:55:34 UTC] 🔍 [MERC_ADMIN_CARDS] sample shipment_id=31880 wpcargo_driver='120' wpcargo_motorizo_recojo='190'
[12-Jun-2026 00:55:35 UTC] 🔍 [MERC_ADMIN_CARDS] drivers_count: 2
[12-Jun-2026 00:55:35 UTC] 🔍 [MERC_ADMIN_CARDS] Motorizado ID: 120 | Envios encontrados: 1
[12-Jun-2026 00:55:35 UTC]    Shipment #31880 | pod_payment_methods(raw)=, wpcargo_total_cobrar='0.00', otros_meta={"monto":"39.00"}
[12-Jun-2026 00:55:35 UTC]    Shipment #31880 | Totales: efectivo=0, pago_merc=0, pago_marca=0, pos=0, total=0
[12-Jun-2026 00:55:35 UTC]    Totales del motorizado: Total=0, Efectivo=0, MERC=0, MARCA=0, POS=0
[12-Jun-2026 00:55:35 UTC] 🔍 [MERC_ADMIN_CARDS] Motorizado ID: 190 | Envios encontrados: 1
[12-Jun-2026 00:55:35 UTC]    Shipment #31872 | pod_payment_methods(raw)=[{"metodo":"efectivo","monto":0},{"metodo":"pago_merc","monto":23,"imagen_id":31875,"imagen_url":"http://localhost:8081/wp-content/uploads/2026/06/metodo-pago-31872-1-1781183314.jpeg"},{"metodo":"pos","monto":6.35,"imagen_id":31876,"imagen_url":"http://localhost:8081/wp-content/uploads/2026/06/metodo-pago-31872-2-1781183314.jpeg","monto_original":13},{"metodo":"pago_marca","monto":10,"imagen_id":31877,"imagen_url":"http://localhost:8081/wp-content/uploads/2026/06/metodo-pago-31872-3-1781183314.jpeg"}], wpcargo_total_cobrar='40.00', otros_meta={"monto":"40.00"}
[12-Jun-2026 00:55:35 UTC]    Shipment #31872 | Totales: efectivo=0, pago_merc=23, pago_marca=10, pos=6.35, total=39.35
[12-Jun-2026 00:55:35 UTC]    Totales del motorizado: Total=39.35, Efectivo=0, MERC=23, MARCA=10, POS=6.35
[12-Jun-2026 00:55:35 UTC] 🔔 [MERC_LOG] Inicializado logger diario: /var/www/html/wp-content/merc_logs/merc-debug-2026-06-12.log
[12-Jun-2026 00:56:19 UTC] 🔔 [MERC_LOG] Inicializado logger diario: /var/www/html/wp-content/merc_logs/merc-debug-2026-06-12.log
[12-Jun-2026 00:56:21 UTC] 🔔 [MERC_LOG] Inicializado logger diario: /var/www/html/wp-content/merc_logs/merc-debug-2026-06-12.log
[12-Jun-2026 00:56:23 UTC] 🔔 [MERC_LOG] Inicializado logger diario: /var/www/html/wp-content/merc_logs/merc-debug-2026-06-12.log
[12-Jun-2026 00:56:24 UTC] 🔔 [MERC_LOG] Inicializado logger diario: /var/www/html/wp-content/merc_logs/merc-debug-2026-06-12.log
[12-Jun-2026 00:56:25 UTC] 🔔 [MERC_LOG] Inicializado logger diario: /var/www/html/wp-content/merc_logs/merc-debug-2026-06-12.log
[12-Jun-2026 00:56:26 UTC] 📝 [EDIT_FORM_LOAD] Envío #3527 | Tipo:  | Costo envío: 0
[12-Jun-2026 00:56:26 UTC] ⚠️ Tipo de envío no es full_fitment, saltando selector de productos
[12-Jun-2026 00:56:26 UTC] 🔔 [MERC_LOG] Inicializado logger diario: /var/www/html/wp-content/merc_logs/merc-debug-2026-06-12.log
[12-Jun-2026 00:56:26 UTC] 🔔 [MERC_LOG] Inicializado logger diario: /var/www/html/wp-content/merc_logs/merc-debug-2026-06-12.log
[12-Jun-2026 00:56:26 UTC] 🔔 [MERC_LOG] Inicializado logger diario: /var/www/html/wp-content/merc_logs/merc-debug-2026-06-12.log
[12-Jun-2026 00:56:26 UTC] 🔔 [MERC_LOG] Inicializado logger diario: /var/www/html/wp-content/merc_logs/merc-debug-2026-06-12.log
[12-Jun-2026 00:56:26 UTC] 🔔 [MERC_LOG] Inicializado logger diario: /var/www/html/wp-content/merc_logs/merc-debug-2026-06-12.log
[12-Jun-2026 00:56:26 UTC] MERC_POD_DEBUG - shipmentID= context=syncMonto methods_count=0
[12-Jun-2026 00:56:26 UTC] MERC_POD_DEBUG - shipmentID= context=syncMonto methods_count=0
[12-Jun-2026 00:56:26 UTC] 🔍 [AJAX] Consultando desbloqueo parcial para NORMAL
[12-Jun-2026 00:56:26 UTC]    Meta key: merc_desbloqueo_parcial_NORMAL
[12-Jun-2026 00:56:26 UTC]    Unlock info: ""
[12-Jun-2026 00:56:26 UTC]    Force date: 
[12-Jun-2026 00:56:26 UTC] 🔄 [RESETEO DIARIO] Usuario 109 | Fecha: 2026-06-11
[12-Jun-2026 00:56:27 UTC] 🔔 [MERC_LOG] Inicializado logger diario: /var/www/html/wp-content/merc_logs/merc-debug-2026-06-12.log
[12-Jun-2026 00:56:27 UTC] 🔔 [MERC_LOG] Inicializado logger diario: /var/www/html/wp-content/merc_logs/merc-debug-2026-06-12.log
[12-Jun-2026 00:56:27 UTC] 🔔 [MERC_LOG] Inicializado logger diario: /var/www/html/wp-content/merc_logs/merc-debug-2026-06-12.log
[12-Jun-2026 00:56:27 UTC] 🔔 [MERC_LOG] Inicializado logger diario: /var/www/html/wp-content/merc_logs/merc-debug-2026-06-12.log
[12-Jun-2026 00:56:27 UTC] 🔔 [MERC_LOG] Inicializado logger diario: /var/www/html/wp-content/merc_logs/merc-debug-2026-06-12.log
[12-Jun-2026 00:56:27 UTC] 🔔 [MERC_LOG] Inicializado logger diario: /var/www/html/wp-content/merc_logs/merc-debug-2026-06-12.log
[12-Jun-2026 00:56:27 UTC] MERC_POD_DEBUG - shipmentID= context=syncMonto methods_count=0
[12-Jun-2026 00:56:27 UTC] MERC_POD_DEBUG - shipmentID= context=syncMonto methods_count=0
[12-Jun-2026 00:56:27 UTC] 🔔 [MERC_LOG] Inicializado logger diario: /var/www/html/wp-content/merc_logs/merc-debug-2026-06-12.log
[12-Jun-2026 00:56:27 UTC] MERC_POD_DEBUG - shipmentID= context=syncMonto methods_count=0
[12-Jun-2026 00:56:27 UTC] 🔔 [MERC_LOG] Inicializado logger diario: /var/www/html/wp-content/merc_logs/merc-debug-2026-06-12.log
[12-Jun-2026 00:56:27 UTC] MERC_POD_DEBUG - shipmentID= context=syncMonto methods_count=0
[12-Jun-2026 00:56:27 UTC] MERC_POD_DEBUG - shipmentID= context=syncMonto methods_count=0
[12-Jun-2026 00:56:27 UTC] MERC_POD_DEBUG - shipmentID= context=syncMonto methods_count=0
[12-Jun-2026 00:56:27 UTC] 🔔 [MERC_LOG] Inicializado logger diario: /var/www/html/wp-content/merc_logs/merc-debug-2026-06-12.log
[12-Jun-2026 00:56:27 UTC] 🔔 [MERC_LOG] Inicializado logger diario: /var/www/html/wp-content/merc_logs/merc-debug-2026-06-12.log
[12-Jun-2026 00:56:27 UTC] 🔔 [MERC_LOG] Inicializado logger diario: /var/www/html/wp-content/merc_logs/merc-debug-2026-06-12.log
[12-Jun-2026 00:56:27 UTC] 🔔 [MERC_LOG] Inicializado logger diario: /var/www/html/wp-content/merc_logs/merc-debug-2026-06-12.log
[12-Jun-2026 00:56:27 UTC] MERC_POD_DEBUG - shipmentID= context=syncMonto methods_count=0
[12-Jun-2026 00:56:27 UTC] MERC_POD_DEBUG - shipmentID= context=syncMonto methods_count=0
[12-Jun-2026 00:56:27 UTC] MERC_POD_DEBUG - shipmentID= context=syncMonto methods_count=0
[12-Jun-2026 00:56:27 UTC] 🔔 [MERC_LOG] Inicializado logger diario: /var/www/html/wp-content/merc_logs/merc-debug-2026-06-12.log
[12-Jun-2026 00:56:27 UTC] MERC_POD_DEBUG - shipmentID= context=syncMonto methods_count=0
[12-Jun-2026 00:56:27 UTC] MERC_POD_DEBUG - shipmentID= context=syncMonto methods_count=0
[12-Jun-2026 00:56:27 UTC] MERC_POD_DEBUG - shipmentID= context=syncMonto methods_count=0
