[23-Apr-2026 04:40:17 UTC] 🔔 [MERC_LOG] Inicializado logger diario: /home/u727114368/domains/mercourier.com/public_html/wp-content/merc_logs/merc-debug-2026-04-23.log
[23-Apr-2026 04:40:19 UTC] 🔔 [MERC_LOG] Inicializado logger diario: /home/u727114368/domains/mercourier.com/public_html/wp-content/merc_logs/merc-debug-2026-04-23.log
[23-Apr-2026 04:40:20 UTC] 🔔 [MERC_LOG] Inicializado logger diario: /home/u727114368/domains/mercourier.com/public_html/wp-content/merc_logs/merc-debug-2026-04-23.log
[23-Apr-2026 04:40:27 UTC] 🔔 [MERC_LOG] Inicializado logger diario: /home/u727114368/domains/mercourier.com/public_html/wp-content/merc_logs/merc-debug-2026-04-23.log
[23-Apr-2026 04:40:28 UTC] 🔔 [MERC_LOG] Inicializado logger diario: /home/u727114368/domains/mercourier.com/public_html/wp-content/merc_logs/merc-debug-2026-04-23.log
[23-Apr-2026 04:40:29 UTC] 🔔 [MERC_LOG] Inicializado logger diario: /home/u727114368/domains/mercourier.com/public_html/wp-content/merc_logs/merc-debug-2026-04-23.log
[23-Apr-2026 04:40:29 UTC] 🔔 [MERC_LOG] Inicializado logger diario: /home/u727114368/domains/mercourier.com/public_html/wp-content/merc_logs/merc-debug-2026-04-23.log
[23-Apr-2026 04:40:29 UTC] 🔔 [MERC_LOG] Inicializado logger diario: /home/u727114368/domains/mercourier.com/public_html/wp-content/merc_logs/merc-debug-2026-04-23.log
[23-Apr-2026 04:40:29 UTC] 🔔 [MERC_LOG] Inicializado logger diario: /home/u727114368/domains/mercourier.com/public_html/wp-content/merc_logs/merc-debug-2026-04-23.log
[23-Apr-2026 04:40:29 UTC] 🔔 [MERC_LOG] Inicializado logger diario: /home/u727114368/domains/mercourier.com/public_html/wp-content/merc_logs/merc-debug-2026-04-23.log
[23-Apr-2026 04:40:34 UTC] 🔔 [MERC_LOG] Inicializado logger diario: /home/u727114368/domains/mercourier.com/public_html/wp-content/merc_logs/merc-debug-2026-04-23.log
[23-Apr-2026 04:40:34 UTC] 🔔 [MERC_LOG] Inicializado logger diario: /home/u727114368/domains/mercourier.com/public_html/wp-content/merc_logs/merc-debug-2026-04-23.log
[23-Apr-2026 04:40:41 UTC] 🔔 [MERC_LOG] Inicializado logger diario: /home/u727114368/domains/mercourier.com/public_html/wp-content/merc_logs/merc-debug-2026-04-23.log
[23-Apr-2026 04:40:42 UTC] 🔵 [FILTER] filter_shipment_by_date_and_tiendaname llamado
[23-Apr-2026 04:40:42 UTC] 🔵 [FILTER] Usuario actual: 1
[23-Apr-2026 04:40:42 UTC] 🔵 [FILTER] Args iniciales: {"post_type":"wpcargo_shipment","post_status":"publish","posts_per_page":"100","paged":1,"s":"","meta_query":{"relation":"AND","0":[]},"date_query":[{"after":"2026-02-22","before":"2026-04-23","inclusive":true}]}
[23-Apr-2026 04:40:42 UTC] 🔵 [FILTER] GET params: Array
(
)

[23-Apr-2026 04:40:42 UTC] 🔵 [FILTER] Sin parámetros de fecha, aplicando HOY por defecto: 2026-04-22
[23-Apr-2026 04:40:42 UTC] 🔵 [FILTER] Fecha desde: '2026-04-22' | Fecha hasta: '2026-04-22'
[23-Apr-2026 04:40:42 UTC] 🔵 [FILTER] has_from: true | has_to: true
[23-Apr-2026 04:40:42 UTC] 🔵 [FILTER] REMOVIENDO date_query para evitar conflicto
[23-Apr-2026 04:40:42 UTC] 🔵 [FILTER] SQL Query: 
            SELECT DISTINCT p.ID 
            FROM wp_posts p
            INNER JOIN wp_postmeta pm ON p.ID = pm.post_id
            WHERE p.post_type = 'wpcargo_shipment'
            AND pm.meta_key IN ('wpcargo_pickup_date_picker', 'wpcargo_pickup_date', 'calendarenvio', 'wpcargo_fecha_envio')
            AND (STR_TO_DATE(pm.meta_value, '%d/%m/%Y') >= STR_TO_DATE('2026-04-22', '%Y-%m-%d') AND STR_TO_DATE(pm.meta_value, '%d/%m/%Y') <= STR_TO_DATE('2026-04-22', '%Y-%m-%d'))
        
[23-Apr-2026 04:40:42 UTC] 🔵 [FILTER] IDs encontrados por fecha: 0
[23-Apr-2026 04:40:42 UTC] 🔵 [FILTER] Sin resultados de fecha, forzando búsqueda vacía
[23-Apr-2026 04:40:42 UTC] 🔵 [FILTER] Args finales: {"post_type":"wpcargo_shipment","post_status":"publish","posts_per_page":"100","paged":1,"s":"","meta_query":{"relation":"AND","0":[]},"post__in":[0]}
[23-Apr-2026 04:40:50 UTC] 🔔 [MERC_LOG] Inicializado logger diario: /home/u727114368/domains/mercourier.com/public_html/wp-content/merc_logs/merc-debug-2026-04-23.log
[23-Apr-2026 04:40:50 UTC] PHP Warning:  Undefined variable $tipo_vista in /home/u727114368/domains/mercourier.com/public_html/wp-content/themes/blocksy-child/functions.php on line 8589
[23-Apr-2026 04:40:50 UTC] MERC_ADMIN_RESUMEN - date_query="AND ( 
        EXISTS( 
            SELECT 1 FROM wp_postmeta pm_pickup 
            WHERE pm_pickup.post_id = p.ID 
              AND pm_pickup.meta_key IN ('wpcargo_pickup_date_picker','wpcargo_pickup_date','calendarenvio','wpcargo_fecha_envio')
              AND (
                    (STR_TO_DATE(pm_pickup.meta_value, '%%d/%%m/%%Y') >= STR_TO_DATE('2026-04-22', '%%Y-%%m-%%d') AND STR_TO_DATE(pm_pickup.meta_value, '%%d/%%m/%%Y') <= STR_TO_DATE('2026-04-22', '%%Y-%%m-%%d'))
                 OR (STR_TO_DATE(pm_pickup.meta_value, '%%Y-%%m-%%d') >= STR_TO_DATE('2026-04-22', '%%Y-%%m-%%d') AND STR_TO_DATE(pm_pickup.meta_value, '%%Y-%%m-%%d') <= STR_TO_DATE('2026-04-22', '%%Y-%%m-%%d'))
                 OR (pm_pickup.meta_value BETWEEN '2026-04-22' AND '2026-04-22')
                 OR (pm_pickup.meta_value LIKE '2026-04-22%')
              )
        )
        OR (p.post_date BETWEEN '2026-04-22 00:00:00' AND '2026-04-22 23:59:59')
    )"
[23-Apr-2026 04:40:50 UTC] MERC_ADMIN_RESUMEN - NO SHIPMENTS returned for date_query, attempting fallback by pickup meta
[23-Apr-2026 04:40:50 UTC] MERC_ADMIN_RESUMEN - fallback also returned NO shipments; attempting fallback by post_date range
[23-Apr-2026 04:40:50 UTC] MERC_ADMIN_RESUMEN_SAMPLE - id=6641 post_date=2026-02-22 21:51:11 metas={"wpcargo_pickup_date_picker":"22\/2\/2026","wpcargo_pickup_date":"","calendarenvio":"","wpcargo_fecha_envio":"","post_date":"2026-02-22 21:51:11"}
[23-Apr-2026 04:40:50 UTC] MERC_ADMIN_RESUMEN_SAMPLE - id=6642 post_date=2026-02-22 21:51:11 metas={"wpcargo_pickup_date_picker":"22\/2\/2026","wpcargo_pickup_date":"","calendarenvio":"","wpcargo_fecha_envio":"","post_date":"2026-02-22 21:51:11"}
[23-Apr-2026 04:40:50 UTC] MERC_ADMIN_RESUMEN_SAMPLE - id=6643 post_date=2026-02-22 21:51:11 metas={"wpcargo_pickup_date_picker":"22\/2\/2026","wpcargo_pickup_date":"","calendarenvio":"","wpcargo_fecha_envio":"","post_date":"2026-02-22 21:51:11"}
[23-Apr-2026 04:40:50 UTC] MERC_ADMIN_RESUMEN_SAMPLE - id=6644 post_date=2026-02-22 21:51:11 metas={"wpcargo_pickup_date_picker":"22\/2\/2026","wpcargo_pickup_date":"","calendarenvio":"","wpcargo_fecha_envio":"","post_date":"2026-02-22 21:51:11"}
[23-Apr-2026 04:40:50 UTC] MERC_ADMIN_RESUMEN_SAMPLE - id=6601 post_date=2026-02-22 15:32:45 metas={"wpcargo_pickup_date_picker":"22\/2\/2026","wpcargo_pickup_date":"","calendarenvio":"","wpcargo_fecha_envio":"","post_date":"2026-02-22 15:32:45"}
[23-Apr-2026 04:40:50 UTC] MERC_ADMIN_RESUMEN_SAMPLE - id=6602 post_date=2026-02-22 15:32:45 metas={"wpcargo_pickup_date_picker":"22\/2\/2026","wpcargo_pickup_date":"","calendarenvio":"","wpcargo_fecha_envio":"","post_date":"2026-02-22 15:32:45"}
[23-Apr-2026 04:40:50 UTC] MERC_ADMIN_RESUMEN_SAMPLE - id=6603 post_date=2026-02-22 15:32:45 metas={"wpcargo_pickup_date_picker":"22\/2\/2026","wpcargo_pickup_date":"","calendarenvio":"","wpcargo_fecha_envio":"","post_date":"2026-02-22 15:32:45"}
[23-Apr-2026 04:40:50 UTC] MERC_ADMIN_RESUMEN_SAMPLE - id=6604 post_date=2026-02-22 15:32:45 metas={"wpcargo_pickup_date_picker":"22\/2\/2026","wpcargo_pickup_date":"","calendarenvio":"","wpcargo_fecha_envio":"","post_date":"2026-02-22 15:32:45"}
[23-Apr-2026 04:40:50 UTC] MERC_ADMIN_RESUMEN_SAMPLE - id=6592 post_date=2026-02-21 15:08:10 metas={"wpcargo_pickup_date_picker":"23\/2\/2026","wpcargo_pickup_date":"","calendarenvio":"","wpcargo_fecha_envio":"","post_date":"2026-02-21 15:08:10"}
[23-Apr-2026 04:40:50 UTC] MERC_ADMIN_RESUMEN_SAMPLE - id=6593 post_date=2026-02-21 15:08:10 metas={"wpcargo_pickup_date_picker":"23\/2\/2026","wpcargo_pickup_date":"","calendarenvio":"","wpcargo_fecha_envio":"","post_date":"2026-02-21 15:08:10"}
[23-Apr-2026 04:40:50 UTC] MERC_ADMIN_RESUMEN_SAMPLE - id=6594 post_date=2026-02-21 15:08:10 metas={"wpcargo_pickup_date_picker":"23\/2\/2026","wpcargo_pickup_date":"","calendarenvio":"","wpcargo_fecha_envio":"","post_date":"2026-02-21 15:08:10"}
[23-Apr-2026 04:40:50 UTC] MERC_ADMIN_RESUMEN_SAMPLE - id=6595 post_date=2026-02-21 15:08:10 metas={"wpcargo_pickup_date_picker":"23\/2\/2026","wpcargo_pickup_date":"","calendarenvio":"","wpcargo_fecha_envio":"","post_date":"2026-02-21 15:08:10"}
[23-Apr-2026 04:40:50 UTC] MERC_ADMIN_RESUMEN_SAMPLE - id=6584 post_date=2026-02-21 14:30:19 metas={"wpcargo_pickup_date_picker":"21\/02\/2026","wpcargo_pickup_date":"","calendarenvio":"","wpcargo_fecha_envio":"","post_date":"2026-02-21 14:30:19"}
[23-Apr-2026 04:40:50 UTC] MERC_ADMIN_RESUMEN - trying post_date fallback with start=2026-04-22 00:00:00 end=2026-04-22 23:59:59
[23-Apr-2026 04:40:50 UTC] 🔍 [MERC_ADMIN_CARDS] drivers_sql: SELECT COALESCE(pm_driver.meta_value, pm_driver_alt.meta_value) AS driver_id, COUNT(DISTINCT p.ID) AS total_entregas FROM wp_posts p LEFT JOIN wp_postmeta pm_driver ON p.ID = pm_driver.post_id AND pm_driver.meta_key = 'wpcargo_driver' LEFT JOIN wp_postmeta pm_driver_alt ON p.ID = pm_driver_alt.post_id AND pm_driver_alt.meta_key = 'wpcargo_motorizo_recojo' WHERE p.post_type = 'wpcargo_shipment' AND p.post_status = 'publish' AND (pm_driver.meta_value IS NOT NULL OR pm_driver_alt.meta_value IS NOT NULL) AND ( EXISTS( SELECT 1 FROM wp_postmeta pm_pickup WHERE pm_pickup.post_id = p.ID AND pm_pickup.meta_key IN ('wpcargo_pickup_date_picker','wpcargo_pickup_date','calendarenvio','wpcargo_fecha_envio') AND ( (STR_TO_DATE(pm_pickup.meta_value, '%%d/%%m/%%Y') >= STR_TO_DATE('2026-04-22', '%%Y-%%m-%%d') AND STR_TO_DATE(pm_pickup.meta_value, '%%d/%%m/%%Y') <= STR_TO_DATE('2026-04-22', '%%Y-%%m-%%d')) OR (STR_TO_DATE(pm_pickup.meta_value, '%%Y-%%m-%%d') >= STR_TO_DATE('2026-04-22', '%%Y-%%m-%%d') AND STR_TO_DATE(pm_pickup.meta_value, '%%Y-%%m-%%d') <= STR_TO_DATE('2026-04-22', '%%Y-%%m-%%d')) OR (pm_pickup.meta_value BETWEEN '2026-04-22' AND '2026-04-22') OR (pm_pickup.meta_value LIKE '2026-04-22%') ) ) OR (p.post_date BETWEEN '2026-04-22 00:00:00' AND '2026-04-22 23:59:59') ) GROUP BY COALESCE(pm_driver.meta_value, pm_driver_alt.meta_value) ORDER BY total_entregas DESC
[23-Apr-2026 04:40:50 UTC] 🔍 [MERC_ADMIN_CARDS] sample_ids_count: 0
[23-Apr-2026 04:40:50 UTC] 🔍 [MERC_ADMIN_CARDS] sample_ids EMPTY for date_query
[23-Apr-2026 04:40:50 UTC] 🔍 [MERC_ADMIN_CARDS] drivers_count: 0
[23-Apr-2026 04:40:50 UTC] 🔍 [MERC_ADMIN_CLIENTS] clients_sql: SELECT pm_sender.meta_value AS client_id, COUNT(DISTINCT p.ID) AS total_envios FROM wp_posts p LEFT JOIN wp_postmeta pm_sender ON p.ID = pm_sender.post_id AND pm_sender.meta_key = 'registered_shipper' WHERE p.post_type = 'wpcargo_shipment' AND p.post_status = 'publish' AND pm_sender.meta_value IS NOT NULL AND pm_sender.meta_value != '' AND ( EXISTS( SELECT 1 FROM wp_postmeta pm_pickup WHERE pm_pickup.post_id = p.ID AND pm_pickup.meta_key IN ('wpcargo_pickup_date_picker','wpcargo_pickup_date','calendarenvio','wpcargo_fecha_envio') AND ( (STR_TO_DATE(pm_pickup.meta_value, '%%d/%%m/%%Y') >= STR_TO_DATE('2026-04-22', '%%Y-%%m-%%d') AND STR_TO_DATE(pm_pickup.meta_value, '%%d/%%m/%%Y') <= STR_TO_DATE('2026-04-22', '%%Y-%%m-%%d')) OR (STR_TO_DATE(pm_pickup.meta_value, '%%Y-%%m-%%d') >= STR_TO_DATE('2026-04-22', '%%Y-%%m-%%d') AND STR_TO_DATE(pm_pickup.meta_value, '%%Y-%%m-%%d') <= STR_TO_DATE('2026-04-22', '%%Y-%%m-%%d')) OR (pm_pickup.meta_value BETWEEN '2026-04-22' AND '2026-04-22') OR (pm_pickup.meta_value LIKE '2026-04-22%') ) ) OR (p.post_date BETWEEN '2026-04-22 00:00:00' AND '2026-04-22 23:59:59') ) GROUP BY pm_sender.meta_value ORDER BY total_envios DESC
[23-Apr-2026 04:40:50 UTC] 🔍 [MERC_ADMIN_CLIENTS] clients_count: 0
[23-Apr-2026 04:40:50 UTC] 🔍 [MERC_ADMIN_CLIENTS] sample_ids_count: 0
[23-Apr-2026 04:40:50 UTC] 🔍 [MERC_ADMIN_CLIENTS] sample_ids EMPTY for date_query
[23-Apr-2026 04:41:07 UTC] 🔔 [MERC_LOG] Inicializado logger diario: /home/u727114368/domains/mercourier.com/public_html/wp-content/merc_logs/merc-debug-2026-04-23.log
[23-Apr-2026 04:41:07 UTC] 🔔 [MERC_LOG] Inicializado logger diario: /home/u727114368/domains/mercourier.com/public_html/wp-content/merc_logs/merc-debug-2026-04-23.log
[23-Apr-2026 04:41:07 UTC] 
════════════════════════════════════════════════════════════
[23-Apr-2026 04:41:07 UTC] 🧹 [LIMPIEZA DIARIA] Eliminando merc_motorizo_recojo_default de todos los usuarios
[23-Apr-2026 04:41:07 UTC] ════════════════════════════════════════════════════════════
[23-Apr-2026 04:41:07 UTC] 📊 Usuarios con motorizado_recojo_default: 0
[23-Apr-2026 04:41:07 UTC] 🔄 Total usuarios limpios: 0
[23-Apr-2026 04:41:07 UTC] ✅ [LIMPIEZA DIARIA COMPLETADA] Próxima ejecución en 24 horas
[23-Apr-2026 04:41:07 UTC] ════════════════════════════════════════════════════════════

[23-Apr-2026 04:41:07 UTC] PHP Warning:  Undefined variable $tipo_vista in /home/u727114368/domains/mercourier.com/public_html/wp-content/themes/blocksy-child/functions.php on line 8589
[23-Apr-2026 04:41:07 UTC] MERC_ADMIN_RESUMEN - date_query="AND ( 
        EXISTS( 
            SELECT 1 FROM wp_postmeta pm_pickup 
            WHERE pm_pickup.post_id = p.ID 
              AND pm_pickup.meta_key IN ('wpcargo_pickup_date_picker','wpcargo_pickup_date','calendarenvio','wpcargo_fecha_envio')
              AND (
                    (STR_TO_DATE(pm_pickup.meta_value, '%%d/%%m/%%Y') >= STR_TO_DATE('2026-04-01', '%%Y-%%m-%%d') AND STR_TO_DATE(pm_pickup.meta_value, '%%d/%%m/%%Y') <= STR_TO_DATE('2026-04-22', '%%Y-%%m-%%d'))
                 OR (STR_TO_DATE(pm_pickup.meta_value, '%%Y-%%m-%%d') >= STR_TO_DATE('2026-04-01', '%%Y-%%m-%%d') AND STR_TO_DATE(pm_pickup.meta_value, '%%Y-%%m-%%d') <= STR_TO_DATE('2026-04-22', '%%Y-%%m-%%d'))
                 OR (pm_pickup.meta_value BETWEEN '2026-04-01' AND '2026-04-22')
                 OR (pm_pickup.meta_value LIKE '2026-04-01%')
              )
        )
        OR (p.post_date BETWEEN '2026-04-01 00:00:00' AND '2026-04-22 23:59:59')
    )"
[23-Apr-2026 04:41:07 UTC] MERC_ADMIN_RESUMEN - NO SHIPMENTS returned for date_query, attempting fallback by pickup meta
[23-Apr-2026 04:41:07 UTC] MERC_ADMIN_RESUMEN - fallback also returned NO shipments; attempting fallback by post_date range
[23-Apr-2026 04:41:07 UTC] MERC_ADMIN_RESUMEN_SAMPLE - id=6641 post_date=2026-02-22 21:51:11 metas={"wpcargo_pickup_date_picker":"22\/2\/2026","wpcargo_pickup_date":"","calendarenvio":"","wpcargo_fecha_envio":"","post_date":"2026-02-22 21:51:11"}
[23-Apr-2026 04:41:07 UTC] MERC_ADMIN_RESUMEN_SAMPLE - id=6642 post_date=2026-02-22 21:51:11 metas={"wpcargo_pickup_date_picker":"22\/2\/2026","wpcargo_pickup_date":"","calendarenvio":"","wpcargo_fecha_envio":"","post_date":"2026-02-22 21:51:11"}
[23-Apr-2026 04:41:07 UTC] MERC_ADMIN_RESUMEN_SAMPLE - id=6643 post_date=2026-02-22 21:51:11 metas={"wpcargo_pickup_date_picker":"22\/2\/2026","wpcargo_pickup_date":"","calendarenvio":"","wpcargo_fecha_envio":"","post_date":"2026-02-22 21:51:11"}
[23-Apr-2026 04:41:07 UTC] MERC_ADMIN_RESUMEN_SAMPLE - id=6644 post_date=2026-02-22 21:51:11 metas={"wpcargo_pickup_date_picker":"22\/2\/2026","wpcargo_pickup_date":"","calendarenvio":"","wpcargo_fecha_envio":"","post_date":"2026-02-22 21:51:11"}
[23-Apr-2026 04:41:07 UTC] MERC_ADMIN_RESUMEN_SAMPLE - id=6601 post_date=2026-02-22 15:32:45 metas={"wpcargo_pickup_date_picker":"22\/2\/2026","wpcargo_pickup_date":"","calendarenvio":"","wpcargo_fecha_envio":"","post_date":"2026-02-22 15:32:45"}
[23-Apr-2026 04:41:07 UTC] MERC_ADMIN_RESUMEN_SAMPLE - id=6602 post_date=2026-02-22 15:32:45 metas={"wpcargo_pickup_date_picker":"22\/2\/2026","wpcargo_pickup_date":"","calendarenvio":"","wpcargo_fecha_envio":"","post_date":"2026-02-22 15:32:45"}
[23-Apr-2026 04:41:07 UTC] MERC_ADMIN_RESUMEN_SAMPLE - id=6603 post_date=2026-02-22 15:32:45 metas={"wpcargo_pickup_date_picker":"22\/2\/2026","wpcargo_pickup_date":"","calendarenvio":"","wpcargo_fecha_envio":"","post_date":"2026-02-22 15:32:45"}
[23-Apr-2026 04:41:07 UTC] MERC_ADMIN_RESUMEN_SAMPLE - id=6604 post_date=2026-02-22 15:32:45 metas={"wpcargo_pickup_date_picker":"22\/2\/2026","wpcargo_pickup_date":"","calendarenvio":"","wpcargo_fecha_envio":"","post_date":"2026-02-22 15:32:45"}
[23-Apr-2026 04:41:07 UTC] MERC_ADMIN_RESUMEN_SAMPLE - id=6592 post_date=2026-02-21 15:08:10 metas={"wpcargo_pickup_date_picker":"23\/2\/2026","wpcargo_pickup_date":"","calendarenvio":"","wpcargo_fecha_envio":"","post_date":"2026-02-21 15:08:10"}
[23-Apr-2026 04:41:07 UTC] MERC_ADMIN_RESUMEN_SAMPLE - id=6593 post_date=2026-02-21 15:08:10 metas={"wpcargo_pickup_date_picker":"23\/2\/2026","wpcargo_pickup_date":"","calendarenvio":"","wpcargo_fecha_envio":"","post_date":"2026-02-21 15:08:10"}
[23-Apr-2026 04:41:07 UTC] MERC_ADMIN_RESUMEN_SAMPLE - id=6594 post_date=2026-02-21 15:08:10 metas={"wpcargo_pickup_date_picker":"23\/2\/2026","wpcargo_pickup_date":"","calendarenvio":"","wpcargo_fecha_envio":"","post_date":"2026-02-21 15:08:10"}
[23-Apr-2026 04:41:07 UTC] MERC_ADMIN_RESUMEN_SAMPLE - id=6595 post_date=2026-02-21 15:08:10 metas={"wpcargo_pickup_date_picker":"23\/2\/2026","wpcargo_pickup_date":"","calendarenvio":"","wpcargo_fecha_envio":"","post_date":"2026-02-21 15:08:10"}
[23-Apr-2026 04:41:07 UTC] MERC_ADMIN_RESUMEN_SAMPLE - id=6584 post_date=2026-02-21 14:30:19 metas={"wpcargo_pickup_date_picker":"21\/02\/2026","wpcargo_pickup_date":"","calendarenvio":"","wpcargo_fecha_envio":"","post_date":"2026-02-21 14:30:19"}
[23-Apr-2026 04:41:07 UTC] MERC_ADMIN_RESUMEN - trying post_date fallback with start=2026-04-01 00:00:00 end=2026-04-22 23:59:59
[23-Apr-2026 04:41:07 UTC] 🔍 [MERC_ADMIN_CARDS] drivers_sql: SELECT COALESCE(pm_driver.meta_value, pm_driver_alt.meta_value) AS driver_id, COUNT(DISTINCT p.ID) AS total_entregas FROM wp_posts p LEFT JOIN wp_postmeta pm_driver ON p.ID = pm_driver.post_id AND pm_driver.meta_key = 'wpcargo_driver' LEFT JOIN wp_postmeta pm_driver_alt ON p.ID = pm_driver_alt.post_id AND pm_driver_alt.meta_key = 'wpcargo_motorizo_recojo' WHERE p.post_type = 'wpcargo_shipment' AND p.post_status = 'publish' AND (pm_driver.meta_value IS NOT NULL OR pm_driver_alt.meta_value IS NOT NULL) AND ( EXISTS( SELECT 1 FROM wp_postmeta pm_pickup WHERE pm_pickup.post_id = p.ID AND pm_pickup.meta_key IN ('wpcargo_pickup_date_picker','wpcargo_pickup_date','calendarenvio','wpcargo_fecha_envio') AND ( (STR_TO_DATE(pm_pickup.meta_value, '%%d/%%m/%%Y') >= STR_TO_DATE('2026-04-01', '%%Y-%%m-%%d') AND STR_TO_DATE(pm_pickup.meta_value, '%%d/%%m/%%Y') <= STR_TO_DATE('2026-04-22', '%%Y-%%m-%%d')) OR (STR_TO_DATE(pm_pickup.meta_value, '%%Y-%%m-%%d') >= STR_TO_DATE('2026-04-01', '%%Y-%%m-%%d') AND STR_TO_DATE(pm_pickup.meta_value, '%%Y-%%m-%%d') <= STR_TO_DATE('2026-04-22', '%%Y-%%m-%%d')) OR (pm_pickup.meta_value BETWEEN '2026-04-01' AND '2026-04-22') OR (pm_pickup.meta_value LIKE '2026-04-01%') ) ) OR (p.post_date BETWEEN '2026-04-01 00:00:00' AND '2026-04-22 23:59:59') ) GROUP BY COALESCE(pm_driver.meta_value, pm_driver_alt.meta_value) ORDER BY total_entregas DESC
[23-Apr-2026 04:41:07 UTC] 🔍 [MERC_ADMIN_CARDS] sample_ids_count: 0
[23-Apr-2026 04:41:07 UTC] 🔍 [MERC_ADMIN_CARDS] sample_ids EMPTY for date_query
[23-Apr-2026 04:41:07 UTC] 🔍 [MERC_ADMIN_CARDS] drivers_count: 0
[23-Apr-2026 04:41:07 UTC] 🔍 [MERC_ADMIN_CLIENTS] clients_sql: SELECT pm_sender.meta_value AS client_id, COUNT(DISTINCT p.ID) AS total_envios FROM wp_posts p LEFT JOIN wp_postmeta pm_sender ON p.ID = pm_sender.post_id AND pm_sender.meta_key = 'registered_shipper' WHERE p.post_type = 'wpcargo_shipment' AND p.post_status = 'publish' AND pm_sender.meta_value IS NOT NULL AND pm_sender.meta_value != '' AND ( EXISTS( SELECT 1 FROM wp_postmeta pm_pickup WHERE pm_pickup.post_id = p.ID AND pm_pickup.meta_key IN ('wpcargo_pickup_date_picker','wpcargo_pickup_date','calendarenvio','wpcargo_fecha_envio') AND ( (STR_TO_DATE(pm_pickup.meta_value, '%%d/%%m/%%Y') >= STR_TO_DATE('2026-04-01', '%%Y-%%m-%%d') AND STR_TO_DATE(pm_pickup.meta_value, '%%d/%%m/%%Y') <= STR_TO_DATE('2026-04-22', '%%Y-%%m-%%d')) OR (STR_TO_DATE(pm_pickup.meta_value, '%%Y-%%m-%%d') >= STR_TO_DATE('2026-04-01', '%%Y-%%m-%%d') AND STR_TO_DATE(pm_pickup.meta_value, '%%Y-%%m-%%d') <= STR_TO_DATE('2026-04-22', '%%Y-%%m-%%d')) OR (pm_pickup.meta_value BETWEEN '2026-04-01' AND '2026-04-22') OR (pm_pickup.meta_value LIKE '2026-04-01%') ) ) OR (p.post_date BETWEEN '2026-04-01 00:00:00' AND '2026-04-22 23:59:59') ) GROUP BY pm_sender.meta_value ORDER BY total_envios DESC
[23-Apr-2026 04:41:07 UTC] 🔍 [MERC_ADMIN_CLIENTS] clients_count: 0
[23-Apr-2026 04:41:07 UTC] 🔍 [MERC_ADMIN_CLIENTS] sample_ids_count: 0
[23-Apr-2026 04:41:07 UTC] 🔍 [MERC_ADMIN_CLIENTS] sample_ids EMPTY for date_query
[23-Apr-2026 04:41:15 UTC] 🔔 [MERC_LOG] Inicializado logger diario: /home/u727114368/domains/mercourier.com/public_html/wp-content/merc_logs/merc-debug-2026-04-23.log
[23-Apr-2026 04:41:15 UTC] PHP Warning:  Undefined variable $tipo_vista in /home/u727114368/domains/mercourier.com/public_html/wp-content/themes/blocksy-child/functions.php on line 8589
[23-Apr-2026 04:41:15 UTC] MERC_ADMIN_RESUMEN - date_query="AND ( 
        EXISTS( 
            SELECT 1 FROM wp_postmeta pm_pickup 
            WHERE pm_pickup.post_id = p.ID 
              AND pm_pickup.meta_key IN ('wpcargo_pickup_date_picker','wpcargo_pickup_date','calendarenvio','wpcargo_fecha_envio')
              AND (
                    (STR_TO_DATE(pm_pickup.meta_value, '%%d/%%m/%%Y') >= STR_TO_DATE('2026-02-01', '%%Y-%%m-%%d') AND STR_TO_DATE(pm_pickup.meta_value, '%%d/%%m/%%Y') <= STR_TO_DATE('2026-04-22', '%%Y-%%m-%%d'))
                 OR (STR_TO_DATE(pm_pickup.meta_value, '%%Y-%%m-%%d') >= STR_TO_DATE('2026-02-01', '%%Y-%%m-%%d') AND STR_TO_DATE(pm_pickup.meta_value, '%%Y-%%m-%%d') <= STR_TO_DATE('2026-04-22', '%%Y-%%m-%%d'))
                 OR (pm_pickup.meta_value BETWEEN '2026-02-01' AND '2026-04-22')
                 OR (pm_pickup.meta_value LIKE '2026-02-01%')
              )
        )
        OR (p.post_date BETWEEN '2026-02-01 00:00:00' AND '2026-04-22 23:59:59')
    )"
[23-Apr-2026 04:41:15 UTC] MERC_ADMIN_RESUMEN - shipments_count=13
[23-Apr-2026 04:41:15 UTC] ═══════════════════════════════════════════════════════════
[23-Apr-2026 04:41:15 UTC] 🔍 MERC_ADMIN_DEBUG - INICIANDO CÁLCULOS DEL PANEL
[23-Apr-2026 04:41:15 UTC] ═══════════════════════════════════════════════════════════
[23-Apr-2026 04:41:15 UTC] 
[23-Apr-2026 04:41:15 UTC] ────────────────────────────────────────────────────────
[23-Apr-2026 04:41:15 UTC] 📦 SHIPMENT #6584
[23-Apr-2026 04:41:15 UTC]    Costo Envío: S/. 8.00
[23-Apr-2026 04:41:15 UTC]    Costo Producto: S/. 0.00
[23-Apr-2026 04:41:15 UTC]    Estado Motorizado: pendiente
[23-Apr-2026 04:41:15 UTC]    Estado Remitente (liquidado): liq_cli_699b96621b47e
[23-Apr-2026 04:41:15 UTC]    Quién Paga: remitente
[23-Apr-2026 04:41:15 UTC]    Estado Entrega: ENTREGADO
[23-Apr-2026 04:41:15 UTC]    ✅ SUMADO A TOTAL ENTREGADOS: S/. 0.00 (producto=0.00, Total: S/. 0.00)
[23-Apr-2026 04:41:15 UTC]    ¿Liquidado? SÍ
[23-Apr-2026 04:41:15 UTC]    ❌ NO SUMADO a ingresos envíos (liquidado: 2026-02-21, no hoy)
[23-Apr-2026 04:41:15 UTC]    Cliente 3 - ¿Liquidación verificada? SÍ
[23-Apr-2026 04:41:15 UTC]    GET_PAYMENT_TOTALS: efectivo=S/. 0.00, pago_merc=S/. 0.00, pos=S/. 0.00, pago_marca=S/. 0.00, total=S/. 0.00
[23-Apr-2026 04:41:15 UTC]    Efectivo Total acumulado: S/. 0.00
[23-Apr-2026 04:41:15 UTC]    ❌ NO SUMADO a recaudados (estado_remitente no vacío: liq_cli_699b96621b47e)
[23-Apr-2026 04:41:15 UTC]    ❌ POS NO SUMADO (estado_remitente no vacío)
[23-Apr-2026 04:41:15 UTC] 
[23-Apr-2026 04:41:15 UTC] ────────────────────────────────────────────────────────
[23-Apr-2026 04:41:15 UTC] 📦 SHIPMENT #6592
[23-Apr-2026 04:41:15 UTC]    Costo Envío: S/. 12.00
[23-Apr-2026 04:41:15 UTC]    Costo Producto: S/. 0.00
[23-Apr-2026 04:41:15 UTC]    Estado Motorizado: pendiente
[23-Apr-2026 04:41:15 UTC]    Estado Remitente (liquidado): VACÍO
[23-Apr-2026 04:41:15 UTC]    Quién Paga: cliente_final
[23-Apr-2026 04:41:15 UTC]    Estado Entrega: PENDIENTE
[23-Apr-2026 04:41:15 UTC]    ❌ NO ENTREGADO aún (estado: PENDIENTE)
[23-Apr-2026 04:41:15 UTC]    ¿Liquidado? NO
[23-Apr-2026 04:41:15 UTC]    ❌ NO SUMADO a ingresos envíos (aún no liquidado)
[23-Apr-2026 04:41:15 UTC]    Cliente 16 - ¿Liquidación verificada? NO
[23-Apr-2026 04:41:15 UTC]    TOTALES ACUMULADOS: pago_merc=S/. 0.00, pos=S/. 0.00, pago_marca=S/. 0.00, servicio=S/. 12.00
[23-Apr-2026 04:41:15 UTC]    GET_PAYMENT_TOTALS: efectivo=S/. 0.00, pago_merc=S/. 0.00, pos=S/. 0.00, pago_marca=S/. 0.00, total=S/. 0.00
[23-Apr-2026 04:41:15 UTC]    Efectivo Total acumulado: S/. 0.00
[23-Apr-2026 04:41:15 UTC]    ✅ SUMADO A RECAUDADO_MERC: S/. 0.00 (Total: S/. 0.00)
[23-Apr-2026 04:41:15 UTC]    ✅ SUMADO A RECAUDADO_MARCA: S/. 0.00 (Total: S/. 0.00)
[23-Apr-2026 04:41:15 UTC]    ✅ SUMADO A POS_RECAUDADO: S/. 0.00 (Total: S/. 0.00)
[23-Apr-2026 04:41:15 UTC] 
[23-Apr-2026 04:41:15 UTC] ────────────────────────────────────────────────────────
[23-Apr-2026 04:41:15 UTC] 📦 SHIPMENT #6593
[23-Apr-2026 04:41:15 UTC]    Costo Envío: S/. 8.00
[23-Apr-2026 04:41:15 UTC]    Costo Producto: S/. 0.00
[23-Apr-2026 04:41:15 UTC]    Estado Motorizado: pendiente
[23-Apr-2026 04:41:15 UTC]    Estado Remitente (liquidado): VACÍO
[23-Apr-2026 04:41:15 UTC]    Quién Paga: remitente
[23-Apr-2026 04:41:15 UTC]    Estado Entrega: RECEPCIONADO
[23-Apr-2026 04:41:15 UTC]    ❌ NO ENTREGADO aún (estado: RECEPCIONADO)
[23-Apr-2026 04:41:15 UTC]    ¿Liquidado? NO
[23-Apr-2026 04:41:15 UTC]    ❌ NO SUMADO a ingresos envíos (aún no liquidado)
[23-Apr-2026 04:41:15 UTC]    Cliente 16 - ¿Liquidación verificada? NO
[23-Apr-2026 04:41:15 UTC]    TOTALES ACUMULADOS: pago_merc=S/. 0.00, pos=S/. 0.00, pago_marca=S/. 0.00, servicio=S/. 20.00
[23-Apr-2026 04:41:15 UTC]    GET_PAYMENT_TOTALS: efectivo=S/. 0.00, pago_merc=S/. 0.00, pos=S/. 0.00, pago_marca=S/. 0.00, total=S/. 0.00
[23-Apr-2026 04:41:15 UTC]    Efectivo Total acumulado: S/. 0.00
[23-Apr-2026 04:41:15 UTC]    ✅ SUMADO A RECAUDADO_MERC: S/. 0.00 (Total: S/. 0.00)
[23-Apr-2026 04:41:15 UTC]    ✅ SUMADO A RECAUDADO_MARCA: S/. 0.00 (Total: S/. 0.00)
[23-Apr-2026 04:41:15 UTC]    ✅ SUMADO A POS_RECAUDADO: S/. 0.00 (Total: S/. 0.00)
[23-Apr-2026 04:41:15 UTC] 
[23-Apr-2026 04:41:15 UTC] ────────────────────────────────────────────────────────
[23-Apr-2026 04:41:15 UTC] 📦 SHIPMENT #6594
[23-Apr-2026 04:41:15 UTC]    Costo Envío: S/. 10.00
[23-Apr-2026 04:41:15 UTC]    Costo Producto: S/. 0.00
[23-Apr-2026 04:41:15 UTC]    Estado Motorizado: pendiente
[23-Apr-2026 04:41:15 UTC]    Estado Remitente (liquidado): VACÍO
[23-Apr-2026 04:41:15 UTC]    Quién Paga: cliente_final
[23-Apr-2026 04:41:15 UTC]    Estado Entrega: RECEPCIONADO
[23-Apr-2026 04:41:15 UTC]    ❌ NO ENTREGADO aún (estado: RECEPCIONADO)
[23-Apr-2026 04:41:15 UTC]    ¿Liquidado? NO
[23-Apr-2026 04:41:15 UTC]    ❌ NO SUMADO a ingresos envíos (aún no liquidado)
[23-Apr-2026 04:41:15 UTC]    Cliente 16 - ¿Liquidación verificada? NO
[23-Apr-2026 04:41:15 UTC]    TOTALES ACUMULADOS: pago_merc=S/. 0.00, pos=S/. 0.00, pago_marca=S/. 0.00, servicio=S/. 30.00
[23-Apr-2026 04:41:15 UTC]    GET_PAYMENT_TOTALS: efectivo=S/. 0.00, pago_merc=S/. 0.00, pos=S/. 0.00, pago_marca=S/. 0.00, total=S/. 0.00
[23-Apr-2026 04:41:15 UTC]    Efectivo Total acumulado: S/. 0.00
[23-Apr-2026 04:41:15 UTC]    ✅ SUMADO A RECAUDADO_MERC: S/. 0.00 (Total: S/. 0.00)
[23-Apr-2026 04:41:15 UTC]    ✅ SUMADO A RECAUDADO_MARCA: S/. 0.00 (Total: S/. 0.00)
[23-Apr-2026 04:41:15 UTC]    ✅ SUMADO A POS_RECAUDADO: S/. 0.00 (Total: S/. 0.00)
[23-Apr-2026 04:41:15 UTC] 
[23-Apr-2026 04:41:15 UTC] ────────────────────────────────────────────────────────
[23-Apr-2026 04:41:15 UTC] 📦 SHIPMENT #6595
[23-Apr-2026 04:41:15 UTC]    Costo Envío: S/. 10.00
[23-Apr-2026 04:41:15 UTC]    Costo Producto: S/. 0.00
[23-Apr-2026 04:41:15 UTC]    Estado Motorizado: pendiente
[23-Apr-2026 04:41:15 UTC]    Estado Remitente (liquidado): VACÍO
[23-Apr-2026 04:41:15 UTC]    Quién Paga: cliente_final
[23-Apr-2026 04:41:15 UTC]    Estado Entrega: PENDIENTE
[23-Apr-2026 04:41:15 UTC]    ❌ NO ENTREGADO aún (estado: PENDIENTE)
[23-Apr-2026 04:41:15 UTC]    ¿Liquidado? NO
[23-Apr-2026 04:41:15 UTC]    ❌ NO SUMADO a ingresos envíos (aún no liquidado)
[23-Apr-2026 04:41:15 UTC]    Cliente 16 - ¿Liquidación verificada? NO
[23-Apr-2026 04:41:15 UTC]    TOTALES ACUMULADOS: pago_merc=S/. 0.00, pos=S/. 0.00, pago_marca=S/. 0.00, servicio=S/. 40.00
[23-Apr-2026 04:41:15 UTC]    GET_PAYMENT_TOTALS: efectivo=S/. 0.00, pago_merc=S/. 0.00, pos=S/. 0.00, pago_marca=S/. 0.00, total=S/. 0.00
[23-Apr-2026 04:41:15 UTC]    Efectivo Total acumulado: S/. 0.00
[23-Apr-2026 04:41:15 UTC]    ✅ SUMADO A RECAUDADO_MERC: S/. 0.00 (Total: S/. 0.00)
[23-Apr-2026 04:41:15 UTC]    ✅ SUMADO A RECAUDADO_MARCA: S/. 0.00 (Total: S/. 0.00)
[23-Apr-2026 04:41:15 UTC]    ✅ SUMADO A POS_RECAUDADO: S/. 0.00 (Total: S/. 0.00)
[23-Apr-2026 04:41:15 UTC] 
[23-Apr-2026 04:41:15 UTC] ────────────────────────────────────────────────────────
[23-Apr-2026 04:41:15 UTC] 📦 SHIPMENT #6601
[23-Apr-2026 04:41:15 UTC]    Costo Envío: S/. 10.00
[23-Apr-2026 04:41:15 UTC]    Costo Producto: S/. 0.00
[23-Apr-2026 04:41:15 UTC]    Estado Motorizado: pendiente
[23-Apr-2026 04:41:15 UTC]    Estado Remitente (liquidado): VACÍO
[23-Apr-2026 04:41:15 UTC]    Quién Paga: cliente_final
[23-Apr-2026 04:41:15 UTC]    Estado Entrega: EN RUTA
[23-Apr-2026 04:41:15 UTC]    ❌ NO ENTREGADO aún (estado: EN RUTA)
[23-Apr-2026 04:41:15 UTC]    ¿Liquidado? NO
[23-Apr-2026 04:41:15 UTC]    ❌ NO SUMADO a ingresos envíos (aún no liquidado)
[23-Apr-2026 04:41:15 UTC]    Cliente 36 - ¿Liquidación verificada? NO
[23-Apr-2026 04:41:15 UTC]    TOTALES ACUMULADOS: pago_merc=S/. 0.00, pos=S/. 0.00, pago_marca=S/. 0.00, servicio=S/. 10.00
[23-Apr-2026 04:41:15 UTC]    GET_PAYMENT_TOTALS: efectivo=S/. 0.00, pago_merc=S/. 0.00, pos=S/. 0.00, pago_marca=S/. 0.00, total=S/. 0.00
[23-Apr-2026 04:41:15 UTC]    Efectivo Total acumulado: S/. 0.00
[23-Apr-2026 04:41:15 UTC]    ✅ SUMADO A RECAUDADO_MERC: S/. 0.00 (Total: S/. 0.00)
[23-Apr-2026 04:41:15 UTC]    ✅ SUMADO A RECAUDADO_MARCA: S/. 0.00 (Total: S/. 0.00)
[23-Apr-2026 04:41:15 UTC]    ✅ SUMADO A POS_RECAUDADO: S/. 0.00 (Total: S/. 0.00)
[23-Apr-2026 04:41:15 UTC] 
[23-Apr-2026 04:41:15 UTC] ────────────────────────────────────────────────────────
[23-Apr-2026 04:41:15 UTC] 📦 SHIPMENT #6602
[23-Apr-2026 04:41:15 UTC]    Costo Envío: S/. 8.00
[23-Apr-2026 04:41:15 UTC]    Costo Producto: S/. 0.00
[23-Apr-2026 04:41:15 UTC]    Estado Motorizado: pendiente
[23-Apr-2026 04:41:15 UTC]    Estado Remitente (liquidado): VACÍO
[23-Apr-2026 04:41:15 UTC]    Quién Paga: remitente
[23-Apr-2026 04:41:15 UTC]    Estado Entrega: EN RUTA
[23-Apr-2026 04:41:15 UTC]    ❌ NO ENTREGADO aún (estado: EN RUTA)
[23-Apr-2026 04:41:15 UTC]    ¿Liquidado? NO
[23-Apr-2026 04:41:15 UTC]    ❌ NO SUMADO a ingresos envíos (aún no liquidado)
[23-Apr-2026 04:41:15 UTC]    Cliente 36 - ¿Liquidación verificada? NO
[23-Apr-2026 04:41:15 UTC]    TOTALES ACUMULADOS: pago_merc=S/. 0.00, pos=S/. 0.00, pago_marca=S/. 0.00, servicio=S/. 18.00
[23-Apr-2026 04:41:15 UTC]    GET_PAYMENT_TOTALS: efectivo=S/. 0.00, pago_merc=S/. 0.00, pos=S/. 0.00, pago_marca=S/. 0.00, total=S/. 0.00
[23-Apr-2026 04:41:15 UTC]    Efectivo Total acumulado: S/. 0.00
[23-Apr-2026 04:41:15 UTC]    ✅ SUMADO A RECAUDADO_MERC: S/. 0.00 (Total: S/. 0.00)
[23-Apr-2026 04:41:15 UTC]    ✅ SUMADO A RECAUDADO_MARCA: S/. 0.00 (Total: S/. 0.00)
[23-Apr-2026 04:41:15 UTC]    ✅ SUMADO A POS_RECAUDADO: S/. 0.00 (Total: S/. 0.00)
[23-Apr-2026 04:41:15 UTC] 
[23-Apr-2026 04:41:15 UTC] ────────────────────────────────────────────────────────
[23-Apr-2026 04:41:15 UTC] 📦 SHIPMENT #6603
[23-Apr-2026 04:41:15 UTC]    Costo Envío: S/. 12.00
[23-Apr-2026 04:41:15 UTC]    Costo Producto: S/. 0.00
[23-Apr-2026 04:41:15 UTC]    Estado Motorizado: pendiente
[23-Apr-2026 04:41:15 UTC]    Estado Remitente (liquidado): VACÍO
[23-Apr-2026 04:41:15 UTC]    Quién Paga: cliente_final
[23-Apr-2026 04:41:15 UTC]    Estado Entrega: EN BASE MERCOURIER
[23-Apr-2026 04:41:15 UTC]    ❌ NO ENTREGADO aún (estado: EN BASE MERCOURIER)
[23-Apr-2026 04:41:15 UTC]    ¿Liquidado? NO
[23-Apr-2026 04:41:15 UTC]    ❌ NO SUMADO a ingresos envíos (aún no liquidado)
[23-Apr-2026 04:41:15 UTC]    Cliente 36 - ¿Liquidación verificada? NO
[23-Apr-2026 04:41:15 UTC]    TOTALES ACUMULADOS: pago_merc=S/. 0.00, pos=S/. 0.00, pago_marca=S/. 0.00, servicio=S/. 30.00
[23-Apr-2026 04:41:15 UTC]    GET_PAYMENT_TOTALS: efectivo=S/. 0.00, pago_merc=S/. 0.00, pos=S/. 0.00, pago_marca=S/. 0.00, total=S/. 0.00
[23-Apr-2026 04:41:15 UTC]    Efectivo Total acumulado: S/. 0.00
[23-Apr-2026 04:41:15 UTC]    ✅ SUMADO A RECAUDADO_MERC: S/. 0.00 (Total: S/. 0.00)
[23-Apr-2026 04:41:15 UTC]    ✅ SUMADO A RECAUDADO_MARCA: S/. 0.00 (Total: S/. 0.00)
[23-Apr-2026 04:41:15 UTC]    ✅ SUMADO A POS_RECAUDADO: S/. 0.00 (Total: S/. 0.00)
[23-Apr-2026 04:41:15 UTC] 
[23-Apr-2026 04:41:15 UTC] ────────────────────────────────────────────────────────
[23-Apr-2026 04:41:15 UTC] 📦 SHIPMENT #6604
[23-Apr-2026 04:41:15 UTC]    Costo Envío: S/. 10.00
[23-Apr-2026 04:41:15 UTC]    Costo Producto: S/. 0.00
[23-Apr-2026 04:41:15 UTC]    Estado Motorizado: pendiente
[23-Apr-2026 04:41:15 UTC]    Estado Remitente (liquidado): VACÍO
[23-Apr-2026 04:41:15 UTC]    Quién Paga: cliente_final
[23-Apr-2026 04:41:15 UTC]    Estado Entrega: ENTREGADO
[23-Apr-2026 04:41:15 UTC]    ✅ SUMADO A TOTAL ENTREGADOS: S/. 0.00 (producto=0.00, Total: S/. 0.00)
[23-Apr-2026 04:41:15 UTC]    ¿Liquidado? NO
[23-Apr-2026 04:41:15 UTC]    ❌ NO SUMADO a ingresos envíos (aún no liquidado)
[23-Apr-2026 04:41:15 UTC]    Cliente 36 - ¿Liquidación verificada? NO
[23-Apr-2026 04:41:15 UTC]    TOTALES ACUMULADOS: pago_merc=S/. 0.00, pos=S/. 0.00, pago_marca=S/. 120.00, servicio=S/. 40.00
[23-Apr-2026 04:41:15 UTC]    GET_PAYMENT_TOTALS: efectivo=S/. 0.00, pago_merc=S/. 0.00, pos=S/. 0.00, pago_marca=S/. 120.00, total=S/. 120.00
[23-Apr-2026 04:41:15 UTC]    Efectivo Total acumulado: S/. 0.00
[23-Apr-2026 04:41:15 UTC]    ✅ SUMADO A RECAUDADO_MERC: S/. 0.00 (Total: S/. 0.00)
[23-Apr-2026 04:41:15 UTC]    ✅ SUMADO A RECAUDADO_MARCA: S/. 120.00 (Total: S/. 120.00)
[23-Apr-2026 04:41:15 UTC]    ✅ SUMADO A POS_RECAUDADO: S/. 0.00 (Total: S/. 0.00)
[23-Apr-2026 04:41:15 UTC] 
[23-Apr-2026 04:41:15 UTC] ────────────────────────────────────────────────────────
[23-Apr-2026 04:41:15 UTC] 📦 SHIPMENT #6641
[23-Apr-2026 04:41:15 UTC]    Costo Envío: S/. 10.00
[23-Apr-2026 04:41:15 UTC]    Costo Producto: S/. 0.00
[23-Apr-2026 04:41:15 UTC]    Estado Motorizado: pendiente
[23-Apr-2026 04:41:15 UTC]    Estado Remitente (liquidado): liq_cli_699bc82134a40
[23-Apr-2026 04:41:15 UTC]    Quién Paga: remitente
[23-Apr-2026 04:41:15 UTC]    Estado Entrega: ENTREGADO
[23-Apr-2026 04:41:15 UTC]    ✅ SUMADO A TOTAL ENTREGADOS: S/. 0.00 (producto=0.00, Total: S/. 0.00)
[23-Apr-2026 04:41:15 UTC]    ¿Liquidado? SÍ
[23-Apr-2026 04:41:15 UTC]    ❌ NO SUMADO a ingresos envíos (liquidado: 2026-02-22, no hoy)
[23-Apr-2026 04:41:15 UTC]    Cliente 3 - ¿Liquidación verificada? SÍ
[23-Apr-2026 04:41:15 UTC]    GET_PAYMENT_TOTALS: efectivo=S/. 0.00, pago_merc=S/. 0.00, pos=S/. 0.00, pago_marca=S/. 50.00, total=S/. 50.00
[23-Apr-2026 04:41:15 UTC]    Efectivo Total acumulado: S/. 0.00
[23-Apr-2026 04:41:15 UTC]    ❌ NO SUMADO a recaudados (estado_remitente no vacío: liq_cli_699bc82134a40)
[23-Apr-2026 04:41:15 UTC]    ❌ POS NO SUMADO (estado_remitente no vacío)
[23-Apr-2026 04:41:15 UTC] 
[23-Apr-2026 04:41:15 UTC] ────────────────────────────────────────────────────────
[23-Apr-2026 04:41:15 UTC] 📦 SHIPMENT #6642
[23-Apr-2026 04:41:15 UTC]    Costo Envío: S/. 8.00
[23-Apr-2026 04:41:15 UTC]    Costo Producto: S/. 0.00
[23-Apr-2026 04:41:15 UTC]    Estado Motorizado: pendiente
[23-Apr-2026 04:41:15 UTC]    Estado Remitente (liquidado): liq_cli_699bc82134a40
[23-Apr-2026 04:41:15 UTC]    Quién Paga: remitente
[23-Apr-2026 04:41:15 UTC]    Estado Entrega: ENTREGADO
[23-Apr-2026 04:41:15 UTC]    ✅ SUMADO A TOTAL ENTREGADOS: S/. 0.00 (producto=0.00, Total: S/. 0.00)
[23-Apr-2026 04:41:15 UTC]    ¿Liquidado? SÍ
[23-Apr-2026 04:41:15 UTC]    ❌ NO SUMADO a ingresos envíos (liquidado: 2026-02-22, no hoy)
[23-Apr-2026 04:41:15 UTC]    Cliente 3 - ¿Liquidación verificada? SÍ
[23-Apr-2026 04:41:15 UTC]    GET_PAYMENT_TOTALS: efectivo=S/. 0.00, pago_merc=S/. 0.00, pos=S/. 0.00, pago_marca=S/. 8.00, total=S/. 8.00
[23-Apr-2026 04:41:15 UTC]    Efectivo Total acumulado: S/. 0.00
[23-Apr-2026 04:41:15 UTC]    ❌ NO SUMADO a recaudados (estado_remitente no vacío: liq_cli_699bc82134a40)
[23-Apr-2026 04:41:15 UTC]    ❌ POS NO SUMADO (estado_remitente no vacío)
[23-Apr-2026 04:41:15 UTC] 
[23-Apr-2026 04:41:15 UTC] ────────────────────────────────────────────────────────
[23-Apr-2026 04:41:15 UTC] 📦 SHIPMENT #6643
[23-Apr-2026 04:41:15 UTC]    Costo Envío: S/. 12.00
[23-Apr-2026 04:41:15 UTC]    Costo Producto: S/. 0.00
[23-Apr-2026 04:41:15 UTC]    Estado Motorizado: pendiente
[23-Apr-2026 04:41:15 UTC]    Estado Remitente (liquidado): liq_cli_699bc82134a40
[23-Apr-2026 04:41:15 UTC]    Quién Paga: remitente
[23-Apr-2026 04:41:15 UTC]    Estado Entrega: ENTREGADO
[23-Apr-2026 04:41:15 UTC]    ✅ SUMADO A TOTAL ENTREGADOS: S/. 0.00 (producto=0.00, Total: S/. 0.00)
[23-Apr-2026 04:41:15 UTC]    ¿Liquidado? SÍ
[23-Apr-2026 04:41:15 UTC]    ❌ NO SUMADO a ingresos envíos (liquidado: 2026-02-22, no hoy)
[23-Apr-2026 04:41:15 UTC]    Cliente 3 - ¿Liquidación verificada? SÍ
[23-Apr-2026 04:41:15 UTC]    GET_PAYMENT_TOTALS: efectivo=S/. 0.00, pago_merc=S/. 0.00, pos=S/. 0.00, pago_marca=S/. 100.00, total=S/. 100.00
[23-Apr-2026 04:41:15 UTC]    Efectivo Total acumulado: S/. 0.00
[23-Apr-2026 04:41:15 UTC]    ❌ NO SUMADO a recaudados (estado_remitente no vacío: liq_cli_699bc82134a40)
[23-Apr-2026 04:41:15 UTC]    ❌ POS NO SUMADO (estado_remitente no vacío)
[23-Apr-2026 04:41:15 UTC] 
[23-Apr-2026 04:41:15 UTC] ────────────────────────────────────────────────────────
[23-Apr-2026 04:41:15 UTC] 📦 SHIPMENT #6644
[23-Apr-2026 04:41:15 UTC]    Costo Envío: S/. 10.00
[23-Apr-2026 04:41:15 UTC]    Costo Producto: S/. 0.00
[23-Apr-2026 04:41:15 UTC]    Estado Motorizado: pendiente
[23-Apr-2026 04:41:15 UTC]    Estado Remitente (liquidado): liq_cli_699bc82134a40
[23-Apr-2026 04:41:15 UTC]    Quién Paga: remitente
[23-Apr-2026 04:41:15 UTC]    Estado Entrega: ENTREGADO
[23-Apr-2026 04:41:15 UTC]    ✅ SUMADO A TOTAL ENTREGADOS: S/. 0.00 (producto=0.00, Total: S/. 0.00)
[23-Apr-2026 04:41:15 UTC]    ¿Liquidado? SÍ
[23-Apr-2026 04:41:15 UTC]    ❌ NO SUMADO a ingresos envíos (liquidado: 2026-02-22, no hoy)
[23-Apr-2026 04:41:15 UTC]    Cliente 3 - ¿Liquidación verificada? SÍ
[23-Apr-2026 04:41:15 UTC]    GET_PAYMENT_TOTALS: efectivo=S/. 0.00, pago_merc=S/. 0.00, pos=S/. 0.00, pago_marca=S/. 120.00, total=S/. 120.00
[23-Apr-2026 04:41:15 UTC]    Efectivo Total acumulado: S/. 0.00
[23-Apr-2026 04:41:15 UTC]    ❌ NO SUMADO a recaudados (estado_remitente no vacío: liq_cli_699bc82134a40)
[23-Apr-2026 04:41:15 UTC]    ❌ POS NO SUMADO (estado_remitente no vacío)
[23-Apr-2026 04:41:15 UTC] 
[23-Apr-2026 04:41:15 UTC] ═══════════════════════════════════════════════════════════
[23-Apr-2026 04:41:15 UTC] 🔍 CÁLCULO DE SALDOS POR CLIENTE
[23-Apr-2026 04:41:15 UTC] ═══════════════════════════════════════════════════════════
[23-Apr-2026 04:41:15 UTC] 👤 Cliente 3
[23-Apr-2026 04:41:15 UTC]    pago_merc: S/. 0.00
[23-Apr-2026 04:41:15 UTC]    pos: S/. 0.00
[23-Apr-2026 04:41:15 UTC]    pago_marca: S/. 0.00
[23-Apr-2026 04:41:15 UTC]    servicio: S/. 0.00
[23-Apr-2026 04:41:15 UTC]    balance = (pago_merc + pos) - servicio = (0.00 + 0.00) - 0.00 = S/. 0.00
[23-Apr-2026 04:41:15 UTC]    ❌ NO SUMADO (balance ≤ 0)
[23-Apr-2026 04:41:15 UTC] 👤 Cliente 16
[23-Apr-2026 04:41:15 UTC]    pago_merc: S/. 0.00
[23-Apr-2026 04:41:15 UTC]    pos: S/. 0.00
[23-Apr-2026 04:41:15 UTC]    pago_marca: S/. 0.00
[23-Apr-2026 04:41:15 UTC]    servicio: S/. 40.00
[23-Apr-2026 04:41:15 UTC]    balance = (pago_merc + pos) - servicio = (0.00 + 0.00) - 40.00 = S/. -40.00
[23-Apr-2026 04:41:15 UTC]    ❌ NO SUMADO (balance ≤ 0)
[23-Apr-2026 04:41:15 UTC] 👤 Cliente 36
[23-Apr-2026 04:41:15 UTC]    pago_merc: S/. 0.00
[23-Apr-2026 04:41:15 UTC]    pos: S/. 0.00
[23-Apr-2026 04:41:15 UTC]    pago_marca: S/. 120.00
[23-Apr-2026 04:41:15 UTC]    servicio: S/. 40.00
[23-Apr-2026 04:41:15 UTC]    balance = (pago_merc + pos) - servicio = (0.00 + 0.00) - 40.00 = S/. -40.00
[23-Apr-2026 04:41:15 UTC]    ❌ NO SUMADO (balance ≤ 0)
[23-Apr-2026 04:41:15 UTC] MERC_DEBUG_CLIENT_BALANCE_SUM - por_pagar_rem=0.00
[23-Apr-2026 04:41:15 UTC] 
[23-Apr-2026 04:41:15 UTC] ═══════════════════════════════════════════════════════════
[23-Apr-2026 04:41:15 UTC] 📊 RESUMEN FINAL DE CÁLCULOS DEL PANEL ADMIN
[23-Apr-2026 04:41:15 UTC] ═══════════════════════════════════════════════════════════
[23-Apr-2026 04:41:15 UTC] Total Entregados: S/. 0.00 (TODOS los envíos entregados)
[23-Apr-2026 04:41:15 UTC] Ingresos por Envíos: S/. 0.00 (solo liquidados)
[23-Apr-2026 04:41:15 UTC] Efectivo Total: S/. 0.00
[23-Apr-2026 04:41:15 UTC] Recaudado por MERC: S/. 0.00
[23-Apr-2026 04:41:15 UTC] Recaudado por MARCA: S/. 120.00
[23-Apr-2026 04:41:15 UTC] Recaudado por POS: S/. 0.00
[23-Apr-2026 04:41:15 UTC] Por Pagar Remitentes: S/. 0.00
[23-Apr-2026 04:41:15 UTC] Penalidades del día: S/. 0.00
[23-Apr-2026 04:41:15 UTC] TOTAL GENERAL (Balance Neto): S/. 0.00
[23-Apr-2026 04:41:15 UTC] ═══════════════════════════════════════════════════════════
[23-Apr-2026 04:41:15 UTC] 
[23-Apr-2026 04:41:15 UTC] 🔍 [MERC_ADMIN_CARDS] drivers_sql: SELECT COALESCE(pm_driver.meta_value, pm_driver_alt.meta_value) AS driver_id, COUNT(DISTINCT p.ID) AS total_entregas FROM wp_posts p LEFT JOIN wp_postmeta pm_driver ON p.ID = pm_driver.post_id AND pm_driver.meta_key = 'wpcargo_driver' LEFT JOIN wp_postmeta pm_driver_alt ON p.ID = pm_driver_alt.post_id AND pm_driver_alt.meta_key = 'wpcargo_motorizo_recojo' WHERE p.post_type = 'wpcargo_shipment' AND p.post_status = 'publish' AND (pm_driver.meta_value IS NOT NULL OR pm_driver_alt.meta_value IS NOT NULL) AND ( EXISTS( SELECT 1 FROM wp_postmeta pm_pickup WHERE pm_pickup.post_id = p.ID AND pm_pickup.meta_key IN ('wpcargo_pickup_date_picker','wpcargo_pickup_date','calendarenvio','wpcargo_fecha_envio') AND ( (STR_TO_DATE(pm_pickup.meta_value, '%%d/%%m/%%Y') >= STR_TO_DATE('2026-02-01', '%%Y-%%m-%%d') AND STR_TO_DATE(pm_pickup.meta_value, '%%d/%%m/%%Y') <= STR_TO_DATE('2026-04-22', '%%Y-%%m-%%d')) OR (STR_TO_DATE(pm_pickup.meta_value, '%%Y-%%m-%%d') >= STR_TO_DATE('2026-02-01', '%%Y-%%m-%%d') AND STR_TO_DATE(pm_pickup.meta_value, '%%Y-%%m-%%d') <= STR_TO_DATE('2026-04-22', '%%Y-%%m-%%d')) OR (pm_pickup.meta_value BETWEEN '2026-02-01' AND '2026-04-22') OR (pm_pickup.meta_value LIKE '2026-02-01%') ) ) OR (p.post_date BETWEEN '2026-02-01 00:00:00' AND '2026-04-22 23:59:59') ) GROUP BY COALESCE(pm_driver.meta_value, pm_driver_alt.meta_value) ORDER BY total_entregas DESC
[23-Apr-2026 04:41:15 UTC] 🔍 [MERC_ADMIN_CARDS] sample_ids_count: 10
[23-Apr-2026 04:41:15 UTC] 🔍 [MERC_ADMIN_CARDS] sample shipment_id=6584 wpcargo_driver='2' wpcargo_motorizo_recojo=''
[23-Apr-2026 04:41:15 UTC] 🔍 [MERC_ADMIN_CARDS] sample shipment_id=6592 wpcargo_driver='2' wpcargo_motorizo_recojo=''
[23-Apr-2026 04:41:15 UTC] 🔍 [MERC_ADMIN_CARDS] sample shipment_id=6593 wpcargo_driver='2' wpcargo_motorizo_recojo=''
[23-Apr-2026 04:41:15 UTC] 🔍 [MERC_ADMIN_CARDS] sample shipment_id=6594 wpcargo_driver='5' wpcargo_motorizo_recojo=''
[23-Apr-2026 04:41:15 UTC] 🔍 [MERC_ADMIN_CARDS] sample shipment_id=6595 wpcargo_driver='2' wpcargo_motorizo_recojo=''
[23-Apr-2026 04:41:15 UTC] 🔍 [MERC_ADMIN_CARDS] sample shipment_id=6601 wpcargo_driver='2' wpcargo_motorizo_recojo='2'
[23-Apr-2026 04:41:15 UTC] 🔍 [MERC_ADMIN_CARDS] sample shipment_id=6602 wpcargo_driver='2' wpcargo_motorizo_recojo=''
[23-Apr-2026 04:41:15 UTC] 🔍 [MERC_ADMIN_CARDS] sample shipment_id=6603 wpcargo_driver='5' wpcargo_motorizo_recojo='2'
[23-Apr-2026 04:41:15 UTC] 🔍 [MERC_ADMIN_CARDS] sample shipment_id=6604 wpcargo_driver='5' wpcargo_motorizo_recojo=''
[23-Apr-2026 04:41:15 UTC] 🔍 [MERC_ADMIN_CARDS] sample shipment_id=6641 wpcargo_driver='5' wpcargo_motorizo_recojo='5'
[23-Apr-2026 04:41:15 UTC] 🔍 [MERC_ADMIN_CARDS] drivers_count: 2
[23-Apr-2026 04:41:15 UTC] 🔍 [MERC_ADMIN_CARDS] Motorizado ID: 5 | Envios encontrados: 7
[23-Apr-2026 04:41:15 UTC]    Shipment #6594 | pod_payment_methods(raw)=, wpcargo_total_cobrar='120', otros_meta={"monto":"120"}
[23-Apr-2026 04:41:15 UTC]    Shipment #6594 | Totales: efectivo=0, pago_merc=0, pago_marca=0, pos=0, total=0
[23-Apr-2026 04:41:15 UTC]    Shipment #6603 | pod_payment_methods(raw)=, wpcargo_total_cobrar='100', otros_meta={"monto":"100"}
[23-Apr-2026 04:41:15 UTC]    Shipment #6603 | Totales: efectivo=0, pago_merc=0, pago_marca=0, pos=0, total=0
[23-Apr-2026 04:41:15 UTC]    Shipment #6604 | pod_payment_methods(raw)=[{"metodo":"pago_marca","monto":120,"imagen_id":6616,"imagen_url":"https://mercourier.com/wp-content/uploads/2026/02/metodo-pago-6604-0-1771804076.jpeg"}], wpcargo_total_cobrar='120', otros_meta={"monto":"120"}
[23-Apr-2026 04:41:15 UTC]    Shipment #6604 | Totales: efectivo=0, pago_merc=0, pago_marca=120, pos=0, total=120
[23-Apr-2026 04:41:15 UTC]    Shipment #6641 | pod_payment_methods(raw)=[{"metodo":"pago_marca","monto":50,"imagen_id":6646,"imagen_url":"https://mercourier.com/wp-content/uploads/2026/02/metodo-pago-6641-0-1771815879.jpeg"}], wpcargo_total_cobrar='50', otros_meta={"monto":"50"}
[23-Apr-2026 04:41:15 UTC]    Shipment #6641 | Totales: efectivo=0, pago_merc=0, pago_marca=50, pos=0, total=50
[23-Apr-2026 04:41:15 UTC]    Shipment #6642 | pod_payment_methods(raw)=[{"metodo":"pago_marca","monto":8,"imagen_id":6654,"imagen_url":"https://mercourier.com/wp-content/uploads/2026/02/metodo-pago-6642-0-1771815926.jpeg"}], wpcargo_total_cobrar='', otros_meta={"wpcargo_monto":"0","monto":"0"}
[23-Apr-2026 04:41:15 UTC]    Shipment #6642 | Totales: efectivo=0, pago_merc=0, pago_marca=8, pos=0, total=8
[23-Apr-2026 04:41:15 UTC]    Shipment #6643 | pod_payment_methods(raw)=[{"metodo":"pago_marca","monto":100,"imagen_id":6650,"imagen_url":"https://mercourier.com/wp-content/uploads/2026/02/metodo-pago-6643-0-1771815911.jpeg"}], wpcargo_total_cobrar='100', otros_meta={"monto":"100"}
[23-Apr-2026 04:41:15 UTC]    Shipment #6643 | Totales: efectivo=0, pago_merc=0, pago_marca=100, pos=0, total=100
[23-Apr-2026 04:41:15 UTC]    Shipment #6644 | pod_payment_methods(raw)=[{"metodo":"pago_marca","monto":120,"imagen_id":6653,"imagen_url":"https://mercourier.com/wp-content/uploads/2026/02/metodo-pago-6644-0-1771815926.jpeg"}], wpcargo_total_cobrar='120', otros_meta={"monto":"120"}
[23-Apr-2026 04:41:15 UTC]    Shipment #6644 | Totales: efectivo=0, pago_merc=0, pago_marca=120, pos=0, total=120
[23-Apr-2026 04:41:15 UTC]    Totales del motorizado: Total=398, Efectivo=0, MERC=0, MARCA=398, POS=0
[23-Apr-2026 04:41:15 UTC] 🔍 [MERC_ADMIN_CARDS] Motorizado ID: 2 | Envios encontrados: 7
[23-Apr-2026 04:41:15 UTC]    Shipment #6584 | pod_payment_methods(raw)=, wpcargo_total_cobrar='8.00', otros_meta={"monto":"8.00"}
[23-Apr-2026 04:41:15 UTC]    Shipment #6584 | Totales: efectivo=0, pago_merc=0, pago_marca=0, pos=0, total=0
[23-Apr-2026 04:41:15 UTC]    Shipment #6592 | pod_payment_methods(raw)=, wpcargo_total_cobrar='100', otros_meta={"monto":"100"}
[23-Apr-2026 04:41:15 UTC]    Shipment #6592 | Totales: efectivo=0, pago_merc=0, pago_marca=0, pos=0, total=0
[23-Apr-2026 04:41:15 UTC]    Shipment #6593 | pod_payment_methods(raw)=, wpcargo_total_cobrar='', otros_meta={"wpcargo_monto":"0","monto":"0"}
[23-Apr-2026 04:41:15 UTC]    Shipment #6593 | Totales: efectivo=0, pago_merc=0, pago_marca=0, pos=0, total=0
[23-Apr-2026 04:41:15 UTC]    Shipment #6595 | pod_payment_methods(raw)=, wpcargo_total_cobrar='50', otros_meta={"monto":"50"}
[23-Apr-2026 04:41:15 UTC]    Shipment #6595 | Totales: efectivo=0, pago_merc=0, pago_marca=0, pos=0, total=0
[23-Apr-2026 04:41:15 UTC]    Shipment #6601 | pod_payment_methods(raw)=, wpcargo_total_cobrar='50', otros_meta={"monto":"50"}
[23-Apr-2026 04:41:15 UTC]    Shipment #6601 | Totales: efectivo=0, pago_merc=0, pago_marca=0, pos=0, total=0
[23-Apr-2026 04:41:15 UTC]    Shipment #6602 | pod_payment_methods(raw)=, wpcargo_total_cobrar='', otros_meta={"wpcargo_monto":"0","monto":"0"}
[23-Apr-2026 04:41:15 UTC]    Shipment #6602 | Totales: efectivo=0, pago_merc=0, pago_marca=0, pos=0, total=0
[23-Apr-2026 04:41:15 UTC]    Shipment #6603 | pod_payment_methods(raw)=, wpcargo_total_cobrar='100', otros_meta={"monto":"100"}
[23-Apr-2026 04:41:15 UTC]    Shipment #6603 | Totales: efectivo=0, pago_merc=0, pago_marca=0, pos=0, total=0
[23-Apr-2026 04:41:15 UTC]    Totales del motorizado: Total=0, Efectivo=0, MERC=0, MARCA=0, POS=0
[23-Apr-2026 04:41:15 UTC] 🔍 [MERC_ADMIN_CLIENTS] clients_sql: SELECT pm_sender.meta_value AS client_id, COUNT(DISTINCT p.ID) AS total_envios FROM wp_posts p LEFT JOIN wp_postmeta pm_sender ON p.ID = pm_sender.post_id AND pm_sender.meta_key = 'registered_shipper' WHERE p.post_type = 'wpcargo_shipment' AND p.post_status = 'publish' AND pm_sender.meta_value IS NOT NULL AND pm_sender.meta_value != '' AND ( EXISTS( SELECT 1 FROM wp_postmeta pm_pickup WHERE pm_pickup.post_id = p.ID AND pm_pickup.meta_key IN ('wpcargo_pickup_date_picker','wpcargo_pickup_date','calendarenvio','wpcargo_fecha_envio') AND ( (STR_TO_DATE(pm_pickup.meta_value, '%%d/%%m/%%Y') >= STR_TO_DATE('2026-02-01', '%%Y-%%m-%%d') AND STR_TO_DATE(pm_pickup.meta_value, '%%d/%%m/%%Y') <= STR_TO_DATE('2026-04-22', '%%Y-%%m-%%d')) OR (STR_TO_DATE(pm_pickup.meta_value, '%%Y-%%m-%%d') >= STR_TO_DATE('2026-02-01', '%%Y-%%m-%%d') AND STR_TO_DATE(pm_pickup.meta_value, '%%Y-%%m-%%d') <= STR_TO_DATE('2026-04-22', '%%Y-%%m-%%d')) OR (pm_pickup.meta_value BETWEEN '2026-02-01' AND '2026-04-22') OR (pm_pickup.meta_value LIKE '2026-02-01%') ) ) OR (p.post_date BETWEEN '2026-02-01 00:00:00' AND '2026-04-22 23:59:59') ) GROUP BY pm_sender.meta_value ORDER BY total_envios DESC
[23-Apr-2026 04:41:15 UTC] 🔍 [MERC_ADMIN_CLIENTS] clients_count: 3
[23-Apr-2026 04:41:15 UTC] 🔍 [MERC_ADMIN_CLIENTS] sample_ids_count: 10
[23-Apr-2026 04:41:15 UTC] 🔍 [MERC_ADMIN_CLIENTS] sample shipment_id=6584 registered_shipper='3'
[23-Apr-2026 04:41:15 UTC] 🔍 [MERC_ADMIN_CLIENTS] sample shipment_id=6592 registered_shipper='16'
[23-Apr-2026 04:41:15 UTC] 🔍 [MERC_ADMIN_CLIENTS] sample shipment_id=6593 registered_shipper='16'
[23-Apr-2026 04:41:15 UTC] 🔍 [MERC_ADMIN_CLIENTS] sample shipment_id=6594 registered_shipper='16'
[23-Apr-2026 04:41:15 UTC] 🔍 [MERC_ADMIN_CLIENTS] sample shipment_id=6595 registered_shipper='16'
[23-Apr-2026 04:41:15 UTC] 🔍 [MERC_ADMIN_CLIENTS] sample shipment_id=6601 registered_shipper='36'
[23-Apr-2026 04:41:15 UTC] 🔍 [MERC_ADMIN_CLIENTS] sample shipment_id=6602 registered_shipper='36'
[23-Apr-2026 04:41:15 UTC] 🔍 [MERC_ADMIN_CLIENTS] sample shipment_id=6603 registered_shipper='36'
[23-Apr-2026 04:41:15 UTC] 🔍 [MERC_ADMIN_CLIENTS] sample shipment_id=6604 registered_shipper='36'
[23-Apr-2026 04:41:15 UTC] 🔍 [MERC_ADMIN_CLIENTS] sample shipment_id=6641 registered_shipper='3'
[23-Apr-2026 04:41:27 UTC] 🔔 [MERC_LOG] Inicializado logger diario: /home/u727114368/domains/mercourier.com/public_html/wp-content/merc_logs/merc-debug-2026-04-23.log
[23-Apr-2026 04:41:27 UTC] PHP Warning:  Undefined variable $tipo_vista in /home/u727114368/domains/mercourier.com/public_html/wp-content/themes/blocksy-child/functions.php on line 8589
[23-Apr-2026 04:41:27 UTC] MERC_ADMIN_RESUMEN - date_query="AND ( 
        EXISTS( 
            SELECT 1 FROM wp_postmeta pm_pickup 
            WHERE pm_pickup.post_id = p.ID 
              AND pm_pickup.meta_key IN ('wpcargo_pickup_date_picker','wpcargo_pickup_date','calendarenvio','wpcargo_fecha_envio')
              AND (
                    (STR_TO_DATE(pm_pickup.meta_value, '%%d/%%m/%%Y') >= STR_TO_DATE('2026-01-01', '%%Y-%%m-%%d') AND STR_TO_DATE(pm_pickup.meta_value, '%%d/%%m/%%Y') <= STR_TO_DATE('2026-04-22', '%%Y-%%m-%%d'))
                 OR (STR_TO_DATE(pm_pickup.meta_value, '%%Y-%%m-%%d') >= STR_TO_DATE('2026-01-01', '%%Y-%%m-%%d') AND STR_TO_DATE(pm_pickup.meta_value, '%%Y-%%m-%%d') <= STR_TO_DATE('2026-04-22', '%%Y-%%m-%%d'))
                 OR (pm_pickup.meta_value BETWEEN '2026-01-01' AND '2026-04-22')
                 OR (pm_pickup.meta_value LIKE '2026-01-01%')
              )
        )
        OR (p.post_date BETWEEN '2026-01-01 00:00:00' AND '2026-04-22 23:59:59')
    )"
[23-Apr-2026 04:41:27 UTC] MERC_ADMIN_RESUMEN - shipments_count=13
[23-Apr-2026 04:41:27 UTC] ═══════════════════════════════════════════════════════════
[23-Apr-2026 04:41:27 UTC] 🔍 MERC_ADMIN_DEBUG - INICIANDO CÁLCULOS DEL PANEL
[23-Apr-2026 04:41:27 UTC] ═══════════════════════════════════════════════════════════
[23-Apr-2026 04:41:27 UTC] 
[23-Apr-2026 04:41:27 UTC] ────────────────────────────────────────────────────────
[23-Apr-2026 04:41:27 UTC] 📦 SHIPMENT #6584
[23-Apr-2026 04:41:27 UTC]    Costo Envío: S/. 8.00
[23-Apr-2026 04:41:27 UTC]    Costo Producto: S/. 0.00
[23-Apr-2026 04:41:27 UTC]    Estado Motorizado: pendiente
[23-Apr-2026 04:41:27 UTC]    Estado Remitente (liquidado): liq_cli_699b96621b47e
[23-Apr-2026 04:41:27 UTC]    Quién Paga: remitente
[23-Apr-2026 04:41:27 UTC]    Estado Entrega: ENTREGADO
[23-Apr-2026 04:41:27 UTC]    ✅ SUMADO A TOTAL ENTREGADOS: S/. 0.00 (producto=0.00, Total: S/. 0.00)
[23-Apr-2026 04:41:27 UTC]    ¿Liquidado? SÍ
[23-Apr-2026 04:41:27 UTC]    ❌ NO SUMADO a ingresos envíos (liquidado: 2026-02-21, no hoy)
[23-Apr-2026 04:41:27 UTC]    Cliente 3 - ¿Liquidación verificada? SÍ
[23-Apr-2026 04:41:27 UTC]    GET_PAYMENT_TOTALS: efectivo=S/. 0.00, pago_merc=S/. 0.00, pos=S/. 0.00, pago_marca=S/. 0.00, total=S/. 0.00
[23-Apr-2026 04:41:27 UTC]    Efectivo Total acumulado: S/. 0.00
[23-Apr-2026 04:41:27 UTC]    ❌ NO SUMADO a recaudados (estado_remitente no vacío: liq_cli_699b96621b47e)
[23-Apr-2026 04:41:27 UTC]    ❌ POS NO SUMADO (estado_remitente no vacío)
[23-Apr-2026 04:41:27 UTC] 
[23-Apr-2026 04:41:27 UTC] ────────────────────────────────────────────────────────
[23-Apr-2026 04:41:27 UTC] 📦 SHIPMENT #6592
[23-Apr-2026 04:41:27 UTC]    Costo Envío: S/. 12.00
[23-Apr-2026 04:41:27 UTC]    Costo Producto: S/. 0.00
[23-Apr-2026 04:41:27 UTC]    Estado Motorizado: pendiente
[23-Apr-2026 04:41:27 UTC]    Estado Remitente (liquidado): VACÍO
[23-Apr-2026 04:41:27 UTC]    Quién Paga: cliente_final
[23-Apr-2026 04:41:27 UTC]    Estado Entrega: PENDIENTE
[23-Apr-2026 04:41:27 UTC]    ❌ NO ENTREGADO aún (estado: PENDIENTE)
[23-Apr-2026 04:41:27 UTC]    ¿Liquidado? NO
[23-Apr-2026 04:41:27 UTC]    ❌ NO SUMADO a ingresos envíos (aún no liquidado)
[23-Apr-2026 04:41:27 UTC]    Cliente 16 - ¿Liquidación verificada? NO
[23-Apr-2026 04:41:27 UTC]    TOTALES ACUMULADOS: pago_merc=S/. 0.00, pos=S/. 0.00, pago_marca=S/. 0.00, servicio=S/. 12.00
[23-Apr-2026 04:41:27 UTC]    GET_PAYMENT_TOTALS: efectivo=S/. 0.00, pago_merc=S/. 0.00, pos=S/. 0.00, pago_marca=S/. 0.00, total=S/. 0.00
[23-Apr-2026 04:41:27 UTC]    Efectivo Total acumulado: S/. 0.00
[23-Apr-2026 04:41:27 UTC]    ✅ SUMADO A RECAUDADO_MERC: S/. 0.00 (Total: S/. 0.00)
[23-Apr-2026 04:41:27 UTC]    ✅ SUMADO A RECAUDADO_MARCA: S/. 0.00 (Total: S/. 0.00)
[23-Apr-2026 04:41:27 UTC]    ✅ SUMADO A POS_RECAUDADO: S/. 0.00 (Total: S/. 0.00)
[23-Apr-2026 04:41:27 UTC] 
[23-Apr-2026 04:41:27 UTC] ────────────────────────────────────────────────────────
[23-Apr-2026 04:41:27 UTC] 📦 SHIPMENT #6593
[23-Apr-2026 04:41:27 UTC]    Costo Envío: S/. 8.00
[23-Apr-2026 04:41:27 UTC]    Costo Producto: S/. 0.00
[23-Apr-2026 04:41:27 UTC]    Estado Motorizado: pendiente
[23-Apr-2026 04:41:27 UTC]    Estado Remitente (liquidado): VACÍO
[23-Apr-2026 04:41:27 UTC]    Quién Paga: remitente
[23-Apr-2026 04:41:27 UTC]    Estado Entrega: RECEPCIONADO
[23-Apr-2026 04:41:27 UTC]    ❌ NO ENTREGADO aún (estado: RECEPCIONADO)
[23-Apr-2026 04:41:27 UTC]    ¿Liquidado? NO
[23-Apr-2026 04:41:27 UTC]    ❌ NO SUMADO a ingresos envíos (aún no liquidado)
[23-Apr-2026 04:41:27 UTC]    Cliente 16 - ¿Liquidación verificada? NO
[23-Apr-2026 04:41:27 UTC]    TOTALES ACUMULADOS: pago_merc=S/. 0.00, pos=S/. 0.00, pago_marca=S/. 0.00, servicio=S/. 20.00
[23-Apr-2026 04:41:27 UTC]    GET_PAYMENT_TOTALS: efectivo=S/. 0.00, pago_merc=S/. 0.00, pos=S/. 0.00, pago_marca=S/. 0.00, total=S/. 0.00
[23-Apr-2026 04:41:27 UTC]    Efectivo Total acumulado: S/. 0.00
[23-Apr-2026 04:41:27 UTC]    ✅ SUMADO A RECAUDADO_MERC: S/. 0.00 (Total: S/. 0.00)
[23-Apr-2026 04:41:27 UTC]    ✅ SUMADO A RECAUDADO_MARCA: S/. 0.00 (Total: S/. 0.00)
[23-Apr-2026 04:41:27 UTC]    ✅ SUMADO A POS_RECAUDADO: S/. 0.00 (Total: S/. 0.00)
[23-Apr-2026 04:41:27 UTC] 
[23-Apr-2026 04:41:27 UTC] ────────────────────────────────────────────────────────
[23-Apr-2026 04:41:27 UTC] 📦 SHIPMENT #6594
[23-Apr-2026 04:41:27 UTC]    Costo Envío: S/. 10.00
[23-Apr-2026 04:41:27 UTC]    Costo Producto: S/. 0.00
[23-Apr-2026 04:41:27 UTC]    Estado Motorizado: pendiente
[23-Apr-2026 04:41:27 UTC]    Estado Remitente (liquidado): VACÍO
[23-Apr-2026 04:41:27 UTC]    Quién Paga: cliente_final
[23-Apr-2026 04:41:27 UTC]    Estado Entrega: RECEPCIONADO
[23-Apr-2026 04:41:27 UTC]    ❌ NO ENTREGADO aún (estado: RECEPCIONADO)
[23-Apr-2026 04:41:27 UTC]    ¿Liquidado? NO
[23-Apr-2026 04:41:27 UTC]    ❌ NO SUMADO a ingresos envíos (aún no liquidado)
[23-Apr-2026 04:41:27 UTC]    Cliente 16 - ¿Liquidación verificada? NO
[23-Apr-2026 04:41:27 UTC]    TOTALES ACUMULADOS: pago_merc=S/. 0.00, pos=S/. 0.00, pago_marca=S/. 0.00, servicio=S/. 30.00
[23-Apr-2026 04:41:27 UTC]    GET_PAYMENT_TOTALS: efectivo=S/. 0.00, pago_merc=S/. 0.00, pos=S/. 0.00, pago_marca=S/. 0.00, total=S/. 0.00
[23-Apr-2026 04:41:27 UTC]    Efectivo Total acumulado: S/. 0.00
[23-Apr-2026 04:41:27 UTC]    ✅ SUMADO A RECAUDADO_MERC: S/. 0.00 (Total: S/. 0.00)
[23-Apr-2026 04:41:27 UTC]    ✅ SUMADO A RECAUDADO_MARCA: S/. 0.00 (Total: S/. 0.00)
[23-Apr-2026 04:41:27 UTC]    ✅ SUMADO A POS_RECAUDADO: S/. 0.00 (Total: S/. 0.00)
[23-Apr-2026 04:41:27 UTC] 
[23-Apr-2026 04:41:27 UTC] ────────────────────────────────────────────────────────
[23-Apr-2026 04:41:27 UTC] 📦 SHIPMENT #6595
[23-Apr-2026 04:41:27 UTC]    Costo Envío: S/. 10.00
[23-Apr-2026 04:41:27 UTC]    Costo Producto: S/. 0.00
[23-Apr-2026 04:41:27 UTC]    Estado Motorizado: pendiente
[23-Apr-2026 04:41:27 UTC]    Estado Remitente (liquidado): VACÍO
[23-Apr-2026 04:41:27 UTC]    Quién Paga: cliente_final
[23-Apr-2026 04:41:27 UTC]    Estado Entrega: PENDIENTE
[23-Apr-2026 04:41:27 UTC]    ❌ NO ENTREGADO aún (estado: PENDIENTE)
[23-Apr-2026 04:41:27 UTC]    ¿Liquidado? NO
[23-Apr-2026 04:41:27 UTC]    ❌ NO SUMADO a ingresos envíos (aún no liquidado)
[23-Apr-2026 04:41:27 UTC]    Cliente 16 - ¿Liquidación verificada? NO
[23-Apr-2026 04:41:27 UTC]    TOTALES ACUMULADOS: pago_merc=S/. 0.00, pos=S/. 0.00, pago_marca=S/. 0.00, servicio=S/. 40.00
[23-Apr-2026 04:41:27 UTC]    GET_PAYMENT_TOTALS: efectivo=S/. 0.00, pago_merc=S/. 0.00, pos=S/. 0.00, pago_marca=S/. 0.00, total=S/. 0.00
[23-Apr-2026 04:41:27 UTC]    Efectivo Total acumulado: S/. 0.00
[23-Apr-2026 04:41:27 UTC]    ✅ SUMADO A RECAUDADO_MERC: S/. 0.00 (Total: S/. 0.00)
[23-Apr-2026 04:41:27 UTC]    ✅ SUMADO A RECAUDADO_MARCA: S/. 0.00 (Total: S/. 0.00)
[23-Apr-2026 04:41:27 UTC]    ✅ SUMADO A POS_RECAUDADO: S/. 0.00 (Total: S/. 0.00)
[23-Apr-2026 04:41:27 UTC] 
[23-Apr-2026 04:41:27 UTC] ────────────────────────────────────────────────────────
[23-Apr-2026 04:41:27 UTC] 📦 SHIPMENT #6601
[23-Apr-2026 04:41:27 UTC]    Costo Envío: S/. 10.00
[23-Apr-2026 04:41:27 UTC]    Costo Producto: S/. 0.00
[23-Apr-2026 04:41:27 UTC]    Estado Motorizado: pendiente
[23-Apr-2026 04:41:27 UTC]    Estado Remitente (liquidado): VACÍO
[23-Apr-2026 04:41:27 UTC]    Quién Paga: cliente_final
[23-Apr-2026 04:41:27 UTC]    Estado Entrega: EN RUTA
[23-Apr-2026 04:41:27 UTC]    ❌ NO ENTREGADO aún (estado: EN RUTA)
[23-Apr-2026 04:41:27 UTC]    ¿Liquidado? NO
[23-Apr-2026 04:41:27 UTC]    ❌ NO SUMADO a ingresos envíos (aún no liquidado)
[23-Apr-2026 04:41:27 UTC]    Cliente 36 - ¿Liquidación verificada? NO
[23-Apr-2026 04:41:27 UTC]    TOTALES ACUMULADOS: pago_merc=S/. 0.00, pos=S/. 0.00, pago_marca=S/. 0.00, servicio=S/. 10.00
[23-Apr-2026 04:41:27 UTC]    GET_PAYMENT_TOTALS: efectivo=S/. 0.00, pago_merc=S/. 0.00, pos=S/. 0.00, pago_marca=S/. 0.00, total=S/. 0.00
[23-Apr-2026 04:41:27 UTC]    Efectivo Total acumulado: S/. 0.00
[23-Apr-2026 04:41:27 UTC]    ✅ SUMADO A RECAUDADO_MERC: S/. 0.00 (Total: S/. 0.00)
[23-Apr-2026 04:41:27 UTC]    ✅ SUMADO A RECAUDADO_MARCA: S/. 0.00 (Total: S/. 0.00)
[23-Apr-2026 04:41:27 UTC]    ✅ SUMADO A POS_RECAUDADO: S/. 0.00 (Total: S/. 0.00)
[23-Apr-2026 04:41:27 UTC] 
[23-Apr-2026 04:41:27 UTC] ────────────────────────────────────────────────────────
[23-Apr-2026 04:41:27 UTC] 📦 SHIPMENT #6602
[23-Apr-2026 04:41:27 UTC]    Costo Envío: S/. 8.00
[23-Apr-2026 04:41:27 UTC]    Costo Producto: S/. 0.00
[23-Apr-2026 04:41:27 UTC]    Estado Motorizado: pendiente
[23-Apr-2026 04:41:27 UTC]    Estado Remitente (liquidado): VACÍO
[23-Apr-2026 04:41:27 UTC]    Quién Paga: remitente
[23-Apr-2026 04:41:27 UTC]    Estado Entrega: EN RUTA
[23-Apr-2026 04:41:27 UTC]    ❌ NO ENTREGADO aún (estado: EN RUTA)
[23-Apr-2026 04:41:27 UTC]    ¿Liquidado? NO
[23-Apr-2026 04:41:27 UTC]    ❌ NO SUMADO a ingresos envíos (aún no liquidado)
[23-Apr-2026 04:41:27 UTC]    Cliente 36 - ¿Liquidación verificada? NO
[23-Apr-2026 04:41:27 UTC]    TOTALES ACUMULADOS: pago_merc=S/. 0.00, pos=S/. 0.00, pago_marca=S/. 0.00, servicio=S/. 18.00
[23-Apr-2026 04:41:27 UTC]    GET_PAYMENT_TOTALS: efectivo=S/. 0.00, pago_merc=S/. 0.00, pos=S/. 0.00, pago_marca=S/. 0.00, total=S/. 0.00
[23-Apr-2026 04:41:27 UTC]    Efectivo Total acumulado: S/. 0.00
[23-Apr-2026 04:41:27 UTC]    ✅ SUMADO A RECAUDADO_MERC: S/. 0.00 (Total: S/. 0.00)
[23-Apr-2026 04:41:27 UTC]    ✅ SUMADO A RECAUDADO_MARCA: S/. 0.00 (Total: S/. 0.00)
[23-Apr-2026 04:41:27 UTC]    ✅ SUMADO A POS_RECAUDADO: S/. 0.00 (Total: S/. 0.00)
[23-Apr-2026 04:41:27 UTC] 
[23-Apr-2026 04:41:27 UTC] ────────────────────────────────────────────────────────
[23-Apr-2026 04:41:27 UTC] 📦 SHIPMENT #6603
[23-Apr-2026 04:41:27 UTC]    Costo Envío: S/. 12.00
[23-Apr-2026 04:41:27 UTC]    Costo Producto: S/. 0.00
[23-Apr-2026 04:41:27 UTC]    Estado Motorizado: pendiente
[23-Apr-2026 04:41:27 UTC]    Estado Remitente (liquidado): VACÍO
[23-Apr-2026 04:41:27 UTC]    Quién Paga: cliente_final
[23-Apr-2026 04:41:27 UTC]    Estado Entrega: EN BASE MERCOURIER
[23-Apr-2026 04:41:27 UTC]    ❌ NO ENTREGADO aún (estado: EN BASE MERCOURIER)
[23-Apr-2026 04:41:27 UTC]    ¿Liquidado? NO
[23-Apr-2026 04:41:27 UTC]    ❌ NO SUMADO a ingresos envíos (aún no liquidado)
[23-Apr-2026 04:41:27 UTC]    Cliente 36 - ¿Liquidación verificada? NO
[23-Apr-2026 04:41:27 UTC]    TOTALES ACUMULADOS: pago_merc=S/. 0.00, pos=S/. 0.00, pago_marca=S/. 0.00, servicio=S/. 30.00
[23-Apr-2026 04:41:27 UTC]    GET_PAYMENT_TOTALS: efectivo=S/. 0.00, pago_merc=S/. 0.00, pos=S/. 0.00, pago_marca=S/. 0.00, total=S/. 0.00
[23-Apr-2026 04:41:27 UTC]    Efectivo Total acumulado: S/. 0.00
[23-Apr-2026 04:41:27 UTC]    ✅ SUMADO A RECAUDADO_MERC: S/. 0.00 (Total: S/. 0.00)
[23-Apr-2026 04:41:27 UTC]    ✅ SUMADO A RECAUDADO_MARCA: S/. 0.00 (Total: S/. 0.00)
[23-Apr-2026 04:41:27 UTC]    ✅ SUMADO A POS_RECAUDADO: S/. 0.00 (Total: S/. 0.00)
[23-Apr-2026 04:41:27 UTC] 
[23-Apr-2026 04:41:27 UTC] ────────────────────────────────────────────────────────
[23-Apr-2026 04:41:27 UTC] 📦 SHIPMENT #6604
[23-Apr-2026 04:41:27 UTC]    Costo Envío: S/. 10.00
[23-Apr-2026 04:41:27 UTC]    Costo Producto: S/. 0.00
[23-Apr-2026 04:41:27 UTC]    Estado Motorizado: pendiente
[23-Apr-2026 04:41:27 UTC]    Estado Remitente (liquidado): VACÍO
[23-Apr-2026 04:41:27 UTC]    Quién Paga: cliente_final
[23-Apr-2026 04:41:27 UTC]    Estado Entrega: ENTREGADO
[23-Apr-2026 04:41:27 UTC]    ✅ SUMADO A TOTAL ENTREGADOS: S/. 0.00 (producto=0.00, Total: S/. 0.00)
[23-Apr-2026 04:41:27 UTC]    ¿Liquidado? NO
[23-Apr-2026 04:41:27 UTC]    ❌ NO SUMADO a ingresos envíos (aún no liquidado)
[23-Apr-2026 04:41:27 UTC]    Cliente 36 - ¿Liquidación verificada? NO
[23-Apr-2026 04:41:27 UTC]    TOTALES ACUMULADOS: pago_merc=S/. 0.00, pos=S/. 0.00, pago_marca=S/. 120.00, servicio=S/. 40.00
[23-Apr-2026 04:41:27 UTC]    GET_PAYMENT_TOTALS: efectivo=S/. 0.00, pago_merc=S/. 0.00, pos=S/. 0.00, pago_marca=S/. 120.00, total=S/. 120.00
[23-Apr-2026 04:41:27 UTC]    Efectivo Total acumulado: S/. 0.00
[23-Apr-2026 04:41:27 UTC]    ✅ SUMADO A RECAUDADO_MERC: S/. 0.00 (Total: S/. 0.00)
[23-Apr-2026 04:41:27 UTC]    ✅ SUMADO A RECAUDADO_MARCA: S/. 120.00 (Total: S/. 120.00)
[23-Apr-2026 04:41:27 UTC]    ✅ SUMADO A POS_RECAUDADO: S/. 0.00 (Total: S/. 0.00)
[23-Apr-2026 04:41:27 UTC] 
[23-Apr-2026 04:41:27 UTC] ────────────────────────────────────────────────────────
[23-Apr-2026 04:41:27 UTC] 📦 SHIPMENT #6641
[23-Apr-2026 04:41:27 UTC]    Costo Envío: S/. 10.00
[23-Apr-2026 04:41:27 UTC]    Costo Producto: S/. 0.00
[23-Apr-2026 04:41:27 UTC]    Estado Motorizado: pendiente
[23-Apr-2026 04:41:27 UTC]    Estado Remitente (liquidado): liq_cli_699bc82134a40
[23-Apr-2026 04:41:27 UTC]    Quién Paga: remitente
[23-Apr-2026 04:41:27 UTC]    Estado Entrega: ENTREGADO
[23-Apr-2026 04:41:27 UTC]    ✅ SUMADO A TOTAL ENTREGADOS: S/. 0.00 (producto=0.00, Total: S/. 0.00)
[23-Apr-2026 04:41:27 UTC]    ¿Liquidado? SÍ
[23-Apr-2026 04:41:27 UTC]    ❌ NO SUMADO a ingresos envíos (liquidado: 2026-02-22, no hoy)
[23-Apr-2026 04:41:27 UTC]    Cliente 3 - ¿Liquidación verificada? SÍ
[23-Apr-2026 04:41:27 UTC]    GET_PAYMENT_TOTALS: efectivo=S/. 0.00, pago_merc=S/. 0.00, pos=S/. 0.00, pago_marca=S/. 50.00, total=S/. 50.00
[23-Apr-2026 04:41:27 UTC]    Efectivo Total acumulado: S/. 0.00
[23-Apr-2026 04:41:27 UTC]    ❌ NO SUMADO a recaudados (estado_remitente no vacío: liq_cli_699bc82134a40)
[23-Apr-2026 04:41:27 UTC]    ❌ POS NO SUMADO (estado_remitente no vacío)
[23-Apr-2026 04:41:27 UTC] 
[23-Apr-2026 04:41:27 UTC] ────────────────────────────────────────────────────────
[23-Apr-2026 04:41:27 UTC] 📦 SHIPMENT #6642
[23-Apr-2026 04:41:27 UTC]    Costo Envío: S/. 8.00
[23-Apr-2026 04:41:27 UTC]    Costo Producto: S/. 0.00
[23-Apr-2026 04:41:27 UTC]    Estado Motorizado: pendiente
[23-Apr-2026 04:41:27 UTC]    Estado Remitente (liquidado): liq_cli_699bc82134a40
[23-Apr-2026 04:41:27 UTC]    Quién Paga: remitente
[23-Apr-2026 04:41:27 UTC]    Estado Entrega: ENTREGADO
[23-Apr-2026 04:41:27 UTC]    ✅ SUMADO A TOTAL ENTREGADOS: S/. 0.00 (producto=0.00, Total: S/. 0.00)
[23-Apr-2026 04:41:27 UTC]    ¿Liquidado? SÍ
[23-Apr-2026 04:41:27 UTC]    ❌ NO SUMADO a ingresos envíos (liquidado: 2026-02-22, no hoy)
[23-Apr-2026 04:41:27 UTC]    Cliente 3 - ¿Liquidación verificada? SÍ
[23-Apr-2026 04:41:27 UTC]    GET_PAYMENT_TOTALS: efectivo=S/. 0.00, pago_merc=S/. 0.00, pos=S/. 0.00, pago_marca=S/. 8.00, total=S/. 8.00
[23-Apr-2026 04:41:27 UTC]    Efectivo Total acumulado: S/. 0.00
[23-Apr-2026 04:41:27 UTC]    ❌ NO SUMADO a recaudados (estado_remitente no vacío: liq_cli_699bc82134a40)
[23-Apr-2026 04:41:27 UTC]    ❌ POS NO SUMADO (estado_remitente no vacío)
[23-Apr-2026 04:41:27 UTC] 
[23-Apr-2026 04:41:27 UTC] ────────────────────────────────────────────────────────
[23-Apr-2026 04:41:27 UTC] 📦 SHIPMENT #6643
[23-Apr-2026 04:41:27 UTC]    Costo Envío: S/. 12.00
[23-Apr-2026 04:41:27 UTC]    Costo Producto: S/. 0.00
[23-Apr-2026 04:41:27 UTC]    Estado Motorizado: pendiente
[23-Apr-2026 04:41:27 UTC]    Estado Remitente (liquidado): liq_cli_699bc82134a40
[23-Apr-2026 04:41:27 UTC]    Quién Paga: remitente
[23-Apr-2026 04:41:27 UTC]    Estado Entrega: ENTREGADO
[23-Apr-2026 04:41:27 UTC]    ✅ SUMADO A TOTAL ENTREGADOS: S/. 0.00 (producto=0.00, Total: S/. 0.00)
[23-Apr-2026 04:41:27 UTC]    ¿Liquidado? SÍ
[23-Apr-2026 04:41:27 UTC]    ❌ NO SUMADO a ingresos envíos (liquidado: 2026-02-22, no hoy)
[23-Apr-2026 04:41:27 UTC]    Cliente 3 - ¿Liquidación verificada? SÍ
[23-Apr-2026 04:41:27 UTC]    GET_PAYMENT_TOTALS: efectivo=S/. 0.00, pago_merc=S/. 0.00, pos=S/. 0.00, pago_marca=S/. 100.00, total=S/. 100.00
[23-Apr-2026 04:41:27 UTC]    Efectivo Total acumulado: S/. 0.00
[23-Apr-2026 04:41:27 UTC]    ❌ NO SUMADO a recaudados (estado_remitente no vacío: liq_cli_699bc82134a40)
[23-Apr-2026 04:41:27 UTC]    ❌ POS NO SUMADO (estado_remitente no vacío)
[23-Apr-2026 04:41:27 UTC] 
[23-Apr-2026 04:41:27 UTC] ────────────────────────────────────────────────────────
[23-Apr-2026 04:41:27 UTC] 📦 SHIPMENT #6644
[23-Apr-2026 04:41:27 UTC]    Costo Envío: S/. 10.00
[23-Apr-2026 04:41:27 UTC]    Costo Producto: S/. 0.00
[23-Apr-2026 04:41:27 UTC]    Estado Motorizado: pendiente
[23-Apr-2026 04:41:27 UTC]    Estado Remitente (liquidado): liq_cli_699bc82134a40
[23-Apr-2026 04:41:27 UTC]    Quién Paga: remitente
[23-Apr-2026 04:41:27 UTC]    Estado Entrega: ENTREGADO
[23-Apr-2026 04:41:27 UTC]    ✅ SUMADO A TOTAL ENTREGADOS: S/. 0.00 (producto=0.00, Total: S/. 0.00)
[23-Apr-2026 04:41:27 UTC]    ¿Liquidado? SÍ
[23-Apr-2026 04:41:27 UTC]    ❌ NO SUMADO a ingresos envíos (liquidado: 2026-02-22, no hoy)
[23-Apr-2026 04:41:27 UTC]    Cliente 3 - ¿Liquidación verificada? SÍ
[23-Apr-2026 04:41:27 UTC]    GET_PAYMENT_TOTALS: efectivo=S/. 0.00, pago_merc=S/. 0.00, pos=S/. 0.00, pago_marca=S/. 120.00, total=S/. 120.00
[23-Apr-2026 04:41:27 UTC]    Efectivo Total acumulado: S/. 0.00
[23-Apr-2026 04:41:27 UTC]    ❌ NO SUMADO a recaudados (estado_remitente no vacío: liq_cli_699bc82134a40)
[23-Apr-2026 04:41:27 UTC]    ❌ POS NO SUMADO (estado_remitente no vacío)
[23-Apr-2026 04:41:27 UTC] 
[23-Apr-2026 04:41:27 UTC] ═══════════════════════════════════════════════════════════
[23-Apr-2026 04:41:27 UTC] 🔍 CÁLCULO DE SALDOS POR CLIENTE
[23-Apr-2026 04:41:27 UTC] ═══════════════════════════════════════════════════════════
[23-Apr-2026 04:41:27 UTC] 👤 Cliente 3
[23-Apr-2026 04:41:27 UTC]    pago_merc: S/. 0.00
[23-Apr-2026 04:41:27 UTC]    pos: S/. 0.00
[23-Apr-2026 04:41:27 UTC]    pago_marca: S/. 0.00
[23-Apr-2026 04:41:27 UTC]    servicio: S/. 0.00
[23-Apr-2026 04:41:27 UTC]    balance = (pago_merc + pos) - servicio = (0.00 + 0.00) - 0.00 = S/. 0.00
[23-Apr-2026 04:41:27 UTC]    ❌ NO SUMADO (balance ≤ 0)
[23-Apr-2026 04:41:27 UTC] 👤 Cliente 16
[23-Apr-2026 04:41:27 UTC]    pago_merc: S/. 0.00
[23-Apr-2026 04:41:27 UTC]    pos: S/. 0.00
[23-Apr-2026 04:41:27 UTC]    pago_marca: S/. 0.00
[23-Apr-2026 04:41:27 UTC]    servicio: S/. 40.00
[23-Apr-2026 04:41:27 UTC]    balance = (pago_merc + pos) - servicio = (0.00 + 0.00) - 40.00 = S/. -40.00
[23-Apr-2026 04:41:27 UTC]    ❌ NO SUMADO (balance ≤ 0)
[23-Apr-2026 04:41:27 UTC] 👤 Cliente 36
[23-Apr-2026 04:41:27 UTC]    pago_merc: S/. 0.00
[23-Apr-2026 04:41:27 UTC]    pos: S/. 0.00
[23-Apr-2026 04:41:27 UTC]    pago_marca: S/. 120.00
[23-Apr-2026 04:41:27 UTC]    servicio: S/. 40.00
[23-Apr-2026 04:41:27 UTC]    balance = (pago_merc + pos) - servicio = (0.00 + 0.00) - 40.00 = S/. -40.00
[23-Apr-2026 04:41:27 UTC]    ❌ NO SUMADO (balance ≤ 0)
[23-Apr-2026 04:41:27 UTC] MERC_DEBUG_CLIENT_BALANCE_SUM - por_pagar_rem=0.00
[23-Apr-2026 04:41:27 UTC] 
[23-Apr-2026 04:41:27 UTC] ═══════════════════════════════════════════════════════════
[23-Apr-2026 04:41:27 UTC] 📊 RESUMEN FINAL DE CÁLCULOS DEL PANEL ADMIN
[23-Apr-2026 04:41:27 UTC] ═══════════════════════════════════════════════════════════
[23-Apr-2026 04:41:27 UTC] Total Entregados: S/. 0.00 (TODOS los envíos entregados)
[23-Apr-2026 04:41:27 UTC] Ingresos por Envíos: S/. 0.00 (solo liquidados)
[23-Apr-2026 04:41:27 UTC] Efectivo Total: S/. 0.00
[23-Apr-2026 04:41:27 UTC] Recaudado por MERC: S/. 0.00
[23-Apr-2026 04:41:27 UTC] Recaudado por MARCA: S/. 120.00
[23-Apr-2026 04:41:27 UTC] Recaudado por POS: S/. 0.00
[23-Apr-2026 04:41:27 UTC] Por Pagar Remitentes: S/. 0.00
[23-Apr-2026 04:41:27 UTC] Penalidades del día: S/. 0.00
[23-Apr-2026 04:41:27 UTC] TOTAL GENERAL (Balance Neto): S/. 0.00
[23-Apr-2026 04:41:27 UTC] ═══════════════════════════════════════════════════════════
[23-Apr-2026 04:41:27 UTC] 
[23-Apr-2026 04:41:27 UTC] 🔍 [MERC_ADMIN_CARDS] drivers_sql: SELECT COALESCE(pm_driver.meta_value, pm_driver_alt.meta_value) AS driver_id, COUNT(DISTINCT p.ID) AS total_entregas FROM wp_posts p LEFT JOIN wp_postmeta pm_driver ON p.ID = pm_driver.post_id AND pm_driver.meta_key = 'wpcargo_driver' LEFT JOIN wp_postmeta pm_driver_alt ON p.ID = pm_driver_alt.post_id AND pm_driver_alt.meta_key = 'wpcargo_motorizo_recojo' WHERE p.post_type = 'wpcargo_shipment' AND p.post_status = 'publish' AND (pm_driver.meta_value IS NOT NULL OR pm_driver_alt.meta_value IS NOT NULL) AND ( EXISTS( SELECT 1 FROM wp_postmeta pm_pickup WHERE pm_pickup.post_id = p.ID AND pm_pickup.meta_key IN ('wpcargo_pickup_date_picker','wpcargo_pickup_date','calendarenvio','wpcargo_fecha_envio') AND ( (STR_TO_DATE(pm_pickup.meta_value, '%%d/%%m/%%Y') >= STR_TO_DATE('2026-01-01', '%%Y-%%m-%%d') AND STR_TO_DATE(pm_pickup.meta_value, '%%d/%%m/%%Y') <= STR_TO_DATE('2026-04-22', '%%Y-%%m-%%d')) OR (STR_TO_DATE(pm_pickup.meta_value, '%%Y-%%m-%%d') >= STR_TO_DATE('2026-01-01', '%%Y-%%m-%%d') AND STR_TO_DATE(pm_pickup.meta_value, '%%Y-%%m-%%d') <= STR_TO_DATE('2026-04-22', '%%Y-%%m-%%d')) OR (pm_pickup.meta_value BETWEEN '2026-01-01' AND '2026-04-22') OR (pm_pickup.meta_value LIKE '2026-01-01%') ) ) OR (p.post_date BETWEEN '2026-01-01 00:00:00' AND '2026-04-22 23:59:59') ) GROUP BY COALESCE(pm_driver.meta_value, pm_driver_alt.meta_value) ORDER BY total_entregas DESC
[23-Apr-2026 04:41:27 UTC] 🔍 [MERC_ADMIN_CARDS] sample_ids_count: 10
[23-Apr-2026 04:41:27 UTC] 🔍 [MERC_ADMIN_CARDS] sample shipment_id=6584 wpcargo_driver='2' wpcargo_motorizo_recojo=''
[23-Apr-2026 04:41:27 UTC] 🔍 [MERC_ADMIN_CARDS] sample shipment_id=6592 wpcargo_driver='2' wpcargo_motorizo_recojo=''
[23-Apr-2026 04:41:27 UTC] 🔍 [MERC_ADMIN_CARDS] sample shipment_id=6593 wpcargo_driver='2' wpcargo_motorizo_recojo=''
[23-Apr-2026 04:41:27 UTC] 🔍 [MERC_ADMIN_CARDS] sample shipment_id=6594 wpcargo_driver='5' wpcargo_motorizo_recojo=''
[23-Apr-2026 04:41:27 UTC] 🔍 [MERC_ADMIN_CARDS] sample shipment_id=6595 wpcargo_driver='2' wpcargo_motorizo_recojo=''
[23-Apr-2026 04:41:27 UTC] 🔍 [MERC_ADMIN_CARDS] sample shipment_id=6601 wpcargo_driver='2' wpcargo_motorizo_recojo='2'
[23-Apr-2026 04:41:27 UTC] 🔍 [MERC_ADMIN_CARDS] sample shipment_id=6602 wpcargo_driver='2' wpcargo_motorizo_recojo=''
[23-Apr-2026 04:41:27 UTC] 🔍 [MERC_ADMIN_CARDS] sample shipment_id=6603 wpcargo_driver='5' wpcargo_motorizo_recojo='2'
[23-Apr-2026 04:41:27 UTC] 🔍 [MERC_ADMIN_CARDS] sample shipment_id=6604 wpcargo_driver='5' wpcargo_motorizo_recojo=''
[23-Apr-2026 04:41:27 UTC] 🔍 [MERC_ADMIN_CARDS] sample shipment_id=6641 wpcargo_driver='5' wpcargo_motorizo_recojo='5'
[23-Apr-2026 04:41:27 UTC] 🔍 [MERC_ADMIN_CARDS] drivers_count: 2
[23-Apr-2026 04:41:27 UTC] 🔍 [MERC_ADMIN_CARDS] Motorizado ID: 5 | Envios encontrados: 7
[23-Apr-2026 04:41:27 UTC]    Shipment #6594 | pod_payment_methods(raw)=, wpcargo_total_cobrar='120', otros_meta={"monto":"120"}
[23-Apr-2026 04:41:27 UTC]    Shipment #6594 | Totales: efectivo=0, pago_merc=0, pago_marca=0, pos=0, total=0
[23-Apr-2026 04:41:27 UTC]    Shipment #6603 | pod_payment_methods(raw)=, wpcargo_total_cobrar='100', otros_meta={"monto":"100"}
[23-Apr-2026 04:41:27 UTC]    Shipment #6603 | Totales: efectivo=0, pago_merc=0, pago_marca=0, pos=0, total=0
[23-Apr-2026 04:41:27 UTC]    Shipment #6604 | pod_payment_methods(raw)=[{"metodo":"pago_marca","monto":120,"imagen_id":6616,"imagen_url":"https://mercourier.com/wp-content/uploads/2026/02/metodo-pago-6604-0-1771804076.jpeg"}], wpcargo_total_cobrar='120', otros_meta={"monto":"120"}
[23-Apr-2026 04:41:27 UTC]    Shipment #6604 | Totales: efectivo=0, pago_merc=0, pago_marca=120, pos=0, total=120
[23-Apr-2026 04:41:27 UTC]    Shipment #6641 | pod_payment_methods(raw)=[{"metodo":"pago_marca","monto":50,"imagen_id":6646,"imagen_url":"https://mercourier.com/wp-content/uploads/2026/02/metodo-pago-6641-0-1771815879.jpeg"}], wpcargo_total_cobrar='50', otros_meta={"monto":"50"}
[23-Apr-2026 04:41:27 UTC]    Shipment #6641 | Totales: efectivo=0, pago_merc=0, pago_marca=50, pos=0, total=50
[23-Apr-2026 04:41:27 UTC]    Shipment #6642 | pod_payment_methods(raw)=[{"metodo":"pago_marca","monto":8,"imagen_id":6654,"imagen_url":"https://mercourier.com/wp-content/uploads/2026/02/metodo-pago-6642-0-1771815926.jpeg"}], wpcargo_total_cobrar='', otros_meta={"wpcargo_monto":"0","monto":"0"}
[23-Apr-2026 04:41:27 UTC]    Shipment #6642 | Totales: efectivo=0, pago_merc=0, pago_marca=8, pos=0, total=8
[23-Apr-2026 04:41:27 UTC]    Shipment #6643 | pod_payment_methods(raw)=[{"metodo":"pago_marca","monto":100,"imagen_id":6650,"imagen_url":"https://mercourier.com/wp-content/uploads/2026/02/metodo-pago-6643-0-1771815911.jpeg"}], wpcargo_total_cobrar='100', otros_meta={"monto":"100"}
[23-Apr-2026 04:41:27 UTC]    Shipment #6643 | Totales: efectivo=0, pago_merc=0, pago_marca=100, pos=0, total=100
[23-Apr-2026 04:41:27 UTC]    Shipment #6644 | pod_payment_methods(raw)=[{"metodo":"pago_marca","monto":120,"imagen_id":6653,"imagen_url":"https://mercourier.com/wp-content/uploads/2026/02/metodo-pago-6644-0-1771815926.jpeg"}], wpcargo_total_cobrar='120', otros_meta={"monto":"120"}
[23-Apr-2026 04:41:27 UTC]    Shipment #6644 | Totales: efectivo=0, pago_merc=0, pago_marca=120, pos=0, total=120
[23-Apr-2026 04:41:27 UTC]    Totales del motorizado: Total=398, Efectivo=0, MERC=0, MARCA=398, POS=0
[23-Apr-2026 04:41:27 UTC] 🔍 [MERC_ADMIN_CARDS] Motorizado ID: 2 | Envios encontrados: 7
[23-Apr-2026 04:41:27 UTC]    Shipment #6584 | pod_payment_methods(raw)=, wpcargo_total_cobrar='8.00', otros_meta={"monto":"8.00"}
[23-Apr-2026 04:41:27 UTC]    Shipment #6584 | Totales: efectivo=0, pago_merc=0, pago_marca=0, pos=0, total=0
[23-Apr-2026 04:41:27 UTC]    Shipment #6592 | pod_payment_methods(raw)=, wpcargo_total_cobrar='100', otros_meta={"monto":"100"}
[23-Apr-2026 04:41:27 UTC]    Shipment #6592 | Totales: efectivo=0, pago_merc=0, pago_marca=0, pos=0, total=0
[23-Apr-2026 04:41:27 UTC]    Shipment #6593 | pod_payment_methods(raw)=, wpcargo_total_cobrar='', otros_meta={"wpcargo_monto":"0","monto":"0"}
[23-Apr-2026 04:41:27 UTC]    Shipment #6593 | Totales: efectivo=0, pago_merc=0, pago_marca=0, pos=0, total=0
[23-Apr-2026 04:41:27 UTC]    Shipment #6595 | pod_payment_methods(raw)=, wpcargo_total_cobrar='50', otros_meta={"monto":"50"}
[23-Apr-2026 04:41:27 UTC]    Shipment #6595 | Totales: efectivo=0, pago_merc=0, pago_marca=0, pos=0, total=0
[23-Apr-2026 04:41:27 UTC]    Shipment #6601 | pod_payment_methods(raw)=, wpcargo_total_cobrar='50', otros_meta={"monto":"50"}
[23-Apr-2026 04:41:27 UTC]    Shipment #6601 | Totales: efectivo=0, pago_merc=0, pago_marca=0, pos=0, total=0
[23-Apr-2026 04:41:27 UTC]    Shipment #6602 | pod_payment_methods(raw)=, wpcargo_total_cobrar='', otros_meta={"wpcargo_monto":"0","monto":"0"}
[23-Apr-2026 04:41:27 UTC]    Shipment #6602 | Totales: efectivo=0, pago_merc=0, pago_marca=0, pos=0, total=0
[23-Apr-2026 04:41:27 UTC]    Shipment #6603 | pod_payment_methods(raw)=, wpcargo_total_cobrar='100', otros_meta={"monto":"100"}
[23-Apr-2026 04:41:27 UTC]    Shipment #6603 | Totales: efectivo=0, pago_merc=0, pago_marca=0, pos=0, total=0
[23-Apr-2026 04:41:27 UTC]    Totales del motorizado: Total=0, Efectivo=0, MERC=0, MARCA=0, POS=0
[23-Apr-2026 04:41:27 UTC] 🔍 [MERC_ADMIN_CLIENTS] clients_sql: SELECT pm_sender.meta_value AS client_id, COUNT(DISTINCT p.ID) AS total_envios FROM wp_posts p LEFT JOIN wp_postmeta pm_sender ON p.ID = pm_sender.post_id AND pm_sender.meta_key = 'registered_shipper' WHERE p.post_type = 'wpcargo_shipment' AND p.post_status = 'publish' AND pm_sender.meta_value IS NOT NULL AND pm_sender.meta_value != '' AND ( EXISTS( SELECT 1 FROM wp_postmeta pm_pickup WHERE pm_pickup.post_id = p.ID AND pm_pickup.meta_key IN ('wpcargo_pickup_date_picker','wpcargo_pickup_date','calendarenvio','wpcargo_fecha_envio') AND ( (STR_TO_DATE(pm_pickup.meta_value, '%%d/%%m/%%Y') >= STR_TO_DATE('2026-01-01', '%%Y-%%m-%%d') AND STR_TO_DATE(pm_pickup.meta_value, '%%d/%%m/%%Y') <= STR_TO_DATE('2026-04-22', '%%Y-%%m-%%d')) OR (STR_TO_DATE(pm_pickup.meta_value, '%%Y-%%m-%%d') >= STR_TO_DATE('2026-01-01', '%%Y-%%m-%%d') AND STR_TO_DATE(pm_pickup.meta_value, '%%Y-%%m-%%d') <= STR_TO_DATE('2026-04-22', '%%Y-%%m-%%d')) OR (pm_pickup.meta_value BETWEEN '2026-01-01' AND '2026-04-22') OR (pm_pickup.meta_value LIKE '2026-01-01%') ) ) OR (p.post_date BETWEEN '2026-01-01 00:00:00' AND '2026-04-22 23:59:59') ) GROUP BY pm_sender.meta_value ORDER BY total_envios DESC
[23-Apr-2026 04:41:27 UTC] 🔍 [MERC_ADMIN_CLIENTS] clients_count: 3
[23-Apr-2026 04:41:27 UTC] 🔍 [MERC_ADMIN_CLIENTS] sample_ids_count: 10
[23-Apr-2026 04:41:27 UTC] 🔍 [MERC_ADMIN_CLIENTS] sample shipment_id=6584 registered_shipper='3'
[23-Apr-2026 04:41:27 UTC] 🔍 [MERC_ADMIN_CLIENTS] sample shipment_id=6592 registered_shipper='16'
[23-Apr-2026 04:41:27 UTC] 🔍 [MERC_ADMIN_CLIENTS] sample shipment_id=6593 registered_shipper='16'
[23-Apr-2026 04:41:27 UTC] 🔍 [MERC_ADMIN_CLIENTS] sample shipment_id=6594 registered_shipper='16'
[23-Apr-2026 04:41:27 UTC] 🔍 [MERC_ADMIN_CLIENTS] sample shipment_id=6595 registered_shipper='16'
[23-Apr-2026 04:41:27 UTC] 🔍 [MERC_ADMIN_CLIENTS] sample shipment_id=6601 registered_shipper='36'
[23-Apr-2026 04:41:27 UTC] 🔍 [MERC_ADMIN_CLIENTS] sample shipment_id=6602 registered_shipper='36'
[23-Apr-2026 04:41:27 UTC] 🔍 [MERC_ADMIN_CLIENTS] sample shipment_id=6603 registered_shipper='36'
[23-Apr-2026 04:41:27 UTC] 🔍 [MERC_ADMIN_CLIENTS] sample shipment_id=6604 registered_shipper='36'
[23-Apr-2026 04:41:27 UTC] 🔍 [MERC_ADMIN_CLIENTS] sample shipment_id=6641 registered_shipper='3'
[23-Apr-2026 04:41:28 UTC] 🔔 [MERC_LOG] Inicializado logger diario: /home/u727114368/domains/mercourier.com/public_html/wp-content/merc_logs/merc-debug-2026-04-23.log
[23-Apr-2026 04:41:38 UTC] 🔔 [MERC_LOG] Inicializado logger diario: /home/u727114368/domains/mercourier.com/public_html/wp-content/merc_logs/merc-debug-2026-04-23.log
[23-Apr-2026 04:41:38 UTC] 🔔 [MERC_LOG] Inicializado logger diario: /home/u727114368/domains/mercourier.com/public_html/wp-content/merc_logs/merc-debug-2026-04-23.log
[23-Apr-2026 04:41:47 UTC] 🔔 [MERC_LOG] Inicializado logger diario: /home/u727114368/domains/mercourier.com/public_html/wp-content/merc_logs/merc-debug-2026-04-23.log
[23-Apr-2026 04:41:56 UTC] 🔔 [MERC_LOG] Inicializado logger diario: /home/u727114368/domains/mercourier.com/public_html/wp-content/merc_logs/merc-debug-2026-04-23.log
[23-Apr-2026 04:41:56 UTC] PHP Warning:  Undefined variable $tipo_vista in /home/u727114368/domains/mercourier.com/public_html/wp-content/themes/blocksy-child/functions.php on line 8589
[23-Apr-2026 04:41:56 UTC] MERC_ADMIN_RESUMEN - date_query="AND ( 
        EXISTS( 
            SELECT 1 FROM wp_postmeta pm_pickup 
            WHERE pm_pickup.post_id = p.ID 
              AND pm_pickup.meta_key IN ('wpcargo_pickup_date_picker','wpcargo_pickup_date','calendarenvio','wpcargo_fecha_envio')
              AND (
                    (STR_TO_DATE(pm_pickup.meta_value, '%%d/%%m/%%Y') >= STR_TO_DATE('2026-04-22', '%%Y-%%m-%%d') AND STR_TO_DATE(pm_pickup.meta_value, '%%d/%%m/%%Y') <= STR_TO_DATE('2026-04-22', '%%Y-%%m-%%d'))
                 OR (STR_TO_DATE(pm_pickup.meta_value, '%%Y-%%m-%%d') >= STR_TO_DATE('2026-04-22', '%%Y-%%m-%%d') AND STR_TO_DATE(pm_pickup.meta_value, '%%Y-%%m-%%d') <= STR_TO_DATE('2026-04-22', '%%Y-%%m-%%d'))
                 OR (pm_pickup.meta_value BETWEEN '2026-04-22' AND '2026-04-22')
                 OR (pm_pickup.meta_value LIKE '2026-04-22%')
              )
        )
        OR (p.post_date BETWEEN '2026-04-22 00:00:00' AND '2026-04-22 23:59:59')
    )"
[23-Apr-2026 04:41:56 UTC] MERC_ADMIN_RESUMEN - NO SHIPMENTS returned for date_query, attempting fallback by pickup meta
[23-Apr-2026 04:41:56 UTC] MERC_ADMIN_RESUMEN - fallback also returned NO shipments; attempting fallback by post_date range
[23-Apr-2026 04:41:56 UTC] MERC_ADMIN_RESUMEN_SAMPLE - id=6641 post_date=2026-02-22 21:51:11 metas={"wpcargo_pickup_date_picker":"22\/2\/2026","wpcargo_pickup_date":"","calendarenvio":"","wpcargo_fecha_envio":"","post_date":"2026-02-22 21:51:11"}
[23-Apr-2026 04:41:56 UTC] MERC_ADMIN_RESUMEN_SAMPLE - id=6642 post_date=2026-02-22 21:51:11 metas={"wpcargo_pickup_date_picker":"22\/2\/2026","wpcargo_pickup_date":"","calendarenvio":"","wpcargo_fecha_envio":"","post_date":"2026-02-22 21:51:11"}
[23-Apr-2026 04:41:56 UTC] MERC_ADMIN_RESUMEN_SAMPLE - id=6643 post_date=2026-02-22 21:51:11 metas={"wpcargo_pickup_date_picker":"22\/2\/2026","wpcargo_pickup_date":"","calendarenvio":"","wpcargo_fecha_envio":"","post_date":"2026-02-22 21:51:11"}
[23-Apr-2026 04:41:56 UTC] MERC_ADMIN_RESUMEN_SAMPLE - id=6644 post_date=2026-02-22 21:51:11 metas={"wpcargo_pickup_date_picker":"22\/2\/2026","wpcargo_pickup_date":"","calendarenvio":"","wpcargo_fecha_envio":"","post_date":"2026-02-22 21:51:11"}
[23-Apr-2026 04:41:56 UTC] MERC_ADMIN_RESUMEN_SAMPLE - id=6601 post_date=2026-02-22 15:32:45 metas={"wpcargo_pickup_date_picker":"22\/2\/2026","wpcargo_pickup_date":"","calendarenvio":"","wpcargo_fecha_envio":"","post_date":"2026-02-22 15:32:45"}
[23-Apr-2026 04:41:56 UTC] MERC_ADMIN_RESUMEN_SAMPLE - id=6602 post_date=2026-02-22 15:32:45 metas={"wpcargo_pickup_date_picker":"22\/2\/2026","wpcargo_pickup_date":"","calendarenvio":"","wpcargo_fecha_envio":"","post_date":"2026-02-22 15:32:45"}
[23-Apr-2026 04:41:56 UTC] MERC_ADMIN_RESUMEN_SAMPLE - id=6603 post_date=2026-02-22 15:32:45 metas={"wpcargo_pickup_date_picker":"22\/2\/2026","wpcargo_pickup_date":"","calendarenvio":"","wpcargo_fecha_envio":"","post_date":"2026-02-22 15:32:45"}
[23-Apr-2026 04:41:56 UTC] MERC_ADMIN_RESUMEN_SAMPLE - id=6604 post_date=2026-02-22 15:32:45 metas={"wpcargo_pickup_date_picker":"22\/2\/2026","wpcargo_pickup_date":"","calendarenvio":"","wpcargo_fecha_envio":"","post_date":"2026-02-22 15:32:45"}
[23-Apr-2026 04:41:56 UTC] MERC_ADMIN_RESUMEN_SAMPLE - id=6592 post_date=2026-02-21 15:08:10 metas={"wpcargo_pickup_date_picker":"23\/2\/2026","wpcargo_pickup_date":"","calendarenvio":"","wpcargo_fecha_envio":"","post_date":"2026-02-21 15:08:10"}
[23-Apr-2026 04:41:56 UTC] MERC_ADMIN_RESUMEN_SAMPLE - id=6593 post_date=2026-02-21 15:08:10 metas={"wpcargo_pickup_date_picker":"23\/2\/2026","wpcargo_pickup_date":"","calendarenvio":"","wpcargo_fecha_envio":"","post_date":"2026-02-21 15:08:10"}
[23-Apr-2026 04:41:56 UTC] MERC_ADMIN_RESUMEN_SAMPLE - id=6594 post_date=2026-02-21 15:08:10 metas={"wpcargo_pickup_date_picker":"23\/2\/2026","wpcargo_pickup_date":"","calendarenvio":"","wpcargo_fecha_envio":"","post_date":"2026-02-21 15:08:10"}
[23-Apr-2026 04:41:56 UTC] MERC_ADMIN_RESUMEN_SAMPLE - id=6595 post_date=2026-02-21 15:08:10 metas={"wpcargo_pickup_date_picker":"23\/2\/2026","wpcargo_pickup_date":"","calendarenvio":"","wpcargo_fecha_envio":"","post_date":"2026-02-21 15:08:10"}
[23-Apr-2026 04:41:56 UTC] MERC_ADMIN_RESUMEN_SAMPLE - id=6584 post_date=2026-02-21 14:30:19 metas={"wpcargo_pickup_date_picker":"21\/02\/2026","wpcargo_pickup_date":"","calendarenvio":"","wpcargo_fecha_envio":"","post_date":"2026-02-21 14:30:19"}
[23-Apr-2026 04:41:56 UTC] MERC_ADMIN_RESUMEN - trying post_date fallback with start=2026-04-22 00:00:00 end=2026-04-22 23:59:59
[23-Apr-2026 04:41:56 UTC] 🔍 [MERC_ADMIN_CARDS] drivers_sql: SELECT COALESCE(pm_driver.meta_value, pm_driver_alt.meta_value) AS driver_id, COUNT(DISTINCT p.ID) AS total_entregas FROM wp_posts p LEFT JOIN wp_postmeta pm_driver ON p.ID = pm_driver.post_id AND pm_driver.meta_key = 'wpcargo_driver' LEFT JOIN wp_postmeta pm_driver_alt ON p.ID = pm_driver_alt.post_id AND pm_driver_alt.meta_key = 'wpcargo_motorizo_recojo' WHERE p.post_type = 'wpcargo_shipment' AND p.post_status = 'publish' AND (pm_driver.meta_value IS NOT NULL OR pm_driver_alt.meta_value IS NOT NULL) AND ( EXISTS( SELECT 1 FROM wp_postmeta pm_pickup WHERE pm_pickup.post_id = p.ID AND pm_pickup.meta_key IN ('wpcargo_pickup_date_picker','wpcargo_pickup_date','calendarenvio','wpcargo_fecha_envio') AND ( (STR_TO_DATE(pm_pickup.meta_value, '%%d/%%m/%%Y') >= STR_TO_DATE('2026-04-22', '%%Y-%%m-%%d') AND STR_TO_DATE(pm_pickup.meta_value, '%%d/%%m/%%Y') <= STR_TO_DATE('2026-04-22', '%%Y-%%m-%%d')) OR (STR_TO_DATE(pm_pickup.meta_value, '%%Y-%%m-%%d') >= STR_TO_DATE('2026-04-22', '%%Y-%%m-%%d') AND STR_TO_DATE(pm_pickup.meta_value, '%%Y-%%m-%%d') <= STR_TO_DATE('2026-04-22', '%%Y-%%m-%%d')) OR (pm_pickup.meta_value BETWEEN '2026-04-22' AND '2026-04-22') OR (pm_pickup.meta_value LIKE '2026-04-22%') ) ) OR (p.post_date BETWEEN '2026-04-22 00:00:00' AND '2026-04-22 23:59:59') ) GROUP BY COALESCE(pm_driver.meta_value, pm_driver_alt.meta_value) ORDER BY total_entregas DESC
[23-Apr-2026 04:41:56 UTC] 🔍 [MERC_ADMIN_CARDS] sample_ids_count: 0
[23-Apr-2026 04:41:56 UTC] 🔍 [MERC_ADMIN_CARDS] sample_ids EMPTY for date_query
[23-Apr-2026 04:41:56 UTC] 🔍 [MERC_ADMIN_CARDS] drivers_count: 0
[23-Apr-2026 04:41:56 UTC] 🔍 [MERC_ADMIN_CLIENTS] clients_sql: SELECT pm_sender.meta_value AS client_id, COUNT(DISTINCT p.ID) AS total_envios FROM wp_posts p LEFT JOIN wp_postmeta pm_sender ON p.ID = pm_sender.post_id AND pm_sender.meta_key = 'registered_shipper' WHERE p.post_type = 'wpcargo_shipment' AND p.post_status = 'publish' AND pm_sender.meta_value IS NOT NULL AND pm_sender.meta_value != '' AND ( EXISTS( SELECT 1 FROM wp_postmeta pm_pickup WHERE pm_pickup.post_id = p.ID AND pm_pickup.meta_key IN ('wpcargo_pickup_date_picker','wpcargo_pickup_date','calendarenvio','wpcargo_fecha_envio') AND ( (STR_TO_DATE(pm_pickup.meta_value, '%%d/%%m/%%Y') >= STR_TO_DATE('2026-04-22', '%%Y-%%m-%%d') AND STR_TO_DATE(pm_pickup.meta_value, '%%d/%%m/%%Y') <= STR_TO_DATE('2026-04-22', '%%Y-%%m-%%d')) OR (STR_TO_DATE(pm_pickup.meta_value, '%%Y-%%m-%%d') >= STR_TO_DATE('2026-04-22', '%%Y-%%m-%%d') AND STR_TO_DATE(pm_pickup.meta_value, '%%Y-%%m-%%d') <= STR_TO_DATE('2026-04-22', '%%Y-%%m-%%d')) OR (pm_pickup.meta_value BETWEEN '2026-04-22' AND '2026-04-22') OR (pm_pickup.meta_value LIKE '2026-04-22%') ) ) OR (p.post_date BETWEEN '2026-04-22 00:00:00' AND '2026-04-22 23:59:59') ) GROUP BY pm_sender.meta_value ORDER BY total_envios DESC
[23-Apr-2026 04:41:56 UTC] 🔍 [MERC_ADMIN_CLIENTS] clients_count: 0
[23-Apr-2026 04:41:56 UTC] 🔍 [MERC_ADMIN_CLIENTS] sample_ids_count: 0
[23-Apr-2026 04:41:56 UTC] 🔍 [MERC_ADMIN_CLIENTS] sample_ids EMPTY for date_query
[23-Apr-2026 04:42:04 UTC] 🔔 [MERC_LOG] Inicializado logger diario: /home/u727114368/domains/mercourier.com/public_html/wp-content/merc_logs/merc-debug-2026-04-23.log
[23-Apr-2026 04:42:07 UTC] 🔔 [MERC_LOG] Inicializado logger diario: /home/u727114368/domains/mercourier.com/public_html/wp-content/merc_logs/merc-debug-2026-04-23.log
[23-Apr-2026 04:42:12 UTC] 🔔 [MERC_LOG] Inicializado logger diario: /home/u727114368/domains/mercourier.com/public_html/wp-content/merc_logs/merc-debug-2026-04-23.log
[23-Apr-2026 04:42:13 UTC] 🔔 [MERC_LOG] Inicializado logger diario: /home/u727114368/domains/mercourier.com/public_html/wp-content/merc_logs/merc-debug-2026-04-23.log
[23-Apr-2026 04:42:14 UTC] 🔔 [MERC_LOG] Inicializado logger diario: /home/u727114368/domains/mercourier.com/public_html/wp-content/merc_logs/merc-debug-2026-04-23.log
[23-Apr-2026 04:42:16 UTC] 🔔 [MERC_LOG] Inicializado logger diario: /home/u727114368/domains/mercourier.com/public_html/wp-content/merc_logs/merc-debug-2026-04-23.log
[23-Apr-2026 04:43:17 UTC] 🔔 [MERC_LOG] Inicializado logger diario: /home/u727114368/domains/mercourier.com/public_html/wp-content/merc_logs/merc-debug-2026-04-23.log
[23-Apr-2026 04:43:17 UTC] 🔔 [MERC_LOG] Inicializado logger diario: /home/u727114368/domains/mercourier.com/public_html/wp-content/merc_logs/merc-debug-2026-04-23.log
[23-Apr-2026 04:44:17 UTC] 🔔 [MERC_LOG] Inicializado logger diario: /home/u727114368/domains/mercourier.com/public_html/wp-content/merc_logs/merc-debug-2026-04-23.log
[23-Apr-2026 04:44:17 UTC] 🔔 [MERC_LOG] Inicializado logger diario: /home/u727114368/domains/mercourier.com/public_html/wp-content/merc_logs/merc-debug-2026-04-23.log
[23-Apr-2026 04:44:22 UTC] 🔔 [MERC_LOG] Inicializado logger diario: /home/u727114368/domains/mercourier.com/public_html/wp-content/merc_logs/merc-debug-2026-04-23.log
[23-Apr-2026 04:44:23 UTC] 🔔 [MERC_LOG] Inicializado logger diario: /home/u727114368/domains/mercourier.com/public_html/wp-content/merc_logs/merc-debug-2026-04-23.log
[23-Apr-2026 04:44:25 UTC] 🔔 [MERC_LOG] Inicializado logger diario: /home/u727114368/domains/mercourier.com/public_html/wp-content/merc_logs/merc-debug-2026-04-23.log
[23-Apr-2026 04:44:34 UTC] 🔔 [MERC_LOG] Inicializado logger diario: /home/u727114368/domains/mercourier.com/public_html/wp-content/merc_logs/merc-debug-2026-04-23.log
[23-Apr-2026 04:44:35 UTC] 🔵 [FILTER] filter_shipment_by_date_and_tiendaname llamado
[23-Apr-2026 04:44:35 UTC] 🔵 [FILTER] Usuario actual: 1
[23-Apr-2026 04:44:35 UTC] 🔵 [FILTER] Args iniciales: {"post_type":"wpcargo_shipment","post_status":"publish","posts_per_page":"100","paged":1,"s":"","meta_query":{"relation":"AND","0":[]},"date_query":[{"after":"2026-02-22","before":"2026-04-23","inclusive":true}]}
[23-Apr-2026 04:44:35 UTC] 🔵 [FILTER] GET params: Array
(
)

[23-Apr-2026 04:44:35 UTC] 🔵 [FILTER] Sin parámetros de fecha, aplicando HOY por defecto: 2026-04-22
[23-Apr-2026 04:44:35 UTC] 🔵 [FILTER] Fecha desde: '2026-04-22' | Fecha hasta: '2026-04-22'
[23-Apr-2026 04:44:35 UTC] 🔵 [FILTER] has_from: true | has_to: true
[23-Apr-2026 04:44:35 UTC] 🔵 [FILTER] REMOVIENDO date_query para evitar conflicto
[23-Apr-2026 04:44:35 UTC] 🔵 [FILTER] SQL Query: 
            SELECT DISTINCT p.ID 
            FROM wp_posts p
            INNER JOIN wp_postmeta pm ON p.ID = pm.post_id
            WHERE p.post_type = 'wpcargo_shipment'
            AND pm.meta_key IN ('wpcargo_pickup_date_picker', 'wpcargo_pickup_date', 'calendarenvio', 'wpcargo_fecha_envio')
            AND (STR_TO_DATE(pm.meta_value, '%d/%m/%Y') >= STR_TO_DATE('2026-04-22', '%Y-%m-%d') AND STR_TO_DATE(pm.meta_value, '%d/%m/%Y') <= STR_TO_DATE('2026-04-22', '%Y-%m-%d'))
        
[23-Apr-2026 04:44:35 UTC] 🔵 [FILTER] IDs encontrados por fecha: 0
[23-Apr-2026 04:44:35 UTC] 🔵 [FILTER] Sin resultados de fecha, forzando búsqueda vacía
[23-Apr-2026 04:44:35 UTC] 🔵 [FILTER] Args finales: {"post_type":"wpcargo_shipment","post_status":"publish","posts_per_page":"100","paged":1,"s":"","meta_query":{"relation":"AND","0":[]},"post__in":[0]}
[23-Apr-2026 04:44:46 UTC] 🔔 [MERC_LOG] Inicializado logger diario: /home/u727114368/domains/mercourier.com/public_html/wp-content/merc_logs/merc-debug-2026-04-23.log
[23-Apr-2026 04:44:46 UTC] 🔔 [MERC_LOG] Inicializado logger diario: /home/u727114368/domains/mercourier.com/public_html/wp-content/merc_logs/merc-debug-2026-04-23.log
[23-Apr-2026 04:44:52 UTC] 🔔 [MERC_LOG] Inicializado logger diario: /home/u727114368/domains/mercourier.com/public_html/wp-content/merc_logs/merc-debug-2026-04-23.log
[23-Apr-2026 04:44:58 UTC] 🔔 [MERC_LOG] Inicializado logger diario: /home/u727114368/domains/mercourier.com/public_html/wp-content/merc_logs/merc-debug-2026-04-23.log
[23-Apr-2026 04:45:00 UTC] 🔔 [MERC_LOG] Inicializado logger diario: /home/u727114368/domains/mercourier.com/public_html/wp-content/merc_logs/merc-debug-2026-04-23.log
[23-Apr-2026 04:45:19 UTC] 🔔 [MERC_LOG] Inicializado logger diario: /home/u727114368/domains/mercourier.com/public_html/wp-content/merc_logs/merc-debug-2026-04-23.log
[23-Apr-2026 04:45:20 UTC] 🔔 [MERC_LOG] Inicializado logger diario: /home/u727114368/domains/mercourier.com/public_html/wp-content/merc_logs/merc-debug-2026-04-23.log
[23-Apr-2026 04:45:30 UTC] 🔔 [MERC_LOG] Inicializado logger diario: /home/u727114368/domains/mercourier.com/public_html/wp-content/merc_logs/merc-debug-2026-04-23.log
[23-Apr-2026 04:45:30 UTC] 🔔 [MERC_LOG] Inicializado logger diario: /home/u727114368/domains/mercourier.com/public_html/wp-content/merc_logs/merc-debug-2026-04-23.log
[23-Apr-2026 04:45:31 UTC] 🔄 [guardar_tipo_envio_shipment] INICIADO - post_id: 6667
[23-Apr-2026 04:45:31 UTC]    post_type: post
[23-Apr-2026 04:45:31 UTC]    ❌ No es wpcargo_shipment, abandonando
[23-Apr-2026 04:45:34 UTC] 🔔 [MERC_LOG] Inicializado logger diario: /home/u727114368/domains/mercourier.com/public_html/wp-content/merc_logs/merc-debug-2026-04-23.log
[23-Apr-2026 04:45:35 UTC] 🔔 [MERC_LOG] Inicializado logger diario: /home/u727114368/domains/mercourier.com/public_html/wp-content/merc_logs/merc-debug-2026-04-23.log
[23-Apr-2026 04:45:35 UTC] 🔔 [MERC_LOG] Inicializado logger diario: /home/u727114368/domains/mercourier.com/public_html/wp-content/merc_logs/merc-debug-2026-04-23.log
[23-Apr-2026 04:45:35 UTC] 🔔 [MERC_LOG] Inicializado logger diario: /home/u727114368/domains/mercourier.com/public_html/wp-content/merc_logs/merc-debug-2026-04-23.log
[23-Apr-2026 04:45:35 UTC] 🔔 [MERC_LOG] Inicializado logger diario: /home/u727114368/domains/mercourier.com/public_html/wp-content/merc_logs/merc-debug-2026-04-23.log
[23-Apr-2026 04:45:36 UTC] 🔔 [MERC_LOG] Inicializado logger diario: /home/u727114368/domains/mercourier.com/public_html/wp-content/merc_logs/merc-debug-2026-04-23.log
[23-Apr-2026 04:45:36 UTC] Hostinger AI Assistant Log: JWT token generated for user ID: 37
[23-Apr-2026 04:45:38 UTC] 🔔 [MERC_LOG] Inicializado logger diario: /home/u727114368/domains/mercourier.com/public_html/wp-content/merc_logs/merc-debug-2026-04-23.log
[23-Apr-2026 04:45:38 UTC] 🔵 [FILTER] filter_shipment_by_date_and_tiendaname llamado
[23-Apr-2026 04:45:38 UTC] 🔵 [FILTER] Usuario actual: 37
[23-Apr-2026 04:45:38 UTC] 🔵 [FILTER] Args iniciales: {"post_type":"wpcargo_shipment","post_status":"publish","posts_per_page":10,"paged":1,"s":"","meta_query":{"relation":"AND","0":[]},"date_query":[{"after":"2026-02-22","before":"2026-04-23","inclusive":true}]}
[23-Apr-2026 04:45:38 UTC] 🔵 [FILTER] GET params: Array
(
)

[23-Apr-2026 04:45:38 UTC] 🔵 [FILTER] Sin parámetros de fecha, aplicando HOY por defecto: 2026-04-22
[23-Apr-2026 04:45:38 UTC] 🔵 [FILTER] Fecha desde: '2026-04-22' | Fecha hasta: '2026-04-22'
[23-Apr-2026 04:45:38 UTC] 🔵 [FILTER] has_from: true | has_to: true
[23-Apr-2026 04:45:38 UTC] 🔵 [FILTER] REMOVIENDO date_query para evitar conflicto
[23-Apr-2026 04:45:38 UTC] 🔵 [FILTER] SQL Query: 
            SELECT DISTINCT p.ID 
            FROM wp_posts p
            INNER JOIN wp_postmeta pm ON p.ID = pm.post_id
            WHERE p.post_type = 'wpcargo_shipment'
            AND pm.meta_key IN ('wpcargo_pickup_date_picker', 'wpcargo_pickup_date', 'calendarenvio', 'wpcargo_fecha_envio')
            AND (STR_TO_DATE(pm.meta_value, '%d/%m/%Y') >= STR_TO_DATE('2026-04-22', '%Y-%m-%d') AND STR_TO_DATE(pm.meta_value, '%d/%m/%Y') <= STR_TO_DATE('2026-04-22', '%Y-%m-%d'))
        
[23-Apr-2026 04:45:38 UTC] 🔵 [FILTER] IDs encontrados por fecha: 0
[23-Apr-2026 04:45:38 UTC] 🔵 [FILTER] Sin resultados de fecha, forzando búsqueda vacía
[23-Apr-2026 04:45:38 UTC] 🔵 [FILTER] Args finales: {"post_type":"wpcargo_shipment","post_status":"publish","posts_per_page":10,"paged":1,"s":"","meta_query":{"relation":"AND","0":[]},"post__in":[0]}
[23-Apr-2026 04:45:42 UTC] 🔔 [MERC_LOG] Inicializado logger diario: /home/u727114368/domains/mercourier.com/public_html/wp-content/merc_logs/merc-debug-2026-04-23.log
[23-Apr-2026 04:45:43 UTC] 🔔 [MERC_LOG] Inicializado logger diario: /home/u727114368/domains/mercourier.com/public_html/wp-content/merc_logs/merc-debug-2026-04-23.log
[23-Apr-2026 04:45:58 UTC] 🔔 [MERC_LOG] Inicializado logger diario: /home/u727114368/domains/mercourier.com/public_html/wp-content/merc_logs/merc-debug-2026-04-23.log
[23-Apr-2026 04:46:02 UTC] 🔔 [MERC_LOG] Inicializado logger diario: /home/u727114368/domains/mercourier.com/public_html/wp-content/merc_logs/merc-debug-2026-04-23.log
[23-Apr-2026 04:46:12 UTC] 🔔 [MERC_LOG] Inicializado logger diario: /home/u727114368/domains/mercourier.com/public_html/wp-content/merc_logs/merc-debug-2026-04-23.log
[23-Apr-2026 04:46:12 UTC] 🔔 [MERC_LOG] Inicializado logger diario: /home/u727114368/domains/mercourier.com/public_html/wp-content/merc_logs/merc-debug-2026-04-23.log
[23-Apr-2026 04:46:13 UTC] 🔔 [MERC_LOG] Inicializado logger diario: /home/u727114368/domains/mercourier.com/public_html/wp-content/merc_logs/merc-debug-2026-04-23.log
[23-Apr-2026 04:46:14 UTC] 🔔 [MERC_LOG] Inicializado logger diario: /home/u727114368/domains/mercourier.com/public_html/wp-content/merc_logs/merc-debug-2026-04-23.log
[23-Apr-2026 04:46:14 UTC] 🔔 [MERC_LOG] Inicializado logger diario: /home/u727114368/domains/mercourier.com/public_html/wp-content/merc_logs/merc-debug-2026-04-23.log
[23-Apr-2026 04:46:14 UTC] Hostinger AI Assistant Log: JWT token generated for user ID: 37
[23-Apr-2026 04:47:02 UTC] 🔔 [MERC_LOG] Inicializado logger diario: /home/u727114368/domains/mercourier.com/public_html/wp-content/merc_logs/merc-debug-2026-04-23.log
[23-Apr-2026 04:47:05 UTC] 🔔 [MERC_LOG] Inicializado logger diario: /home/u727114368/domains/mercourier.com/public_html/wp-content/merc_logs/merc-debug-2026-04-23.log
[23-Apr-2026 04:49:04 UTC] 🔔 [MERC_LOG] Inicializado logger diario: /home/u727114368/domains/mercourier.com/public_html/wp-content/merc_logs/merc-debug-2026-04-23.log
[23-Apr-2026 04:49:04 UTC] 🔔 [MERC_LOG] Inicializado logger diario: /home/u727114368/domains/mercourier.com/public_html/wp-content/merc_logs/merc-debug-2026-04-23.log
[23-Apr-2026 04:53:26 UTC] 🔔 [MERC_LOG] Inicializado logger diario: /home/u727114368/domains/mercourier.com/public_html/wp-content/merc_logs/merc-debug-2026-04-23.log
[23-Apr-2026 04:53:26 UTC] 🔔 [MERC_LOG] Inicializado logger diario: /home/u727114368/domains/mercourier.com/public_html/wp-content/merc_logs/merc-debug-2026-04-23.log
[23-Apr-2026 05:34:19 UTC] 🔔 [MERC_LOG] Inicializado logger diario: /home/u727114368/domains/mercourier.com/public_html/wp-content/merc_logs/merc-debug-2026-04-23.log
[23-Apr-2026 05:34:19 UTC] 🌅 [RESETEO DIARIO AUTOMÁTICO] Ejecutado para 2026-04-23
[23-Apr-2026 05:34:20 UTC] 🔔 [MERC_LOG] Inicializado logger diario: /home/u727114368/domains/mercourier.com/public_html/wp-content/merc_logs/merc-debug-2026-04-23.log
[23-Apr-2026 05:34:21 UTC] 🔔 [MERC_LOG] Inicializado logger diario: /home/u727114368/domains/mercourier.com/public_html/wp-content/merc_logs/merc-debug-2026-04-23.log
[23-Apr-2026 05:34:23 UTC] 🔔 [MERC_LOG] Inicializado logger diario: /home/u727114368/domains/mercourier.com/public_html/wp-content/merc_logs/merc-debug-2026-04-23.log
[23-Apr-2026 05:34:23 UTC] 🔔 [MERC_LOG] Inicializado logger diario: /home/u727114368/domains/mercourier.com/public_html/wp-content/merc_logs/merc-debug-2026-04-23.log
[23-Apr-2026 05:34:25 UTC] 🔔 [MERC_LOG] Inicializado logger diario: /home/u727114368/domains/mercourier.com/public_html/wp-content/merc_logs/merc-debug-2026-04-23.log
[23-Apr-2026 05:34:26 UTC] 🔔 [MERC_LOG] Inicializado logger diario: /home/u727114368/domains/mercourier.com/public_html/wp-content/merc_logs/merc-debug-2026-04-23.log
[23-Apr-2026 05:34:26 UTC] 🔔 [MERC_LOG] Inicializado logger diario: /home/u727114368/domains/mercourier.com/public_html/wp-content/merc_logs/merc-debug-2026-04-23.log
[23-Apr-2026 05:34:26 UTC] 🔵 [FILTER] filter_shipment_by_date_and_tiendaname llamado
[23-Apr-2026 05:34:26 UTC] 🔵 [FILTER] Usuario actual: 1
[23-Apr-2026 05:34:26 UTC] 🔵 [FILTER] Args iniciales: {"post_type":"wpcargo_shipment","post_status":"publish","posts_per_page":"100","paged":1,"s":"","meta_query":{"relation":"AND","0":[]},"date_query":[{"after":"2026-02-22","before":"2026-04-23","inclusive":true}]}
[23-Apr-2026 05:34:26 UTC] 🔵 [FILTER] GET params: Array
(
)

[23-Apr-2026 05:34:26 UTC] 🔵 [FILTER] Sin parámetros de fecha, aplicando HOY por defecto: 2026-04-23
[23-Apr-2026 05:34:26 UTC] 🔵 [FILTER] Fecha desde: '2026-04-23' | Fecha hasta: '2026-04-23'
[23-Apr-2026 05:34:26 UTC] 🔵 [FILTER] has_from: true | has_to: true
[23-Apr-2026 05:34:26 UTC] 🔵 [FILTER] REMOVIENDO date_query para evitar conflicto
[23-Apr-2026 05:34:26 UTC] 🔵 [FILTER] SQL Query: 
            SELECT DISTINCT p.ID 
            FROM wp_posts p
            INNER JOIN wp_postmeta pm ON p.ID = pm.post_id
            WHERE p.post_type = 'wpcargo_shipment'
            AND pm.meta_key IN ('wpcargo_pickup_date_picker', 'wpcargo_pickup_date', 'calendarenvio', 'wpcargo_fecha_envio')
            AND (STR_TO_DATE(pm.meta_value, '%d/%m/%Y') >= STR_TO_DATE('2026-04-23', '%Y-%m-%d') AND STR_TO_DATE(pm.meta_value, '%d/%m/%Y') <= STR_TO_DATE('2026-04-23', '%Y-%m-%d'))
        
[23-Apr-2026 05:34:26 UTC] 🔵 [FILTER] IDs encontrados por fecha: 0
[23-Apr-2026 05:34:26 UTC] 🔵 [FILTER] Sin resultados de fecha, forzando búsqueda vacía
[23-Apr-2026 05:34:26 UTC] 🔵 [FILTER] Args finales: {"post_type":"wpcargo_shipment","post_status":"publish","posts_per_page":"100","paged":1,"s":"","meta_query":{"relation":"AND","0":[]},"post__in":[0]}
[23-Apr-2026 05:34:26 UTC] 🔔 [MERC_LOG] Inicializado logger diario: /home/u727114368/domains/mercourier.com/public_html/wp-content/merc_logs/merc-debug-2026-04-23.log
[23-Apr-2026 05:34:26 UTC] 🔔 [MERC_LOG] Inicializado logger diario: /home/u727114368/domains/mercourier.com/public_html/wp-content/merc_logs/merc-debug-2026-04-23.log
[23-Apr-2026 05:34:32 UTC] 🔔 [MERC_LOG] Inicializado logger diario: /home/u727114368/domains/mercourier.com/public_html/wp-content/merc_logs/merc-debug-2026-04-23.log
[23-Apr-2026 05:35:24 UTC] 🔔 [MERC_LOG] Inicializado logger diario: /home/u727114368/domains/mercourier.com/public_html/wp-content/merc_logs/merc-debug-2026-04-23.log
[23-Apr-2026 05:35:24 UTC] 🔔 [MERC_LOG] Inicializado logger diario: /home/u727114368/domains/mercourier.com/public_html/wp-content/merc_logs/merc-debug-2026-04-23.log
[23-Apr-2026 05:36:00 UTC] 🔔 [MERC_LOG] Inicializado logger diario: /home/u727114368/domains/mercourier.com/public_html/wp-content/merc_logs/merc-debug-2026-04-23.log
[23-Apr-2026 05:36:00 UTC] 🔔 [MERC_LOG] Inicializado logger diario: /home/u727114368/domains/mercourier.com/public_html/wp-content/merc_logs/merc-debug-2026-04-23.log
[23-Apr-2026 05:36:03 UTC] 🔔 [MERC_LOG] Inicializado logger diario: /home/u727114368/domains/mercourier.com/public_html/wp-content/merc_logs/merc-debug-2026-04-23.log
[23-Apr-2026 05:36:09 UTC] 🔔 [MERC_LOG] Inicializado logger diario: /home/u727114368/domains/mercourier.com/public_html/wp-content/merc_logs/merc-debug-2026-04-23.log
[23-Apr-2026 05:36:10 UTC] 🔔 [MERC_LOG] Inicializado logger diario: /home/u727114368/domains/mercourier.com/public_html/wp-content/merc_logs/merc-debug-2026-04-23.log
[23-Apr-2026 05:36:12 UTC] 🔔 [MERC_LOG] Inicializado logger diario: /home/u727114368/domains/mercourier.com/public_html/wp-content/merc_logs/merc-debug-2026-04-23.log
[23-Apr-2026 05:37:06 UTC] 🔔 [MERC_LOG] Inicializado logger diario: /home/u727114368/domains/mercourier.com/public_html/wp-content/merc_logs/merc-debug-2026-04-23.log
[23-Apr-2026 05:37:06 UTC] 🔔 [MERC_LOG] Inicializado logger diario: /home/u727114368/domains/mercourier.com/public_html/wp-content/merc_logs/merc-debug-2026-04-23.log
[23-Apr-2026 05:37:10 UTC] 🔔 [MERC_LOG] Inicializado logger diario: /home/u727114368/domains/mercourier.com/public_html/wp-content/merc_logs/merc-debug-2026-04-23.log
[23-Apr-2026 05:37:13 UTC] 🔔 [MERC_LOG] Inicializado logger diario: /home/u727114368/domains/mercourier.com/public_html/wp-content/merc_logs/merc-debug-2026-04-23.log
[23-Apr-2026 05:37:22 UTC] 🔔 [MERC_LOG] Inicializado logger diario: /home/u727114368/domains/mercourier.com/public_html/wp-content/merc_logs/merc-debug-2026-04-23.log
[23-Apr-2026 05:37:27 UTC] 🔔 [MERC_LOG] Inicializado logger diario: /home/u727114368/domains/mercourier.com/public_html/wp-content/merc_logs/merc-debug-2026-04-23.log
[23-Apr-2026 05:37:40 UTC] 🔔 [MERC_LOG] Inicializado logger diario: /home/u727114368/domains/mercourier.com/public_html/wp-content/merc_logs/merc-debug-2026-04-23.log
[23-Apr-2026 05:37:40 UTC] 🔔 [MERC_LOG] Inicializado logger diario: /home/u727114368/domains/mercourier.com/public_html/wp-content/merc_logs/merc-debug-2026-04-23.log
[23-Apr-2026 05:37:43 UTC] 🔔 [MERC_LOG] Inicializado logger diario: /home/u727114368/domains/mercourier.com/public_html/wp-content/merc_logs/merc-debug-2026-04-23.log
[23-Apr-2026 05:37:44 UTC] 🔔 [MERC_LOG] Inicializado logger diario: /home/u727114368/domains/mercourier.com/public_html/wp-content/merc_logs/merc-debug-2026-04-23.log
[23-Apr-2026 05:38:39 UTC] 🔔 [MERC_LOG] Inicializado logger diario: /home/u727114368/domains/mercourier.com/public_html/wp-content/merc_logs/merc-debug-2026-04-23.log
[23-Apr-2026 05:38:40 UTC] 🔔 [MERC_LOG] Inicializado logger diario: /home/u727114368/domains/mercourier.com/public_html/wp-content/merc_logs/merc-debug-2026-04-23.log
[23-Apr-2026 05:38:40 UTC] 🔔 [MERC_LOG] Inicializado logger diario: /home/u727114368/domains/mercourier.com/public_html/wp-content/merc_logs/merc-debug-2026-04-23.log
[23-Apr-2026 05:38:44 UTC] 🔔 [MERC_LOG] Inicializado logger diario: /home/u727114368/domains/mercourier.com/public_html/wp-content/merc_logs/merc-debug-2026-04-23.log
[23-Apr-2026 05:38:45 UTC] 🔔 [MERC_LOG] Inicializado logger diario: /home/u727114368/domains/mercourier.com/public_html/wp-content/merc_logs/merc-debug-2026-04-23.log
[23-Apr-2026 05:38:52 UTC] 🔔 [MERC_LOG] Inicializado logger diario: /home/u727114368/domains/mercourier.com/public_html/wp-content/merc_logs/merc-debug-2026-04-23.log
[23-Apr-2026 05:38:58 UTC] 🔔 [MERC_LOG] Inicializado logger diario: /home/u727114368/domains/mercourier.com/public_html/wp-content/merc_logs/merc-debug-2026-04-23.log
[23-Apr-2026 05:38:59 UTC] PHP Deprecated:  ¡La función WP_User-&gt;id ha sido llamada con un argumento que está <strong>obsoleto</strong> desde la versión 2.1.0! Utiliza <code>WP_User-&gt;ID</code> en su lugar. in /home/u727114368/domains/mercourier.com/public_html/wp-includes/functions.php on line 6121
[23-Apr-2026 05:38:59 UTC] 🔍 TABLA USUARIOS - Verificando bloqueo para User #36 (correo@gmail.com)
[23-Apr-2026 05:38:59 UTC]    ✓ Es cliente WPCargo
[23-Apr-2026 05:38:59 UTC]    ✓ Función de bloqueo por envíos pendientes existe, ejecutando...
[23-Apr-2026 05:38:59 UTC] =====================================
[23-Apr-2026 05:38:59 UTC] 🔍 VERIFICANDO BLOQUEO - Cliente: #36 | Fecha: 2026-04-23
[23-Apr-2026 05:38:59 UTC] URL actual: /wpcumanage-users/
[23-Apr-2026 05:38:59 UTC] =====================================
[23-Apr-2026 05:38:59 UTC] 🔎 SQL Query: 
        SELECT 
            p.ID, 
            p.post_date,
            pm_status.meta_value as estado,
            pm_pago.meta_value as estado_pago,
            pm_fecha_reprog.meta_value as fecha_reprogramada
        FROM wp_posts p
        LEFT JOIN wp_postmeta pm_shipper 
            ON p.ID = pm_shipper.post_id 
            AND pm_shipper.meta_key = 'registered_shipper'
        LEFT JOIN wp_postmeta pm_status 
            ON p.ID = pm_status.post_id 
            AND pm_status.meta_key = 'wpcargo_status'
        LEFT JOIN wp_postmeta pm_pago 
            ON p.ID = pm_pago.post_id 
            AND pm_pago.meta_key = 'wpcargo_estado_pago_remitente'
        LEFT JOIN wp_postmeta pm_fecha_reprog 
            ON p.ID = pm_fecha_reprog.post_id 
            AND pm_fecha_reprog.meta_key = 'wpcargo_pickup_date_picker'
        WHERE p.post_type = 'wpcargo_shipment'
        AND p.post_status = 'publish'
        AND pm_shipper.meta_value = '36'
    
[23-Apr-2026 05:38:59 UTC] 📊 Total envíos del cliente (sin filtrar): 4
[23-Apr-2026 05:38:59 UTC]    📅 Envío #6601: post_date_raw='2026-02-22 15:32:45' | fecha_reprog_raw='22/2/2026' | fecha_efectiva='2026-02-22' | hoy='2026-04-23'
[23-Apr-2026 05:38:59 UTC]       ❌ NO incluido (fecha no coincide)
[23-Apr-2026 05:38:59 UTC]    📅 Envío #6602: post_date_raw='2026-02-22 15:32:45' | fecha_reprog_raw='22/2/2026' | fecha_efectiva='2026-02-22' | hoy='2026-04-23'
[23-Apr-2026 05:38:59 UTC]       ❌ NO incluido (fecha no coincide)
[23-Apr-2026 05:38:59 UTC]    📅 Envío #6603: post_date_raw='2026-02-22 15:32:45' | fecha_reprog_raw='22/2/2026' | fecha_efectiva='2026-02-22' | hoy='2026-04-23'
[23-Apr-2026 05:38:59 UTC]       ❌ NO incluido (fecha no coincide)
[23-Apr-2026 05:38:59 UTC]    📅 Envío #6604: post_date_raw='2026-02-22 15:32:45' | fecha_reprog_raw='22/2/2026' | fecha_efectiva='2026-02-22' | hoy='2026-04-23'
[23-Apr-2026 05:38:59 UTC]       ❌ NO incluido (fecha no coincide)
[23-Apr-2026 05:38:59 UTC] 📦 Total envíos encontrados para HOY: 0
[23-Apr-2026 05:38:59 UTC] ✅ PERMITIDO: Cliente #36 sin envíos hoy - Puede crear
[23-Apr-2026 05:38:59 UTC] =====================================
[23-Apr-2026 05:38:59 UTC]    📊 Bloqueo automático por envíos pendientes: NO BLOQUEADO
[23-Apr-2026 05:38:59 UTC] 🔍 [NORMAL] Verificando bloqueo para cliente #36 - Hora: 00:38
[23-Apr-2026 05:38:59 UTC] ✅ [NORMAL] PERMITIDO
[23-Apr-2026 05:38:59 UTC] 🔍 [EXPRESS] Verificando bloqueo para cliente #36 - Hora: 00:38
[23-Apr-2026 05:38:59 UTC] ✅ [EXPRESS] PERMITIDO
[23-Apr-2026 05:38:59 UTC] 🔍 [FULL_FITMENT] Verificando bloqueo para cliente #36 - Hora: 00:38
[23-Apr-2026 05:38:59 UTC] ✅ [FULL_FITMENT] PERMITIDO
[23-Apr-2026 05:38:59 UTC]    📊 Resultado final: NO BLOQUEADO
[23-Apr-2026 05:38:59 UTC] PHP Deprecated:  ¡La función WP_User-&gt;id ha sido llamada con un argumento que está <strong>obsoleto</strong> desde la versión 2.1.0! Utiliza <code>WP_User-&gt;ID</code> en su lugar. in /home/u727114368/domains/mercourier.com/public_html/wp-includes/functions.php on line 6121
[23-Apr-2026 05:38:59 UTC] 🔍 TABLA USUARIOS - Verificando bloqueo para User #2 (david)
[23-Apr-2026 05:38:59 UTC]    ℹ️ No es cliente WPCargo (roles: wpcargo_driver)
[23-Apr-2026 05:38:59 UTC] PHP Deprecated:  ¡La función WP_User-&gt;id ha sido llamada con un argumento que está <strong>obsoleto</strong> desde la versión 2.1.0! Utiliza <code>WP_User-&gt;ID</code> en su lugar. in /home/u727114368/domains/mercourier.com/public_html/wp-includes/functions.php on line 6121
[23-Apr-2026 05:38:59 UTC] 🔍 TABLA USUARIOS - Verificando bloqueo para User #3 (davidmorilloacuna@gmail.com)
[23-Apr-2026 05:38:59 UTC]    ✓ Es cliente WPCargo
[23-Apr-2026 05:38:59 UTC]    ✓ Función de bloqueo por envíos pendientes existe, ejecutando...
[23-Apr-2026 05:38:59 UTC] =====================================
[23-Apr-2026 05:38:59 UTC] 🔍 VERIFICANDO BLOQUEO - Cliente: #3 | Fecha: 2026-04-23
[23-Apr-2026 05:38:59 UTC] URL actual: /wpcumanage-users/
[23-Apr-2026 05:38:59 UTC] =====================================
[23-Apr-2026 05:38:59 UTC] 🔎 SQL Query: 
        SELECT 
            p.ID, 
            p.post_date,
            pm_status.meta_value as estado,
            pm_pago.meta_value as estado_pago,
            pm_fecha_reprog.meta_value as fecha_reprogramada
        FROM wp_posts p
        LEFT JOIN wp_postmeta pm_shipper 
            ON p.ID = pm_shipper.post_id 
            AND pm_shipper.meta_key = 'registered_shipper'
        LEFT JOIN wp_postmeta pm_status 
            ON p.ID = pm_status.post_id 
            AND pm_status.meta_key = 'wpcargo_status'
        LEFT JOIN wp_postmeta pm_pago 
            ON p.ID = pm_pago.post_id 
            AND pm_pago.meta_key = 'wpcargo_estado_pago_remitente'
        LEFT JOIN wp_postmeta pm_fecha_reprog 
            ON p.ID = pm_fecha_reprog.post_id 
            AND pm_fecha_reprog.meta_key = 'wpcargo_pickup_date_picker'
        WHERE p.post_type = 'wpcargo_shipment'
        AND p.post_status = 'publish'
        AND pm_shipper.meta_value = '3'
    
[23-Apr-2026 05:38:59 UTC] 📊 Total envíos del cliente (sin filtrar): 5
[23-Apr-2026 05:38:59 UTC]    📅 Envío #6584: post_date_raw='2026-02-21 14:30:19' | fecha_reprog_raw='21/02/2026' | fecha_efectiva='2026-02-21' | hoy='2026-04-23'
[23-Apr-2026 05:38:59 UTC]       ❌ NO incluido (fecha no coincide)
[23-Apr-2026 05:38:59 UTC]    📅 Envío #6641: post_date_raw='2026-02-22 21:51:11' | fecha_reprog_raw='22/2/2026' | fecha_efectiva='2026-02-22' | hoy='2026-04-23'
[23-Apr-2026 05:38:59 UTC]       ❌ NO incluido (fecha no coincide)
[23-Apr-2026 05:38:59 UTC]    📅 Envío #6642: post_date_raw='2026-02-22 21:51:11' | fecha_reprog_raw='22/2/2026' | fecha_efectiva='2026-02-22' | hoy='2026-04-23'
[23-Apr-2026 05:38:59 UTC]       ❌ NO incluido (fecha no coincide)
[23-Apr-2026 05:38:59 UTC]    📅 Envío #6643: post_date_raw='2026-02-22 21:51:11' | fecha_reprog_raw='22/2/2026' | fecha_efectiva='2026-02-22' | hoy='2026-04-23'
[23-Apr-2026 05:38:59 UTC]       ❌ NO incluido (fecha no coincide)
[23-Apr-2026 05:38:59 UTC]    📅 Envío #6644: post_date_raw='2026-02-22 21:51:11' | fecha_reprog_raw='22/2/2026' | fecha_efectiva='2026-02-22' | hoy='2026-04-23'
[23-Apr-2026 05:38:59 UTC]       ❌ NO incluido (fecha no coincide)
[23-Apr-2026 05:38:59 UTC] 📦 Total envíos encontrados para HOY: 0
[23-Apr-2026 05:38:59 UTC] ✅ PERMITIDO: Cliente #3 sin envíos hoy - Puede crear
[23-Apr-2026 05:38:59 UTC] =====================================
[23-Apr-2026 05:38:59 UTC]    📊 Bloqueo automático por envíos pendientes: NO BLOQUEADO
[23-Apr-2026 05:38:59 UTC] 🔍 [NORMAL] Verificando bloqueo para cliente #3 - Hora: 00:38
[23-Apr-2026 05:38:59 UTC] ✅ [NORMAL] PERMITIDO
[23-Apr-2026 05:38:59 UTC] 🔍 [EXPRESS] Verificando bloqueo para cliente #3 - Hora: 00:38
[23-Apr-2026 05:38:59 UTC] ✅ [EXPRESS] PERMITIDO
[23-Apr-2026 05:38:59 UTC] 🔍 [FULL_FITMENT] Verificando bloqueo para cliente #3 - Hora: 00:38
[23-Apr-2026 05:38:59 UTC] ✅ [FULL_FITMENT] PERMITIDO
[23-Apr-2026 05:38:59 UTC]    📊 Resultado final: NO BLOQUEADO
[23-Apr-2026 05:38:59 UTC] PHP Deprecated:  ¡La función WP_User-&gt;id ha sido llamada con un argumento que está <strong>obsoleto</strong> desde la versión 2.1.0! Utiliza <code>WP_User-&gt;ID</code> en su lugar. in /home/u727114368/domains/mercourier.com/public_html/wp-includes/functions.php on line 6121
[23-Apr-2026 05:38:59 UTC] 🔍 TABLA USUARIOS - Verificando bloqueo para User #18 (diffcode10@gmail.com)
[23-Apr-2026 05:38:59 UTC]    ✓ Es cliente WPCargo
[23-Apr-2026 05:38:59 UTC]    ✓ Función de bloqueo por envíos pendientes existe, ejecutando...
[23-Apr-2026 05:38:59 UTC] =====================================
[23-Apr-2026 05:38:59 UTC] 🔍 VERIFICANDO BLOQUEO - Cliente: #18 | Fecha: 2026-04-23
[23-Apr-2026 05:38:59 UTC] URL actual: /wpcumanage-users/
[23-Apr-2026 05:38:59 UTC] =====================================
[23-Apr-2026 05:38:59 UTC] 🔎 SQL Query: 
        SELECT 
            p.ID, 
            p.post_date,
            pm_status.meta_value as estado,
            pm_pago.meta_value as estado_pago,
            pm_fecha_reprog.meta_value as fecha_reprogramada
        FROM wp_posts p
        LEFT JOIN wp_postmeta pm_shipper 
            ON p.ID = pm_shipper.post_id 
            AND pm_shipper.meta_key = 'registered_shipper'
        LEFT JOIN wp_postmeta pm_status 
            ON p.ID = pm_status.post_id 
            AND pm_status.meta_key = 'wpcargo_status'
        LEFT JOIN wp_postmeta pm_pago 
            ON p.ID = pm_pago.post_id 
            AND pm_pago.meta_key = 'wpcargo_estado_pago_remitente'
        LEFT JOIN wp_postmeta pm_fecha_reprog 
            ON p.ID = pm_fecha_reprog.post_id 
            AND pm_fecha_reprog.meta_key = 'wpcargo_pickup_date_picker'
        WHERE p.post_type = 'wpcargo_shipment'
        AND p.post_status = 'publish'
        AND pm_shipper.meta_value = '18'
    
[23-Apr-2026 05:38:59 UTC] 📊 Total envíos del cliente (sin filtrar): 0
[23-Apr-2026 05:38:59 UTC] 📦 Total envíos encontrados para HOY: 0
[23-Apr-2026 05:38:59 UTC] ✅ PERMITIDO: Cliente #18 sin envíos hoy - Puede crear
[23-Apr-2026 05:38:59 UTC] =====================================
[23-Apr-2026 05:38:59 UTC]    📊 Bloqueo automático por envíos pendientes: NO BLOQUEADO
[23-Apr-2026 05:38:59 UTC] 🔍 [NORMAL] Verificando bloqueo para cliente #18 - Hora: 00:38
[23-Apr-2026 05:38:59 UTC] ✅ [NORMAL] PERMITIDO
[23-Apr-2026 05:38:59 UTC] 🔍 [EXPRESS] Verificando bloqueo para cliente #18 - Hora: 00:38
[23-Apr-2026 05:38:59 UTC] ✅ [EXPRESS] PERMITIDO
[23-Apr-2026 05:38:59 UTC] 🔍 [FULL_FITMENT] Verificando bloqueo para cliente #18 - Hora: 00:38
[23-Apr-2026 05:38:59 UTC] ✅ [FULL_FITMENT] PERMITIDO
[23-Apr-2026 05:38:59 UTC]    📊 Resultado final: NO BLOQUEADO
[23-Apr-2026 05:38:59 UTC] PHP Deprecated:  ¡La función WP_User-&gt;id ha sido llamada con un argumento que está <strong>obsoleto</strong> desde la versión 2.1.0! Utiliza <code>WP_User-&gt;ID</code> en su lugar. in /home/u727114368/domains/mercourier.com/public_html/wp-includes/functions.php on line 6121
[23-Apr-2026 05:38:59 UTC] 🔍 TABLA USUARIOS - Verificando bloqueo para User #23 (gcavdahunEr@seoflagman.ru)
[23-Apr-2026 05:38:59 UTC]    ✓ Es cliente WPCargo
[23-Apr-2026 05:38:59 UTC]    ✓ Función de bloqueo por envíos pendientes existe, ejecutando...
[23-Apr-2026 05:38:59 UTC] =====================================
[23-Apr-2026 05:38:59 UTC] 🔍 VERIFICANDO BLOQUEO - Cliente: #23 | Fecha: 2026-04-23
[23-Apr-2026 05:38:59 UTC] URL actual: /wpcumanage-users/
[23-Apr-2026 05:38:59 UTC] =====================================
[23-Apr-2026 05:38:59 UTC] 🔎 SQL Query: 
        SELECT 
            p.ID, 
            p.post_date,
            pm_status.meta_value as estado,
            pm_pago.meta_value as estado_pago,
            pm_fecha_reprog.meta_value as fecha_reprogramada
        FROM wp_posts p
        LEFT JOIN wp_postmeta pm_shipper 
            ON p.ID = pm_shipper.post_id 
            AND pm_shipper.meta_key = 'registered_shipper'
        LEFT JOIN wp_postmeta pm_status 
            ON p.ID = pm_status.post_id 
            AND pm_status.meta_key = 'wpcargo_status'
        LEFT JOIN wp_postmeta pm_pago 
            ON p.ID = pm_pago.post_id 
            AND pm_pago.meta_key = 'wpcargo_estado_pago_remitente'
        LEFT JOIN wp_postmeta pm_fecha_reprog 
            ON p.ID = pm_fecha_reprog.post_id 
            AND pm_fecha_reprog.meta_key = 'wpcargo_pickup_date_picker'
        WHERE p.post_type = 'wpcargo_shipment'
        AND p.post_status = 'publish'
        AND pm_shipper.meta_value = '23'
    
[23-Apr-2026 05:38:59 UTC] 📊 Total envíos del cliente (sin filtrar): 0
[23-Apr-2026 05:38:59 UTC] 📦 Total envíos encontrados para HOY: 0
[23-Apr-2026 05:38:59 UTC] ✅ PERMITIDO: Cliente #23 sin envíos hoy - Puede crear
[23-Apr-2026 05:38:59 UTC] =====================================
[23-Apr-2026 05:38:59 UTC]    📊 Bloqueo automático por envíos pendientes: NO BLOQUEADO
[23-Apr-2026 05:38:59 UTC] 🔍 [NORMAL] Verificando bloqueo para cliente #23 - Hora: 00:38
[23-Apr-2026 05:38:59 UTC] ✅ [NORMAL] PERMITIDO
[23-Apr-2026 05:38:59 UTC] 🔍 [EXPRESS] Verificando bloqueo para cliente #23 - Hora: 00:38
[23-Apr-2026 05:38:59 UTC] ✅ [EXPRESS] PERMITIDO
[23-Apr-2026 05:38:59 UTC] 🔍 [FULL_FITMENT] Verificando bloqueo para cliente #23 - Hora: 00:38
[23-Apr-2026 05:38:59 UTC] ✅ [FULL_FITMENT] PERMITIDO
[23-Apr-2026 05:38:59 UTC]    📊 Resultado final: NO BLOQUEADO
[23-Apr-2026 05:38:59 UTC] PHP Deprecated:  ¡La función WP_User-&gt;id ha sido llamada con un argumento que está <strong>obsoleto</strong> desde la versión 2.1.0! Utiliza <code>WP_User-&gt;ID</code> en su lugar. in /home/u727114368/domains/mercourier.com/public_html/wp-includes/functions.php on line 6121
[23-Apr-2026 05:38:59 UTC] 🔍 TABLA USUARIOS - Verificando bloqueo para User #29 (giuseepiggwp@gmail.com)
[23-Apr-2026 05:38:59 UTC]    ℹ️ No es cliente WPCargo (roles: wpcargo_pending_client)
[23-Apr-2026 05:38:59 UTC] PHP Deprecated:  ¡La función WP_User-&gt;id ha sido llamada con un argumento que está <strong>obsoleto</strong> desde la versión 2.1.0! Utiliza <code>WP_User-&gt;ID</code> en su lugar. in /home/u727114368/domains/mercourier.com/public_html/wp-includes/functions.php on line 6121
[23-Apr-2026 05:38:59 UTC] 🔍 TABLA USUARIOS - Verificando bloqueo para User #24 (grissel.6@gmail.com)
[23-Apr-2026 05:38:59 UTC]    ✓ Es cliente WPCargo
[23-Apr-2026 05:38:59 UTC]    ✓ Función de bloqueo por envíos pendientes existe, ejecutando...
[23-Apr-2026 05:38:59 UTC] =====================================
[23-Apr-2026 05:38:59 UTC] 🔍 VERIFICANDO BLOQUEO - Cliente: #24 | Fecha: 2026-04-23
[23-Apr-2026 05:38:59 UTC] URL actual: /wpcumanage-users/
[23-Apr-2026 05:38:59 UTC] =====================================
[23-Apr-2026 05:38:59 UTC] 🔎 SQL Query: 
        SELECT 
            p.ID, 
            p.post_date,
            pm_status.meta_value as estado,
            pm_pago.meta_value as estado_pago,
            pm_fecha_reprog.meta_value as fecha_reprogramada
        FROM wp_posts p
        LEFT JOIN wp_postmeta pm_shipper 
            ON p.ID = pm_shipper.post_id 
            AND pm_shipper.meta_key = 'registered_shipper'
        LEFT JOIN wp_postmeta pm_status 
            ON p.ID = pm_status.post_id 
            AND pm_status.meta_key = 'wpcargo_status'
        LEFT JOIN wp_postmeta pm_pago 
            ON p.ID = pm_pago.post_id 
            AND pm_pago.meta_key = 'wpcargo_estado_pago_remitente'
        LEFT JOIN wp_postmeta pm_fecha_reprog 
            ON p.ID = pm_fecha_reprog.post_id 
            AND pm_fecha_reprog.meta_key = 'wpcargo_pickup_date_picker'
        WHERE p.post_type = 'wpcargo_shipment'
        AND p.post_status = 'publish'
        AND pm_shipper.meta_value = '24'
    
[23-Apr-2026 05:38:59 UTC] 📊 Total envíos del cliente (sin filtrar): 0
[23-Apr-2026 05:38:59 UTC] 📦 Total envíos encontrados para HOY: 0
[23-Apr-2026 05:38:59 UTC] ✅ PERMITIDO: Cliente #24 sin envíos hoy - Puede crear
[23-Apr-2026 05:38:59 UTC] =====================================
[23-Apr-2026 05:38:59 UTC]    📊 Bloqueo automático por envíos pendientes: NO BLOQUEADO
[23-Apr-2026 05:38:59 UTC] 🔍 [NORMAL] Verificando bloqueo para cliente #24 - Hora: 00:38
[23-Apr-2026 05:38:59 UTC] ✅ [NORMAL] PERMITIDO
[23-Apr-2026 05:38:59 UTC] 🔍 [EXPRESS] Verificando bloqueo para cliente #24 - Hora: 00:38
[23-Apr-2026 05:38:59 UTC] ✅ [EXPRESS] PERMITIDO
[23-Apr-2026 05:38:59 UTC] 🔍 [FULL_FITMENT] Verificando bloqueo para cliente #24 - Hora: 00:38
[23-Apr-2026 05:38:59 UTC] ✅ [FULL_FITMENT] PERMITIDO
[23-Apr-2026 05:38:59 UTC]    📊 Resultado final: NO BLOQUEADO
[23-Apr-2026 05:38:59 UTC] PHP Deprecated:  ¡La función WP_User-&gt;id ha sido llamada con un argumento que está <strong>obsoleto</strong> desde la versión 2.1.0! Utiliza <code>WP_User-&gt;ID</code> en su lugar. in /home/u727114368/domains/mercourier.com/public_html/wp-includes/functions.php on line 6121
[23-Apr-2026 05:38:59 UTC] 🔍 TABLA USUARIOS - Verificando bloqueo para User #12 (haroldalvaradotineo@gmail.com)
[23-Apr-2026 05:38:59 UTC]    ℹ️ No es cliente WPCargo (roles: wpcargo_driver)
[23-Apr-2026 05:38:59 UTC] PHP Deprecated:  ¡La función WP_User-&gt;id ha sido llamada con un argumento que está <strong>obsoleto</strong> desde la versión 2.1.0! Utiliza <code>WP_User-&gt;ID</code> en su lugar. in /home/u727114368/domains/mercourier.com/public_html/wp-includes/functions.php on line 6121
[23-Apr-2026 05:38:59 UTC] 🔍 TABLA USUARIOS - Verificando bloqueo para User #34 (isaiasjossep.sanchezgutierrez@gmail.com)
[23-Apr-2026 05:38:59 UTC]    ✓ Es cliente WPCargo
[23-Apr-2026 05:38:59 UTC]    ✓ Función de bloqueo por envíos pendientes existe, ejecutando...
[23-Apr-2026 05:38:59 UTC] =====================================
[23-Apr-2026 05:38:59 UTC] 🔍 VERIFICANDO BLOQUEO - Cliente: #34 | Fecha: 2026-04-23
[23-Apr-2026 05:38:59 UTC] URL actual: /wpcumanage-users/
[23-Apr-2026 05:38:59 UTC] =====================================
[23-Apr-2026 05:38:59 UTC] 🔎 SQL Query: 
        SELECT 
            p.ID, 
            p.post_date,
            pm_status.meta_value as estado,
            pm_pago.meta_value as estado_pago,
            pm_fecha_reprog.meta_value as fecha_reprogramada
        FROM wp_posts p
        LEFT JOIN wp_postmeta pm_shipper 
            ON p.ID = pm_shipper.post_id 
            AND pm_shipper.meta_key = 'registered_shipper'
        LEFT JOIN wp_postmeta pm_status 
            ON p.ID = pm_status.post_id 
            AND pm_status.meta_key = 'wpcargo_status'
        LEFT JOIN wp_postmeta pm_pago 
            ON p.ID = pm_pago.post_id 
            AND pm_pago.meta_key = 'wpcargo_estado_pago_remitente'
        LEFT JOIN wp_postmeta pm_fecha_reprog 
            ON p.ID = pm_fecha_reprog.post_id 
            AND pm_fecha_reprog.meta_key = 'wpcargo_pickup_date_picker'
        WHERE p.post_type = 'wpcargo_shipment'
        AND p.post_status = 'publish'
        AND pm_shipper.meta_value = '34'
    
[23-Apr-2026 05:38:59 UTC] 📊 Total envíos del cliente (sin filtrar): 0
[23-Apr-2026 05:38:59 UTC] 📦 Total envíos encontrados para HOY: 0
[23-Apr-2026 05:38:59 UTC] ✅ PERMITIDO: Cliente #34 sin envíos hoy - Puede crear
[23-Apr-2026 05:38:59 UTC] =====================================
[23-Apr-2026 05:38:59 UTC]    📊 Bloqueo automático por envíos pendientes: NO BLOQUEADO
[23-Apr-2026 05:38:59 UTC] 🔍 [NORMAL] Verificando bloqueo para cliente #34 - Hora: 00:38
[23-Apr-2026 05:38:59 UTC] ✅ [NORMAL] PERMITIDO
[23-Apr-2026 05:38:59 UTC] 🔍 [EXPRESS] Verificando bloqueo para cliente #34 - Hora: 00:38
[23-Apr-2026 05:38:59 UTC] ✅ [EXPRESS] PERMITIDO
[23-Apr-2026 05:38:59 UTC] 🔍 [FULL_FITMENT] Verificando bloqueo para cliente #34 - Hora: 00:38
[23-Apr-2026 05:38:59 UTC] ✅ [FULL_FITMENT] PERMITIDO
[23-Apr-2026 05:38:59 UTC]    📊 Resultado final: NO BLOQUEADO
[23-Apr-2026 05:38:59 UTC] PHP Deprecated:  ¡La función WP_User-&gt;id ha sido llamada con un argumento que está <strong>obsoleto</strong> desde la versión 2.1.0! Utiliza <code>WP_User-&gt;ID</code> en su lugar. in /home/u727114368/domains/mercourier.com/public_html/wp-includes/functions.php on line 6121
[23-Apr-2026 05:38:59 UTC] 🔍 TABLA USUARIOS - Verificando bloqueo para User #14 (isaiasjossepsg@gmail.com)
[23-Apr-2026 05:38:59 UTC]    ℹ️ No es cliente WPCargo (roles: wpcargo_driver)
[23-Apr-2026 05:38:59 UTC] PHP Deprecated:  ¡La función WP_User-&gt;id ha sido llamada con un argumento que está <strong>obsoleto</strong> desde la versión 2.1.0! Utiliza <code>WP_User-&gt;ID</code> en su lugar. in /home/u727114368/domains/mercourier.com/public_html/wp-includes/functions.php on line 6121
[23-Apr-2026 05:38:59 UTC] 🔍 TABLA USUARIOS - Verificando bloqueo para User #35 (jojodeab@gmail.com)
[23-Apr-2026 05:38:59 UTC]    ℹ️ No es cliente WPCargo (roles: wpcargo_pending_client)
[23-Apr-2026 05:38:59 UTC] PHP Deprecated:  ¡La función WP_User-&gt;id ha sido llamada con un argumento que está <strong>obsoleto</strong> desde la versión 2.1.0! Utiliza <code>WP_User-&gt;ID</code> en su lugar. in /home/u727114368/domains/mercourier.com/public_html/wp-includes/functions.php on line 6121
[23-Apr-2026 05:38:59 UTC] 🔍 TABLA USUARIOS - Verificando bloqueo para User #25 (marisabel_16_02@hotmail.com)
[23-Apr-2026 05:38:59 UTC]    ✓ Es cliente WPCargo
[23-Apr-2026 05:38:59 UTC]    ✓ Función de bloqueo por envíos pendientes existe, ejecutando...
[23-Apr-2026 05:38:59 UTC] =====================================
[23-Apr-2026 05:38:59 UTC] 🔍 VERIFICANDO BLOQUEO - Cliente: #25 | Fecha: 2026-04-23
[23-Apr-2026 05:38:59 UTC] URL actual: /wpcumanage-users/
[23-Apr-2026 05:38:59 UTC] =====================================
[23-Apr-2026 05:38:59 UTC] 🔎 SQL Query: 
        SELECT 
            p.ID, 
            p.post_date,
            pm_status.meta_value as estado,
            pm_pago.meta_value as estado_pago,
            pm_fecha_reprog.meta_value as fecha_reprogramada
        FROM wp_posts p
        LEFT JOIN wp_postmeta pm_shipper 
            ON p.ID = pm_shipper.post_id 
            AND pm_shipper.meta_key = 'registered_shipper'
        LEFT JOIN wp_postmeta pm_status 
            ON p.ID = pm_status.post_id 
            AND pm_status.meta_key = 'wpcargo_status'
        LEFT JOIN wp_postmeta pm_pago 
            ON p.ID = pm_pago.post_id 
            AND pm_pago.meta_key = 'wpcargo_estado_pago_remitente'
        LEFT JOIN wp_postmeta pm_fecha_reprog 
            ON p.ID = pm_fecha_reprog.post_id 
            AND pm_fecha_reprog.meta_key = 'wpcargo_pickup_date_picker'
        WHERE p.post_type = 'wpcargo_shipment'
        AND p.post_status = 'publish'
        AND pm_shipper.meta_value = '25'
    
[23-Apr-2026 05:38:59 UTC] 📊 Total envíos del cliente (sin filtrar): 0
[23-Apr-2026 05:38:59 UTC] 📦 Total envíos encontrados para HOY: 0
[23-Apr-2026 05:38:59 UTC] ✅ PERMITIDO: Cliente #25 sin envíos hoy - Puede crear
[23-Apr-2026 05:38:59 UTC] =====================================
[23-Apr-2026 05:38:59 UTC]    📊 Bloqueo automático por envíos pendientes: NO BLOQUEADO
[23-Apr-2026 05:38:59 UTC] 🔍 [NORMAL] Verificando bloqueo para cliente #25 - Hora: 00:38
[23-Apr-2026 05:38:59 UTC] ✅ [NORMAL] PERMITIDO
[23-Apr-2026 05:38:59 UTC] 🔍 [EXPRESS] Verificando bloqueo para cliente #25 - Hora: 00:38
[23-Apr-2026 05:38:59 UTC] ✅ [EXPRESS] PERMITIDO
[23-Apr-2026 05:38:59 UTC] 🔍 [FULL_FITMENT] Verificando bloqueo para cliente #25 - Hora: 00:38
[23-Apr-2026 05:38:59 UTC] ✅ [FULL_FITMENT] PERMITIDO
[23-Apr-2026 05:38:59 UTC]    📊 Resultado final: NO BLOQUEADO
[23-Apr-2026 05:38:59 UTC] PHP Deprecated:  ¡La función WP_User-&gt;id ha sido llamada con un argumento que está <strong>obsoleto</strong> desde la versión 2.1.0! Utiliza <code>WP_User-&gt;ID</code> en su lugar. in /home/u727114368/domains/mercourier.com/public_html/wp-includes/functions.php on line 6121
[23-Apr-2026 05:38:59 UTC] 🔍 TABLA USUARIOS - Verificando bloqueo para User #26 (MIRELLAVU6@GMAIL.COM)
[23-Apr-2026 05:38:59 UTC]    ✓ Es cliente WPCargo
[23-Apr-2026 05:38:59 UTC]    ✓ Función de bloqueo por envíos pendientes existe, ejecutando...
[23-Apr-2026 05:38:59 UTC] =====================================
[23-Apr-2026 05:38:59 UTC] 🔍 VERIFICANDO BLOQUEO - Cliente: #26 | Fecha: 2026-04-23
[23-Apr-2026 05:38:59 UTC] URL actual: /wpcumanage-users/
[23-Apr-2026 05:38:59 UTC] =====================================
[23-Apr-2026 05:38:59 UTC] 🔎 SQL Query: 
        SELECT 
            p.ID, 
            p.post_date,
            pm_status.meta_value as estado,
            pm_pago.meta_value as estado_pago,
            pm_fecha_reprog.meta_value as fecha_reprogramada
        FROM wp_posts p
        LEFT JOIN wp_postmeta pm_shipper 
            ON p.ID = pm_shipper.post_id 
            AND pm_shipper.meta_key = 'registered_shipper'
        LEFT JOIN wp_postmeta pm_status 
            ON p.ID = pm_status.post_id 
            AND pm_status.meta_key = 'wpcargo_status'
        LEFT JOIN wp_postmeta pm_pago 
            ON p.ID = pm_pago.post_id 
            AND pm_pago.meta_key = 'wpcargo_estado_pago_remitente'
        LEFT JOIN wp_postmeta pm_fecha_reprog 
            ON p.ID = pm_fecha_reprog.post_id 
            AND pm_fecha_reprog.meta_key = 'wpcargo_pickup_date_picker'
        WHERE p.post_type = 'wpcargo_shipment'
        AND p.post_status = 'publish'
        AND pm_shipper.meta_value = '26'
    
[23-Apr-2026 05:38:59 UTC] 📊 Total envíos del cliente (sin filtrar): 0
[23-Apr-2026 05:38:59 UTC] 📦 Total envíos encontrados para HOY: 0
[23-Apr-2026 05:38:59 UTC] ✅ PERMITIDO: Cliente #26 sin envíos hoy - Puede crear
[23-Apr-2026 05:38:59 UTC] =====================================
[23-Apr-2026 05:38:59 UTC]    📊 Bloqueo automático por envíos pendientes: NO BLOQUEADO
[23-Apr-2026 05:38:59 UTC] 🔍 [NORMAL] Verificando bloqueo para cliente #26 - Hora: 00:38
[23-Apr-2026 05:38:59 UTC] ✅ [NORMAL] PERMITIDO
[23-Apr-2026 05:38:59 UTC] 🔍 [EXPRESS] Verificando bloqueo para cliente #26 - Hora: 00:38
[23-Apr-2026 05:38:59 UTC] ✅ [EXPRESS] PERMITIDO
[23-Apr-2026 05:38:59 UTC] 🔍 [FULL_FITMENT] Verificando bloqueo para cliente #26 - Hora: 00:38
[23-Apr-2026 05:38:59 UTC] ✅ [FULL_FITMENT] PERMITIDO
[23-Apr-2026 05:38:59 UTC]    📊 Resultado final: NO BLOQUEADO
[23-Apr-2026 05:38:59 UTC] PHP Deprecated:  ¡La función WP_User-&gt;id ha sido llamada con un argumento que está <strong>obsoleto</strong> desde la versión 2.1.0! Utiliza <code>WP_User-&gt;ID</code> en su lugar. in /home/u727114368/domains/mercourier.com/public_html/wp-includes/functions.php on line 6121
[23-Apr-2026 05:38:59 UTC] 🔍 TABLA USUARIOS - Verificando bloqueo para User #32 (motoejemplo)
[23-Apr-2026 05:38:59 UTC]    ℹ️ No es cliente WPCargo (roles: wpcargo_driver)
[23-Apr-2026 05:38:59 UTC] PHP Deprecated:  ¡La función WP_User-&gt;id ha sido llamada con un argumento que está <strong>obsoleto</strong> desde la versión 2.1.0! Utiliza <code>WP_User-&gt;ID</code> en su lugar. in /home/u727114368/domains/mercourier.com/public_html/wp-includes/functions.php on line 6121
[23-Apr-2026 05:38:59 UTC] 🔍 TABLA USUARIOS - Verificando bloqueo para User #5 (motorizado2)
[23-Apr-2026 05:38:59 UTC]    ℹ️ No es cliente WPCargo (roles: wpcargo_driver)
[23-Apr-2026 05:38:59 UTC] PHP Deprecated:  ¡La función WP_User-&gt;id ha sido llamada con un argumento que está <strong>obsoleto</strong> desde la versión 2.1.0! Utiliza <code>WP_User-&gt;ID</code> en su lugar. in /home/u727114368/domains/mercourier.com/public_html/wp-includes/functions.php on line 6121
[23-Apr-2026 05:38:59 UTC] 🔍 TABLA USUARIOS - Verificando bloqueo para User #33 (mrbrewerperu@gmail.com)
[23-Apr-2026 05:38:59 UTC]    ℹ️ No es cliente WPCargo (roles: wpcargo_pending_client)
[23-Apr-2026 05:38:59 UTC] PHP Deprecated:  ¡La función WP_User-&gt;id ha sido llamada con un argumento que está <strong>obsoleto</strong> desde la versión 2.1.0! Utiliza <code>WP_User-&gt;ID</code> en su lugar. in /home/u727114368/domains/mercourier.com/public_html/wp-includes/functions.php on line 6121
[23-Apr-2026 05:38:59 UTC] 🔍 TABLA USUARIOS - Verificando bloqueo para User #16 (Piero)
[23-Apr-2026 05:38:59 UTC]    ✓ Es cliente WPCargo
[23-Apr-2026 05:38:59 UTC]    ✓ Función de bloqueo por envíos pendientes existe, ejecutando...
[23-Apr-2026 05:38:59 UTC] =====================================
[23-Apr-2026 05:38:59 UTC] 🔍 VERIFICANDO BLOQUEO - Cliente: #16 | Fecha: 2026-04-23
[23-Apr-2026 05:38:59 UTC] URL actual: /wpcumanage-users/
[23-Apr-2026 05:38:59 UTC] =====================================
[23-Apr-2026 05:38:59 UTC] 🔎 SQL Query: 
        SELECT 
            p.ID, 
            p.post_date,
            pm_status.meta_value as estado,
            pm_pago.meta_value as estado_pago,
            pm_fecha_reprog.meta_value as fecha_reprogramada
        FROM wp_posts p
        LEFT JOIN wp_postmeta pm_shipper 
            ON p.ID = pm_shipper.post_id 
            AND pm_shipper.meta_key = 'registered_shipper'
        LEFT JOIN wp_postmeta pm_status 
            ON p.ID = pm_status.post_id 
            AND pm_status.meta_key = 'wpcargo_status'
        LEFT JOIN wp_postmeta pm_pago 
            ON p.ID = pm_pago.post_id 
            AND pm_pago.meta_key = 'wpcargo_estado_pago_remitente'
        LEFT JOIN wp_postmeta pm_fecha_reprog 
            ON p.ID = pm_fecha_reprog.post_id 
            AND pm_fecha_reprog.meta_key = 'wpcargo_pickup_date_picker'
        WHERE p.post_type = 'wpcargo_shipment'
        AND p.post_status = 'publish'
        AND pm_shipper.meta_value = '16'
    
[23-Apr-2026 05:38:59 UTC] 📊 Total envíos del cliente (sin filtrar): 4
[23-Apr-2026 05:38:59 UTC]    📅 Envío #6592: post_date_raw='2026-02-21 15:08:10' | fecha_reprog_raw='23/2/2026' | fecha_efectiva='2026-02-23' | hoy='2026-04-23'
[23-Apr-2026 05:38:59 UTC]       ❌ NO incluido (fecha no coincide)
[23-Apr-2026 05:38:59 UTC]    📅 Envío #6593: post_date_raw='2026-02-21 15:08:10' | fecha_reprog_raw='23/2/2026' | fecha_efectiva='2026-02-23' | hoy='2026-04-23'
[23-Apr-2026 05:38:59 UTC]       ❌ NO incluido (fecha no coincide)
[23-Apr-2026 05:38:59 UTC]    📅 Envío #6594: post_date_raw='2026-02-21 15:08:10' | fecha_reprog_raw='23/2/2026' | fecha_efectiva='2026-02-23' | hoy='2026-04-23'
[23-Apr-2026 05:38:59 UTC]       ❌ NO incluido (fecha no coincide)
[23-Apr-2026 05:38:59 UTC]    📅 Envío #6595: post_date_raw='2026-02-21 15:08:10' | fecha_reprog_raw='23/2/2026' | fecha_efectiva='2026-02-23' | hoy='2026-04-23'
[23-Apr-2026 05:38:59 UTC]       ❌ NO incluido (fecha no coincide)
[23-Apr-2026 05:38:59 UTC] 📦 Total envíos encontrados para HOY: 0
[23-Apr-2026 05:38:59 UTC] ✅ PERMITIDO: Cliente #16 sin envíos hoy - Puede crear
[23-Apr-2026 05:38:59 UTC] =====================================
[23-Apr-2026 05:38:59 UTC]    📊 Bloqueo automático por envíos pendientes: NO BLOQUEADO
[23-Apr-2026 05:38:59 UTC] 🔍 [NORMAL] Verificando bloqueo para cliente #16 - Hora: 00:38
[23-Apr-2026 05:38:59 UTC] ✅ [NORMAL] PERMITIDO
[23-Apr-2026 05:38:59 UTC] 🔍 [EXPRESS] Verificando bloqueo para cliente #16 - Hora: 00:38
[23-Apr-2026 05:38:59 UTC] ✅ [EXPRESS] PERMITIDO
[23-Apr-2026 05:38:59 UTC] 🔍 [FULL_FITMENT] Verificando bloqueo para cliente #16 - Hora: 00:38
[23-Apr-2026 05:38:59 UTC] ✅ [FULL_FITMENT] PERMITIDO
[23-Apr-2026 05:38:59 UTC]    📊 Resultado final: NO BLOQUEADO
[23-Apr-2026 05:38:59 UTC] PHP Deprecated:  ¡La función WP_User-&gt;id ha sido llamada con un argumento que está <strong>obsoleto</strong> desde la versión 2.1.0! Utiliza <code>WP_User-&gt;ID</code> en su lugar. in /home/u727114368/domains/mercourier.com/public_html/wp-includes/functions.php on line 6121
[23-Apr-2026 05:38:59 UTC] 🔍 TABLA USUARIOS - Verificando bloqueo para User #4 (pieropaguada@gmail.com)
[23-Apr-2026 05:38:59 UTC]    ✓ Es cliente WPCargo
[23-Apr-2026 05:38:59 UTC]    ✓ Función de bloqueo por envíos pendientes existe, ejecutando...
[23-Apr-2026 05:38:59 UTC] =====================================
[23-Apr-2026 05:38:59 UTC] 🔍 VERIFICANDO BLOQUEO - Cliente: #4 | Fecha: 2026-04-23
[23-Apr-2026 05:38:59 UTC] URL actual: /wpcumanage-users/
[23-Apr-2026 05:38:59 UTC] =====================================
[23-Apr-2026 05:38:59 UTC] 🔎 SQL Query: 
        SELECT 
            p.ID, 
            p.post_date,
            pm_status.meta_value as estado,
            pm_pago.meta_value as estado_pago,
            pm_fecha_reprog.meta_value as fecha_reprogramada
        FROM wp_posts p
        LEFT JOIN wp_postmeta pm_shipper 
            ON p.ID = pm_shipper.post_id 
            AND pm_shipper.meta_key = 'registered_shipper'
        LEFT JOIN wp_postmeta pm_status 
            ON p.ID = pm_status.post_id 
            AND pm_status.meta_key = 'wpcargo_status'
        LEFT JOIN wp_postmeta pm_pago 
            ON p.ID = pm_pago.post_id 
            AND pm_pago.meta_key = 'wpcargo_estado_pago_remitente'
        LEFT JOIN wp_postmeta pm_fecha_reprog 
            ON p.ID = pm_fecha_reprog.post_id 
            AND pm_fecha_reprog.meta_key = 'wpcargo_pickup_date_picker'
        WHERE p.post_type = 'wpcargo_shipment'
        AND p.post_status = 'publish'
        AND pm_shipper.meta_value = '4'
    
[23-Apr-2026 05:38:59 UTC] 📊 Total envíos del cliente (sin filtrar): 0
[23-Apr-2026 05:38:59 UTC] 📦 Total envíos encontrados para HOY: 0
[23-Apr-2026 05:38:59 UTC] ✅ PERMITIDO: Cliente #4 sin envíos hoy - Puede crear
[23-Apr-2026 05:38:59 UTC] =====================================
[23-Apr-2026 05:38:59 UTC]    📊 Bloqueo automático por envíos pendientes: NO BLOQUEADO
[23-Apr-2026 05:38:59 UTC] 🔍 [NORMAL] Verificando bloqueo para cliente #4 - Hora: 00:38
[23-Apr-2026 05:38:59 UTC] ✅ [NORMAL] PERMITIDO
[23-Apr-2026 05:38:59 UTC] 🔍 [EXPRESS] Verificando bloqueo para cliente #4 - Hora: 00:38
[23-Apr-2026 05:38:59 UTC] ✅ [EXPRESS] PERMITIDO
[23-Apr-2026 05:38:59 UTC] 🔍 [FULL_FITMENT] Verificando bloqueo para cliente #4 - Hora: 00:38
[23-Apr-2026 05:38:59 UTC] ✅ [FULL_FITMENT] PERMITIDO
[23-Apr-2026 05:38:59 UTC]    📊 Resultado final: NO BLOQUEADO
[23-Apr-2026 05:38:59 UTC] PHP Deprecated:  ¡La función WP_User-&gt;id ha sido llamada con un argumento que está <strong>obsoleto</strong> desde la versión 2.1.0! Utiliza <code>WP_User-&gt;ID</code> en su lugar. in /home/u727114368/domains/mercourier.com/public_html/wp-includes/functions.php on line 6121
[23-Apr-2026 05:38:59 UTC] 🔍 TABLA USUARIOS - Verificando bloqueo para User #17 (usuario.pruebadies@prueba.com)
[23-Apr-2026 05:38:59 UTC]    ✓ Es cliente WPCargo
[23-Apr-2026 05:38:59 UTC]    ✓ Función de bloqueo por envíos pendientes existe, ejecutando...
[23-Apr-2026 05:38:59 UTC] =====================================
[23-Apr-2026 05:38:59 UTC] 🔍 VERIFICANDO BLOQUEO - Cliente: #17 | Fecha: 2026-04-23
[23-Apr-2026 05:38:59 UTC] URL actual: /wpcumanage-users/
[23-Apr-2026 05:38:59 UTC] =====================================
[23-Apr-2026 05:38:59 UTC] 🔎 SQL Query: 
        SELECT 
            p.ID, 
            p.post_date,
            pm_status.meta_value as estado,
            pm_pago.meta_value as estado_pago,
            pm_fecha_reprog.meta_value as fecha_reprogramada
        FROM wp_posts p
        LEFT JOIN wp_postmeta pm_shipper 
            ON p.ID = pm_shipper.post_id 
            AND pm_shipper.meta_key = 'registered_shipper'
        LEFT JOIN wp_postmeta pm_status 
            ON p.ID = pm_status.post_id 
            AND pm_status.meta_key = 'wpcargo_status'
        LEFT JOIN wp_postmeta pm_pago 
            ON p.ID = pm_pago.post_id 
            AND pm_pago.meta_key = 'wpcargo_estado_pago_remitente'
        LEFT JOIN wp_postmeta pm_fecha_reprog 
            ON p.ID = pm_fecha_reprog.post_id 
            AND pm_fecha_reprog.meta_key = 'wpcargo_pickup_date_picker'
        WHERE p.post_type = 'wpcargo_shipment'
        AND p.post_status = 'publish'
        AND pm_shipper.meta_value = '17'
    
[23-Apr-2026 05:38:59 UTC] 📊 Total envíos del cliente (sin filtrar): 0
[23-Apr-2026 05:38:59 UTC] 📦 Total envíos encontrados para HOY: 0
[23-Apr-2026 05:38:59 UTC] ✅ PERMITIDO: Cliente #17 sin envíos hoy - Puede crear
[23-Apr-2026 05:38:59 UTC] =====================================
[23-Apr-2026 05:38:59 UTC]    📊 Bloqueo automático por envíos pendientes: NO BLOQUEADO
[23-Apr-2026 05:38:59 UTC] 🔍 [NORMAL] Verificando bloqueo para cliente #17 - Hora: 00:38
[23-Apr-2026 05:38:59 UTC] ✅ [NORMAL] PERMITIDO
[23-Apr-2026 05:38:59 UTC] 🔍 [EXPRESS] Verificando bloqueo para cliente #17 - Hora: 00:38
[23-Apr-2026 05:38:59 UTC] ✅ [EXPRESS] PERMITIDO
[23-Apr-2026 05:38:59 UTC] 🔍 [FULL_FITMENT] Verificando bloqueo para cliente #17 - Hora: 00:38
[23-Apr-2026 05:38:59 UTC] ✅ [FULL_FITMENT] PERMITIDO
[23-Apr-2026 05:38:59 UTC]    📊 Resultado final: NO BLOQUEADO
[23-Apr-2026 05:38:59 UTC] PHP Deprecated:  ¡La función WP_User-&gt;id ha sido llamada con un argumento que está <strong>obsoleto</strong> desde la versión 2.1.0! Utiliza <code>WP_User-&gt;ID</code> en su lugar. in /home/u727114368/domains/mercourier.com/public_html/wp-includes/functions.php on line 6121
[23-Apr-2026 05:38:59 UTC] 🔍 TABLA USUARIOS - Verificando bloqueo para User #22 (victor.castillodiaz2022@gmail.com)
[23-Apr-2026 05:38:59 UTC]    ✓ Es cliente WPCargo
[23-Apr-2026 05:38:59 UTC]    ✓ Función de bloqueo por envíos pendientes existe, ejecutando...
[23-Apr-2026 05:38:59 UTC] =====================================
[23-Apr-2026 05:38:59 UTC] 🔍 VERIFICANDO BLOQUEO - Cliente: #22 | Fecha: 2026-04-23
[23-Apr-2026 05:38:59 UTC] URL actual: /wpcumanage-users/
[23-Apr-2026 05:38:59 UTC] =====================================
[23-Apr-2026 05:38:59 UTC] 🔎 SQL Query: 
        SELECT 
            p.ID, 
            p.post_date,
            pm_status.meta_value as estado,
            pm_pago.meta_value as estado_pago,
            pm_fecha_reprog.meta_value as fecha_reprogramada
        FROM wp_posts p
        LEFT JOIN wp_postmeta pm_shipper 
            ON p.ID = pm_shipper.post_id 
            AND pm_shipper.meta_key = 'registered_shipper'
        LEFT JOIN wp_postmeta pm_status 
            ON p.ID = pm_status.post_id 
            AND pm_status.meta_key = 'wpcargo_status'
        LEFT JOIN wp_postmeta pm_pago 
            ON p.ID = pm_pago.post_id 
            AND pm_pago.meta_key = 'wpcargo_estado_pago_remitente'
        LEFT JOIN wp_postmeta pm_fecha_reprog 
            ON p.ID = pm_fecha_reprog.post_id 
            AND pm_fecha_reprog.meta_key = 'wpcargo_pickup_date_picker'
        WHERE p.post_type = 'wpcargo_shipment'
        AND p.post_status = 'publish'
        AND pm_shipper.meta_value = '22'
    
[23-Apr-2026 05:38:59 UTC] 📊 Total envíos del cliente (sin filtrar): 0
[23-Apr-2026 05:38:59 UTC] 📦 Total envíos encontrados para HOY: 0
[23-Apr-2026 05:38:59 UTC] ✅ PERMITIDO: Cliente #22 sin envíos hoy - Puede crear
[23-Apr-2026 05:38:59 UTC] =====================================
[23-Apr-2026 05:38:59 UTC]    📊 Bloqueo automático por envíos pendientes: NO BLOQUEADO
[23-Apr-2026 05:38:59 UTC] 🔍 [NORMAL] Verificando bloqueo para cliente #22 - Hora: 00:38
[23-Apr-2026 05:38:59 UTC] ✅ [NORMAL] PERMITIDO
[23-Apr-2026 05:38:59 UTC] 🔍 [EXPRESS] Verificando bloqueo para cliente #22 - Hora: 00:38
[23-Apr-2026 05:38:59 UTC] ✅ [EXPRESS] PERMITIDO
[23-Apr-2026 05:38:59 UTC] 🔍 [FULL_FITMENT] Verificando bloqueo para cliente #22 - Hora: 00:38
[23-Apr-2026 05:38:59 UTC] ✅ [FULL_FITMENT] PERMITIDO
[23-Apr-2026 05:38:59 UTC]    📊 Resultado final: NO BLOQUEADO
[23-Apr-2026 05:38:59 UTC] PHP Deprecated:  ¡La función WP_User-&gt;id ha sido llamada con un argumento que está <strong>obsoleto</strong> desde la versión 2.1.0! Utiliza <code>WP_User-&gt;ID</code> en su lugar. in /home/u727114368/domains/mercourier.com/public_html/wp-includes/functions.php on line 6121
[23-Apr-2026 05:38:59 UTC] 🔍 TABLA USUARIOS - Verificando bloqueo para User #13 (viitvzhogrone13@gmail.com)
[23-Apr-2026 05:38:59 UTC]    ℹ️ No es cliente WPCargo (roles: wpcargo_driver)
[23-Apr-2026 05:38:59 UTC] 🔵 MODAL: Función wpcumanage_unblock_modal_callback ejecutada
[23-Apr-2026 05:38:59 UTC] 🔵 MODAL: Función wpcumanage_unblock_modal_callback ejecutada
[23-Apr-2026 05:39:08 UTC] 🔔 [MERC_LOG] Inicializado logger diario: /home/u727114368/domains/mercourier.com/public_html/wp-content/merc_logs/merc-debug-2026-04-23.log
[23-Apr-2026 05:39:08 UTC] 🔔 [MERC_LOG] Inicializado logger diario: /home/u727114368/domains/mercourier.com/public_html/wp-content/merc_logs/merc-debug-2026-04-23.log
[23-Apr-2026 05:39:09 UTC] 🔔 [MERC_LOG] Inicializado logger diario: /home/u727114368/domains/mercourier.com/public_html/wp-content/merc_logs/merc-debug-2026-04-23.log
[23-Apr-2026 05:39:39 UTC] 🔔 [MERC_LOG] Inicializado logger diario: /home/u727114368/domains/mercourier.com/public_html/wp-content/merc_logs/merc-debug-2026-04-23.log
[23-Apr-2026 05:39:39 UTC] 🔒 [PRE-INSERT] Verificando unicidad de tracking: DHV260423I42B
[23-Apr-2026 05:39:39 UTC] ✅ [PRE-INSERT] Tracking único: DHV260423I42B
[23-Apr-2026 05:39:39 UTC] 🔄 [guardar_tipo_envio_shipment] INICIADO - post_id: 6669
[23-Apr-2026 05:39:39 UTC]    post_type: wpcargo_shipment
[23-Apr-2026 05:39:39 UTC]    ✅ Es wpcargo_shipment, continuando...
[23-Apr-2026 05:39:39 UTC] ⏭️  guardar_tipo_envio - No hay tipo_envio aún (normalizará en STEP 1 si es importación) - ID: 6669
[23-Apr-2026 05:39:39 UTC] 🔍 VERIFICANDO DECREMENTO: Cliente #1 | Envío #6669 | Fecha desbloqueo:  | Hoy: 2026-04-23 | Envíos permitidos: 0
[23-Apr-2026 05:39:39 UTC] ❌ NO SE DECREMENTA: Desbloqueo no activo o sin envíos permitidos
[23-Apr-2026 05:39:39 UTC] ✅ Iniciando guardado de producto para envío #6669
[23-Apr-2026 05:39:39 UTC]    📝 Tipo obtenido desde meta: 
[23-Apr-2026 05:39:39 UTC] 📦 Datos recibidos - Producto ID: 0, Cantidad: 1, Tipo: '', Es Full Fitment: NO
[23-Apr-2026 05:39:39 UTC] 🔍 ASIGNACIÓN ESTADO - Iniciando para envío #6669
[23-Apr-2026 05:39:39 UTC] ❌ ASIGNACIÓN ESTADO - Tipo de envío vacío, abortando
[23-Apr-2026 05:39:39 UTC] 🔍 Full Fitment verificación #6669 - Tipo: '' -> Es full fitment: NO
[23-Apr-2026 05:39:39 UTC] ⏭️ Full Fitment #6669 - NO es full fitment, saltando
[23-Apr-2026 05:39:39 UTC] 💰 [SAVE_FINANCIAL] === GUARDANDO DATOS FINANCIEROS - Envío #6669 ===
[23-Apr-2026 05:39:39 UTC] ⚠️ [SAVE_FINANCIAL] wpcargo_costo_envio NO está en POST
[23-Apr-2026 05:39:39 UTC] 💰 [SAVE_FINANCIAL] === FIN GUARDADO DATOS FINANCIEROS ===
[23-Apr-2026 05:39:39 UTC] 🔍 [SAVE_FINANCIAL] Verificación inmediata - Costo envío en DB: 
[23-Apr-2026 05:39:39 UTC] 🔍 AUTO-ASIGNACIÓN INICIADA - Envío #6669
[23-Apr-2026 05:39:39 UTC] 📦 AUTO-ASIGNACIÓN - Tipo de envío: NO DEFINIDO
[23-Apr-2026 05:39:39 UTC] ❌ AUTO-ASIGNACIÓN - No se pudo determinar el distrito o tipo de contenedor (tipo_envio=), abortando
[23-Apr-2026 05:39:39 UTC] 🔚 [FINAL_VERIFICATION] Envío #6669 | Tipo:  | Distrito:  | Costo FINAL: 
[23-Apr-2026 05:39:39 UTC] 🔄 [guardar_tipo_envio_shipment] INICIADO - post_id: 6669
[23-Apr-2026 05:39:39 UTC]    post_type: wpcargo_shipment
[23-Apr-2026 05:39:39 UTC]    ✅ Es wpcargo_shipment, continuando...
[23-Apr-2026 05:39:39 UTC] ⏭️  guardar_tipo_envio - No hay tipo_envio aún (normalizará en STEP 1 si es importación) - ID: 6669
[23-Apr-2026 05:39:39 UTC] 🔔 [MERC_LOG] Inicializado logger diario: /home/u727114368/domains/mercourier.com/public_html/wp-content/merc_logs/merc-debug-2026-04-23.log
[23-Apr-2026 05:39:52 UTC] 🔔 [MERC_LOG] Inicializado logger diario: /home/u727114368/domains/mercourier.com/public_html/wp-content/merc_logs/merc-debug-2026-04-23.log
[23-Apr-2026 05:40:52 UTC] 🔔 [MERC_LOG] Inicializado logger diario: /home/u727114368/domains/mercourier.com/public_html/wp-content/merc_logs/merc-debug-2026-04-23.log
[23-Apr-2026 05:40:52 UTC] 🔔 [MERC_LOG] Inicializado logger diario: /home/u727114368/domains/mercourier.com/public_html/wp-content/merc_logs/merc-debug-2026-04-23.log
[23-Apr-2026 05:41:52 UTC] 🔔 [MERC_LOG] Inicializado logger diario: /home/u727114368/domains/mercourier.com/public_html/wp-content/merc_logs/merc-debug-2026-04-23.log
[23-Apr-2026 05:41:52 UTC] 🔔 [MERC_LOG] Inicializado logger diario: /home/u727114368/domains/mercourier.com/public_html/wp-content/merc_logs/merc-debug-2026-04-23.log
[23-Apr-2026 05:42:46 UTC] 🔔 [MERC_LOG] Inicializado logger diario: /home/u727114368/domains/mercourier.com/public_html/wp-content/merc_logs/merc-debug-2026-04-23.log
[23-Apr-2026 05:42:46 UTC] 🔔 [MERC_LOG] Inicializado logger diario: /home/u727114368/domains/mercourier.com/public_html/wp-content/merc_logs/merc-debug-2026-04-23.log
[23-Apr-2026 05:42:48 UTC] 🔔 [MERC_LOG] Inicializado logger diario: /home/u727114368/domains/mercourier.com/public_html/wp-content/merc_logs/merc-debug-2026-04-23.log
[23-Apr-2026 05:43:48 UTC] 🔔 [MERC_LOG] Inicializado logger diario: /home/u727114368/domains/mercourier.com/public_html/wp-content/merc_logs/merc-debug-2026-04-23.log
[23-Apr-2026 05:43:48 UTC] 🔔 [MERC_LOG] Inicializado logger diario: /home/u727114368/domains/mercourier.com/public_html/wp-content/merc_logs/merc-debug-2026-04-23.log
[23-Apr-2026 05:44:01 UTC] 🔔 [MERC_LOG] Inicializado logger diario: /home/u727114368/domains/mercourier.com/public_html/wp-content/merc_logs/merc-debug-2026-04-23.log
[23-Apr-2026 05:44:01 UTC] 🔔 [MERC_LOG] Inicializado logger diario: /home/u727114368/domains/mercourier.com/public_html/wp-content/merc_logs/merc-debug-2026-04-23.log
[23-Apr-2026 05:44:03 UTC] 🔔 [MERC_LOG] Inicializado logger diario: /home/u727114368/domains/mercourier.com/public_html/wp-content/merc_logs/merc-debug-2026-04-23.log
[23-Apr-2026 05:44:08 UTC] 🔔 [MERC_LOG] Inicializado logger diario: /home/u727114368/domains/mercourier.com/public_html/wp-content/merc_logs/merc-debug-2026-04-23.log
[23-Apr-2026 05:44:08 UTC] 🔔 [MERC_LOG] Inicializado logger diario: /home/u727114368/domains/mercourier.com/public_html/wp-content/merc_logs/merc-debug-2026-04-23.log
[23-Apr-2026 05:44:09 UTC] 🔔 [MERC_LOG] Inicializado logger diario: /home/u727114368/domains/mercourier.com/public_html/wp-content/merc_logs/merc-debug-2026-04-23.log
[23-Apr-2026 05:44:10 UTC] 🔔 [MERC_LOG] Inicializado logger diario: /home/u727114368/domains/mercourier.com/public_html/wp-content/merc_logs/merc-debug-2026-04-23.log
[23-Apr-2026 05:44:11 UTC] 🔔 [MERC_LOG] Inicializado logger diario: /home/u727114368/domains/mercourier.com/public_html/wp-content/merc_logs/merc-debug-2026-04-23.log
[23-Apr-2026 05:44:12 UTC] 🔔 [MERC_LOG] Inicializado logger diario: /home/u727114368/domains/mercourier.com/public_html/wp-content/merc_logs/merc-debug-2026-04-23.log
[23-Apr-2026 05:44:13 UTC] 🔔 [MERC_LOG] Inicializado logger diario: /home/u727114368/domains/mercourier.com/public_html/wp-content/merc_logs/merc-debug-2026-04-23.log
[23-Apr-2026 05:44:14 UTC] 🔔 [MERC_LOG] Inicializado logger diario: /home/u727114368/domains/mercourier.com/public_html/wp-content/merc_logs/merc-debug-2026-04-23.log
[23-Apr-2026 05:44:15 UTC] 🔔 [MERC_LOG] Inicializado logger diario: /home/u727114368/domains/mercourier.com/public_html/wp-content/merc_logs/merc-debug-2026-04-23.log
[23-Apr-2026 05:44:16 UTC] 🔔 [MERC_LOG] Inicializado logger diario: /home/u727114368/domains/mercourier.com/public_html/wp-content/merc_logs/merc-debug-2026-04-23.log
[23-Apr-2026 05:44:16 UTC] 🔔 [MERC_LOG] Inicializado logger diario: /home/u727114368/domains/mercourier.com/public_html/wp-content/merc_logs/merc-debug-2026-04-23.log
[23-Apr-2026 05:44:18 UTC] 🔔 [MERC_LOG] Inicializado logger diario: /home/u727114368/domains/mercourier.com/public_html/wp-content/merc_logs/merc-debug-2026-04-23.log
[23-Apr-2026 05:44:19 UTC] 🔔 [MERC_LOG] Inicializado logger diario: /home/u727114368/domains/mercourier.com/public_html/wp-content/merc_logs/merc-debug-2026-04-23.log
[23-Apr-2026 05:44:20 UTC] 🔔 [MERC_LOG] Inicializado logger diario: /home/u727114368/domains/mercourier.com/public_html/wp-content/merc_logs/merc-debug-2026-04-23.log
[23-Apr-2026 05:44:21 UTC] 🔔 [MERC_LOG] Inicializado logger diario: /home/u727114368/domains/mercourier.com/public_html/wp-content/merc_logs/merc-debug-2026-04-23.log
[23-Apr-2026 05:44:23 UTC] 🔔 [MERC_LOG] Inicializado logger diario: /home/u727114368/domains/mercourier.com/public_html/wp-content/merc_logs/merc-debug-2026-04-23.log
[23-Apr-2026 05:44:23 UTC] 🔔 [MERC_LOG] Inicializado logger diario: /home/u727114368/domains/mercourier.com/public_html/wp-content/merc_logs/merc-debug-2026-04-23.log
[23-Apr-2026 05:44:24 UTC] 🔔 [MERC_LOG] Inicializado logger diario: /home/u727114368/domains/mercourier.com/public_html/wp-content/merc_logs/merc-debug-2026-04-23.log
[23-Apr-2026 05:45:25 UTC] 🔔 [MERC_LOG] Inicializado logger diario: /home/u727114368/domains/mercourier.com/public_html/wp-content/merc_logs/merc-debug-2026-04-23.log
[23-Apr-2026 05:45:25 UTC] 🔔 [MERC_LOG] Inicializado logger diario: /home/u727114368/domains/mercourier.com/public_html/wp-content/merc_logs/merc-debug-2026-04-23.log
[23-Apr-2026 05:46:25 UTC] 🔔 [MERC_LOG] Inicializado logger diario: /home/u727114368/domains/mercourier.com/public_html/wp-content/merc_logs/merc-debug-2026-04-23.log
[23-Apr-2026 05:46:25 UTC] 🔔 [MERC_LOG] Inicializado logger diario: /home/u727114368/domains/mercourier.com/public_html/wp-content/merc_logs/merc-debug-2026-04-23.log
[23-Apr-2026 05:47:25 UTC] 🔔 [MERC_LOG] Inicializado logger diario: /home/u727114368/domains/mercourier.com/public_html/wp-content/merc_logs/merc-debug-2026-04-23.log
[23-Apr-2026 05:47:25 UTC] 🔔 [MERC_LOG] Inicializado logger diario: /home/u727114368/domains/mercourier.com/public_html/wp-content/merc_logs/merc-debug-2026-04-23.log
[23-Apr-2026 05:48:26 UTC] 🔔 [MERC_LOG] Inicializado logger diario: /home/u727114368/domains/mercourier.com/public_html/wp-content/merc_logs/merc-debug-2026-04-23.log
[23-Apr-2026 05:48:26 UTC] 🔔 [MERC_LOG] Inicializado logger diario: /home/u727114368/domains/mercourier.com/public_html/wp-content/merc_logs/merc-debug-2026-04-23.log
[23-Apr-2026 05:50:11 UTC] 🔔 [MERC_LOG] Inicializado logger diario: /home/u727114368/domains/mercourier.com/public_html/wp-content/merc_logs/merc-debug-2026-04-23.log
[23-Apr-2026 05:50:12 UTC] 🔔 [MERC_LOG] Inicializado logger diario: /home/u727114368/domains/mercourier.com/public_html/wp-content/merc_logs/merc-debug-2026-04-23.log
[23-Apr-2026 05:51:13 UTC] 🔔 [MERC_LOG] Inicializado logger diario: /home/u727114368/domains/mercourier.com/public_html/wp-content/merc_logs/merc-debug-2026-04-23.log
[23-Apr-2026 05:51:13 UTC] 🔔 [MERC_LOG] Inicializado logger diario: /home/u727114368/domains/mercourier.com/public_html/wp-content/merc_logs/merc-debug-2026-04-23.log
[23-Apr-2026 05:52:11 UTC] 🔔 [MERC_LOG] Inicializado logger diario: /home/u727114368/domains/mercourier.com/public_html/wp-content/merc_logs/merc-debug-2026-04-23.log
[23-Apr-2026 05:52:11 UTC] 🔔 [MERC_LOG] Inicializado logger diario: /home/u727114368/domains/mercourier.com/public_html/wp-content/merc_logs/merc-debug-2026-04-23.log
[23-Apr-2026 05:53:11 UTC] 🔔 [MERC_LOG] Inicializado logger diario: /home/u727114368/domains/mercourier.com/public_html/wp-content/merc_logs/merc-debug-2026-04-23.log
[23-Apr-2026 05:53:11 UTC] 🔔 [MERC_LOG] Inicializado logger diario: /home/u727114368/domains/mercourier.com/public_html/wp-content/merc_logs/merc-debug-2026-04-23.log
[23-Apr-2026 05:54:10 UTC] 🔔 [MERC_LOG] Inicializado logger diario: /home/u727114368/domains/mercourier.com/public_html/wp-content/merc_logs/merc-debug-2026-04-23.log
[23-Apr-2026 05:54:11 UTC] 🔔 [MERC_LOG] Inicializado logger diario: /home/u727114368/domains/mercourier.com/public_html/wp-content/merc_logs/merc-debug-2026-04-23.log
[23-Apr-2026 05:55:10 UTC] 🔔 [MERC_LOG] Inicializado logger diario: /home/u727114368/domains/mercourier.com/public_html/wp-content/merc_logs/merc-debug-2026-04-23.log
[23-Apr-2026 05:55:11 UTC] 🔔 [MERC_LOG] Inicializado logger diario: /home/u727114368/domains/mercourier.com/public_html/wp-content/merc_logs/merc-debug-2026-04-23.log
[23-Apr-2026 05:56:10 UTC] 🔔 [MERC_LOG] Inicializado logger diario: /home/u727114368/domains/mercourier.com/public_html/wp-content/merc_logs/merc-debug-2026-04-23.log
[23-Apr-2026 05:56:11 UTC] 🔔 [MERC_LOG] Inicializado logger diario: /home/u727114368/domains/mercourier.com/public_html/wp-content/merc_logs/merc-debug-2026-04-23.log
[23-Apr-2026 05:57:11 UTC] 🔔 [MERC_LOG] Inicializado logger diario: /home/u727114368/domains/mercourier.com/public_html/wp-content/merc_logs/merc-debug-2026-04-23.log
[23-Apr-2026 05:57:11 UTC] 🔔 [MERC_LOG] Inicializado logger diario: /home/u727114368/domains/mercourier.com/public_html/wp-content/merc_logs/merc-debug-2026-04-23.log
[23-Apr-2026 05:58:11 UTC] 🔔 [MERC_LOG] Inicializado logger diario: /home/u727114368/domains/mercourier.com/public_html/wp-content/merc_logs/merc-debug-2026-04-23.log
[23-Apr-2026 05:58:11 UTC] 🔔 [MERC_LOG] Inicializado logger diario: /home/u727114368/domains/mercourier.com/public_html/wp-content/merc_logs/merc-debug-2026-04-23.log
[23-Apr-2026 05:59:10 UTC] 🔔 [MERC_LOG] Inicializado logger diario: /home/u727114368/domains/mercourier.com/public_html/wp-content/merc_logs/merc-debug-2026-04-23.log
[23-Apr-2026 05:59:11 UTC] 🔔 [MERC_LOG] Inicializado logger diario: /home/u727114368/domains/mercourier.com/public_html/wp-content/merc_logs/merc-debug-2026-04-23.log
[23-Apr-2026 06:00:10 UTC] 🔔 [MERC_LOG] Inicializado logger diario: /home/u727114368/domains/mercourier.com/public_html/wp-content/merc_logs/merc-debug-2026-04-23.log
[23-Apr-2026 06:00:11 UTC] 🔔 [MERC_LOG] Inicializado logger diario: /home/u727114368/domains/mercourier.com/public_html/wp-content/merc_logs/merc-debug-2026-04-23.log
[23-Apr-2026 06:01:12 UTC] 🔔 [MERC_LOG] Inicializado logger diario: /home/u727114368/domains/mercourier.com/public_html/wp-content/merc_logs/merc-debug-2026-04-23.log
[23-Apr-2026 06:01:12 UTC] 🔔 [MERC_LOG] Inicializado logger diario: /home/u727114368/domains/mercourier.com/public_html/wp-content/merc_logs/merc-debug-2026-04-23.log
[23-Apr-2026 06:01:31 UTC] 🔔 [MERC_LOG] Inicializado logger diario: /home/u727114368/domains/mercourier.com/public_html/wp-content/merc_logs/merc-debug-2026-04-23.log
[23-Apr-2026 06:01:33 UTC] 🔔 [MERC_LOG] Inicializado logger diario: /home/u727114368/domains/mercourier.com/public_html/wp-content/merc_logs/merc-debug-2026-04-23.log
[23-Apr-2026 06:01:48 UTC] 🔔 [MERC_LOG] Inicializado logger diario: /home/u727114368/domains/mercourier.com/public_html/wp-content/merc_logs/merc-debug-2026-04-23.log
[23-Apr-2026 06:01:48 UTC] 🔔 [MERC_LOG] Inicializado logger diario: /home/u727114368/domains/mercourier.com/public_html/wp-content/merc_logs/merc-debug-2026-04-23.log
[23-Apr-2026 06:01:48 UTC] 🔔 [MERC_LOG] Inicializado logger diario: /home/u727114368/domains/mercourier.com/public_html/wp-content/merc_logs/merc-debug-2026-04-23.log
[23-Apr-2026 06:01:50 UTC] 🔔 [MERC_LOG] Inicializado logger diario: /home/u727114368/domains/mercourier.com/public_html/wp-content/merc_logs/merc-debug-2026-04-23.log
[23-Apr-2026 06:01:51 UTC] 🔔 [MERC_LOG] Inicializado logger diario: /home/u727114368/domains/mercourier.com/public_html/wp-content/merc_logs/merc-debug-2026-04-23.log
[23-Apr-2026 06:01:53 UTC] 🔔 [MERC_LOG] Inicializado logger diario: /home/u727114368/domains/mercourier.com/public_html/wp-content/merc_logs/merc-debug-2026-04-23.log
[23-Apr-2026 06:02:17 UTC] 🔔 [MERC_LOG] Inicializado logger diario: /home/u727114368/domains/mercourier.com/public_html/wp-content/merc_logs/merc-debug-2026-04-23.log
[23-Apr-2026 06:02:17 UTC] 🔔 [MERC_LOG] Inicializado logger diario: /home/u727114368/domains/mercourier.com/public_html/wp-content/merc_logs/merc-debug-2026-04-23.log
[23-Apr-2026 06:02:17 UTC] 🔔 [MERC_LOG] Inicializado logger diario: /home/u727114368/domains/mercourier.com/public_html/wp-content/merc_logs/merc-debug-2026-04-23.log
[23-Apr-2026 06:02:20 UTC] 🔔 [MERC_LOG] Inicializado logger diario: /home/u727114368/domains/mercourier.com/public_html/wp-content/merc_logs/merc-debug-2026-04-23.log
[23-Apr-2026 06:02:23 UTC] 🔔 [MERC_LOG] Inicializado logger diario: /home/u727114368/domains/mercourier.com/public_html/wp-content/merc_logs/merc-debug-2026-04-23.log
[23-Apr-2026 06:02:24 UTC] 🔔 [MERC_LOG] Inicializado logger diario: /home/u727114368/domains/mercourier.com/public_html/wp-content/merc_logs/merc-debug-2026-04-23.log
[23-Apr-2026 06:02:50 UTC] 🔔 [MERC_LOG] Inicializado logger diario: /home/u727114368/domains/mercourier.com/public_html/wp-content/merc_logs/merc-debug-2026-04-23.log
[23-Apr-2026 06:02:50 UTC] 🔔 [MERC_LOG] Inicializado logger diario: /home/u727114368/domains/mercourier.com/public_html/wp-content/merc_logs/merc-debug-2026-04-23.log
[23-Apr-2026 06:02:51 UTC] 🔔 [MERC_LOG] Inicializado logger diario: /home/u727114368/domains/mercourier.com/public_html/wp-content/merc_logs/merc-debug-2026-04-23.log
[23-Apr-2026 06:02:53 UTC] 🔔 [MERC_LOG] Inicializado logger diario: /home/u727114368/domains/mercourier.com/public_html/wp-content/merc_logs/merc-debug-2026-04-23.log
[23-Apr-2026 06:03:07 UTC] 🔔 [MERC_LOG] Inicializado logger diario: /home/u727114368/domains/mercourier.com/public_html/wp-content/merc_logs/merc-debug-2026-04-23.log
[23-Apr-2026 06:03:09 UTC] 🔔 [MERC_LOG] Inicializado logger diario: /home/u727114368/domains/mercourier.com/public_html/wp-content/merc_logs/merc-debug-2026-04-23.log
[23-Apr-2026 06:03:32 UTC] 🔔 [MERC_LOG] Inicializado logger diario: /home/u727114368/domains/mercourier.com/public_html/wp-content/merc_logs/merc-debug-2026-04-23.log
[23-Apr-2026 06:03:32 UTC] 🔔 [MERC_LOG] Inicializado logger diario: /home/u727114368/domains/mercourier.com/public_html/wp-content/merc_logs/merc-debug-2026-04-23.log
[23-Apr-2026 06:03:34 UTC] 🔔 [MERC_LOG] Inicializado logger diario: /home/u727114368/domains/mercourier.com/public_html/wp-content/merc_logs/merc-debug-2026-04-23.log
[23-Apr-2026 06:03:35 UTC] 🔔 [MERC_LOG] Inicializado logger diario: /home/u727114368/domains/mercourier.com/public_html/wp-content/merc_logs/merc-debug-2026-04-23.log
[23-Apr-2026 06:03:40 UTC] 🔔 [MERC_LOG] Inicializado logger diario: /home/u727114368/domains/mercourier.com/public_html/wp-content/merc_logs/merc-debug-2026-04-23.log
[23-Apr-2026 06:03:41 UTC] 🔔 [MERC_LOG] Inicializado logger diario: /home/u727114368/domains/mercourier.com/public_html/wp-content/merc_logs/merc-debug-2026-04-23.log
[23-Apr-2026 06:03:58 UTC] 🔔 [MERC_LOG] Inicializado logger diario: /home/u727114368/domains/mercourier.com/public_html/wp-content/merc_logs/merc-debug-2026-04-23.log
[23-Apr-2026 06:03:58 UTC] 🔔 [MERC_LOG] Inicializado logger diario: /home/u727114368/domains/mercourier.com/public_html/wp-content/merc_logs/merc-debug-2026-04-23.log
[23-Apr-2026 06:04:00 UTC] 🔔 [MERC_LOG] Inicializado logger diario: /home/u727114368/domains/mercourier.com/public_html/wp-content/merc_logs/merc-debug-2026-04-23.log
[23-Apr-2026 06:04:07 UTC] 🔔 [MERC_LOG] Inicializado logger diario: /home/u727114368/domains/mercourier.com/public_html/wp-content/merc_logs/merc-debug-2026-04-23.log
[23-Apr-2026 06:04:09 UTC] 🔔 [MERC_LOG] Inicializado logger diario: /home/u727114368/domains/mercourier.com/public_html/wp-content/merc_logs/merc-debug-2026-04-23.log
[23-Apr-2026 06:04:28 UTC] 🔔 [MERC_LOG] Inicializado logger diario: /home/u727114368/domains/mercourier.com/public_html/wp-content/merc_logs/merc-debug-2026-04-23.log
[23-Apr-2026 06:04:28 UTC] 🔔 [MERC_LOG] Inicializado logger diario: /home/u727114368/domains/mercourier.com/public_html/wp-content/merc_logs/merc-debug-2026-04-23.log
[23-Apr-2026 06:04:30 UTC] 🔔 [MERC_LOG] Inicializado logger diario: /home/u727114368/domains/mercourier.com/public_html/wp-content/merc_logs/merc-debug-2026-04-23.log
[23-Apr-2026 06:04:36 UTC] 🔔 [MERC_LOG] Inicializado logger diario: /home/u727114368/domains/mercourier.com/public_html/wp-content/merc_logs/merc-debug-2026-04-23.log
[23-Apr-2026 06:04:36 UTC] 🔔 [MERC_LOG] Inicializado logger diario: /home/u727114368/domains/mercourier.com/public_html/wp-content/merc_logs/merc-debug-2026-04-23.log
[23-Apr-2026 06:04:38 UTC] 🔔 [MERC_LOG] Inicializado logger diario: /home/u727114368/domains/mercourier.com/public_html/wp-content/merc_logs/merc-debug-2026-04-23.log
[23-Apr-2026 06:05:05 UTC] 🔔 [MERC_LOG] Inicializado logger diario: /home/u727114368/domains/mercourier.com/public_html/wp-content/merc_logs/merc-debug-2026-04-23.log
[23-Apr-2026 06:05:05 UTC] 🔔 [MERC_LOG] Inicializado logger diario: /home/u727114368/domains/mercourier.com/public_html/wp-content/merc_logs/merc-debug-2026-04-23.log
[23-Apr-2026 06:05:07 UTC] 🔔 [MERC_LOG] Inicializado logger diario: /home/u727114368/domains/mercourier.com/public_html/wp-content/merc_logs/merc-debug-2026-04-23.log
[23-Apr-2026 06:05:14 UTC] 🔔 [MERC_LOG] Inicializado logger diario: /home/u727114368/domains/mercourier.com/public_html/wp-content/merc_logs/merc-debug-2026-04-23.log
[23-Apr-2026 06:05:15 UTC] 🔔 [MERC_LOG] Inicializado logger diario: /home/u727114368/domains/mercourier.com/public_html/wp-content/merc_logs/merc-debug-2026-04-23.log
[23-Apr-2026 06:05:34 UTC] 🔔 [MERC_LOG] Inicializado logger diario: /home/u727114368/domains/mercourier.com/public_html/wp-content/merc_logs/merc-debug-2026-04-23.log
[23-Apr-2026 06:05:35 UTC] 🔔 [MERC_LOG] Inicializado logger diario: /home/u727114368/domains/mercourier.com/public_html/wp-content/merc_logs/merc-debug-2026-04-23.log
[23-Apr-2026 06:05:35 UTC] 🔔 [MERC_LOG] Inicializado logger diario: /home/u727114368/domains/mercourier.com/public_html/wp-content/merc_logs/merc-debug-2026-04-23.log
[23-Apr-2026 06:05:36 UTC] 🔔 [MERC_LOG] Inicializado logger diario: /home/u727114368/domains/mercourier.com/public_html/wp-content/merc_logs/merc-debug-2026-04-23.log
[23-Apr-2026 06:05:44 UTC] 🔔 [MERC_LOG] Inicializado logger diario: /home/u727114368/domains/mercourier.com/public_html/wp-content/merc_logs/merc-debug-2026-04-23.log
[23-Apr-2026 06:05:45 UTC] 🔔 [MERC_LOG] Inicializado logger diario: /home/u727114368/domains/mercourier.com/public_html/wp-content/merc_logs/merc-debug-2026-04-23.log
[23-Apr-2026 06:06:10 UTC] 🔔 [MERC_LOG] Inicializado logger diario: /home/u727114368/domains/mercourier.com/public_html/wp-content/merc_logs/merc-debug-2026-04-23.log
[23-Apr-2026 06:06:11 UTC] 🔔 [MERC_LOG] Inicializado logger diario: /home/u727114368/domains/mercourier.com/public_html/wp-content/merc_logs/merc-debug-2026-04-23.log
[23-Apr-2026 06:06:12 UTC] 🔔 [MERC_LOG] Inicializado logger diario: /home/u727114368/domains/mercourier.com/public_html/wp-content/merc_logs/merc-debug-2026-04-23.log
[23-Apr-2026 06:06:18 UTC] 🔔 [MERC_LOG] Inicializado logger diario: /home/u727114368/domains/mercourier.com/public_html/wp-content/merc_logs/merc-debug-2026-04-23.log
[23-Apr-2026 06:06:26 UTC] 🔔 [MERC_LOG] Inicializado logger diario: /home/u727114368/domains/mercourier.com/public_html/wp-content/merc_logs/merc-debug-2026-04-23.log
[23-Apr-2026 06:06:27 UTC] 🔔 [MERC_LOG] Inicializado logger diario: /home/u727114368/domains/mercourier.com/public_html/wp-content/merc_logs/merc-debug-2026-04-23.log
[23-Apr-2026 06:06:28 UTC] 🔔 [MERC_LOG] Inicializado logger diario: /home/u727114368/domains/mercourier.com/public_html/wp-content/merc_logs/merc-debug-2026-04-23.log
[23-Apr-2026 06:06:55 UTC] 🔔 [MERC_LOG] Inicializado logger diario: /home/u727114368/domains/mercourier.com/public_html/wp-content/merc_logs/merc-debug-2026-04-23.log
[23-Apr-2026 06:06:56 UTC] 🔒 [PRE-INSERT] Verificando unicidad de tracking: DHV260423NE18
[23-Apr-2026 06:06:56 UTC] ✅ [PRE-INSERT] Tracking único: DHV260423NE18
[23-Apr-2026 06:06:56 UTC] 🔄 [guardar_tipo_envio_shipment] INICIADO - post_id: 6670
[23-Apr-2026 06:06:56 UTC]    post_type: wpcargo_shipment
[23-Apr-2026 06:06:56 UTC]    ✅ Es wpcargo_shipment, continuando...
[23-Apr-2026 06:06:56 UTC] ⏭️  guardar_tipo_envio - No hay tipo_envio aún (normalizará en STEP 1 si es importación) - ID: 6670
[23-Apr-2026 06:06:56 UTC] 🔍 VERIFICANDO DECREMENTO: Cliente #1 | Envío #6670 | Fecha desbloqueo:  | Hoy: 2026-04-23 | Envíos permitidos: 0
[23-Apr-2026 06:06:56 UTC] ❌ NO SE DECREMENTA: Desbloqueo no activo o sin envíos permitidos
[23-Apr-2026 06:06:56 UTC] ✅ Iniciando guardado de producto para envío #6670
[23-Apr-2026 06:06:56 UTC]    📝 Tipo obtenido desde meta: 
[23-Apr-2026 06:06:56 UTC] 📦 Datos recibidos - Producto ID: 0, Cantidad: 1, Tipo: '', Es Full Fitment: NO
[23-Apr-2026 06:06:56 UTC] 🔍 ASIGNACIÓN ESTADO - Iniciando para envío #6670
[23-Apr-2026 06:06:56 UTC] ❌ ASIGNACIÓN ESTADO - Tipo de envío vacío, abortando
[23-Apr-2026 06:06:56 UTC] 🔍 Full Fitment verificación #6670 - Tipo: '' -> Es full fitment: NO
[23-Apr-2026 06:06:56 UTC] ⏭️ Full Fitment #6670 - NO es full fitment, saltando
[23-Apr-2026 06:06:56 UTC] 💰 [SAVE_FINANCIAL] === GUARDANDO DATOS FINANCIEROS - Envío #6670 ===
[23-Apr-2026 06:06:56 UTC] ⚠️ [SAVE_FINANCIAL] wpcargo_costo_envio NO está en POST
[23-Apr-2026 06:06:56 UTC] 💰 [SAVE_FINANCIAL] === FIN GUARDADO DATOS FINANCIEROS ===
[23-Apr-2026 06:06:56 UTC] 🔍 [SAVE_FINANCIAL] Verificación inmediata - Costo envío en DB: 
[23-Apr-2026 06:06:56 UTC] 🔍 AUTO-ASIGNACIÓN INICIADA - Envío #6670
[23-Apr-2026 06:06:56 UTC] 📦 AUTO-ASIGNACIÓN - Tipo de envío: NO DEFINIDO
[23-Apr-2026 06:06:56 UTC] ❌ AUTO-ASIGNACIÓN - No se pudo determinar el distrito o tipo de contenedor (tipo_envio=), abortando
[23-Apr-2026 06:06:56 UTC] 🔚 [FINAL_VERIFICATION] Envío #6670 | Tipo:  | Distrito:  | Costo FINAL: 
[23-Apr-2026 06:06:56 UTC] 🔄 [guardar_tipo_envio_shipment] INICIADO - post_id: 6670
[23-Apr-2026 06:06:56 UTC]    post_type: wpcargo_shipment
[23-Apr-2026 06:06:56 UTC]    ✅ Es wpcargo_shipment, continuando...
[23-Apr-2026 06:06:56 UTC] ⏭️  guardar_tipo_envio - No hay tipo_envio aún (normalizará en STEP 1 si es importación) - ID: 6670
[23-Apr-2026 06:06:56 UTC] 🔔 [MERC_LOG] Inicializado logger diario: /home/u727114368/domains/mercourier.com/public_html/wp-content/merc_logs/merc-debug-2026-04-23.log
[23-Apr-2026 06:07:02 UTC] 🔔 [MERC_LOG] Inicializado logger diario: /home/u727114368/domains/mercourier.com/public_html/wp-content/merc_logs/merc-debug-2026-04-23.log
[23-Apr-2026 06:07:02 UTC] 📝 [EDIT_FORM_LOAD] Envío #3527 | Tipo:  | Costo envío: 0
[23-Apr-2026 06:07:02 UTC] ⚠️ Tipo de envío no es full_fitment, saltando selector de productos
[23-Apr-2026 06:07:02 UTC] 🔍 [CONTAINER_DETAILS] Envío # | tipo_envio desde POST: NO | tipo_envio desde meta:  | tipo_envio final:  | es_merc: NO
[23-Apr-2026 06:07:03 UTC] 🔔 [MERC_LOG] Inicializado logger diario: /home/u727114368/domains/mercourier.com/public_html/wp-content/merc_logs/merc-debug-2026-04-23.log
[23-Apr-2026 06:07:03 UTC] MERC_POD_DEBUG - shipmentID= context=syncMonto methods_count=0
[23-Apr-2026 06:07:03 UTC] 🔔 [MERC_LOG] Inicializado logger diario: /home/u727114368/domains/mercourier.com/public_html/wp-content/merc_logs/merc-debug-2026-04-23.log
[23-Apr-2026 06:07:03 UTC] MERC_POD_DEBUG - shipmentID= context=syncMonto methods_count=0
[23-Apr-2026 06:07:04 UTC] 🔔 [MERC_LOG] Inicializado logger diario: /home/u727114368/domains/mercourier.com/public_html/wp-content/merc_logs/merc-debug-2026-04-23.log
[23-Apr-2026 06:07:04 UTC] 🔔 [MERC_LOG] Inicializado logger diario: /home/u727114368/domains/mercourier.com/public_html/wp-content/merc_logs/merc-debug-2026-04-23.log
[23-Apr-2026 06:07:04 UTC] MERC_POD_DEBUG - shipmentID= context=syncMonto methods_count=0
[23-Apr-2026 06:07:04 UTC] 🔔 [MERC_LOG] Inicializado logger diario: /home/u727114368/domains/mercourier.com/public_html/wp-content/merc_logs/merc-debug-2026-04-23.log
[23-Apr-2026 06:07:04 UTC] MERC_POD_DEBUG - shipmentID= context=syncMonto methods_count=0
[23-Apr-2026 06:07:04 UTC] 🔔 [MERC_LOG] Inicializado logger diario: /home/u727114368/domains/mercourier.com/public_html/wp-content/merc_logs/merc-debug-2026-04-23.log
[23-Apr-2026 06:07:04 UTC] 🔔 [MERC_LOG] Inicializado logger diario: /home/u727114368/domains/mercourier.com/public_html/wp-content/merc_logs/merc-debug-2026-04-23.log
[23-Apr-2026 06:07:04 UTC] MERC_POD_DEBUG - shipmentID= context=syncMonto methods_count=0
[23-Apr-2026 06:07:04 UTC] MERC_POD_DEBUG - shipmentID= context=syncMonto methods_count=0
[23-Apr-2026 06:07:04 UTC] MERC_POD_DEBUG - shipmentID= context=syncMonto methods_count=0
[23-Apr-2026 06:07:05 UTC] 🔔 [MERC_LOG] Inicializado logger diario: /home/u727114368/domains/mercourier.com/public_html/wp-content/merc_logs/merc-debug-2026-04-23.log
[23-Apr-2026 06:07:05 UTC] 🔔 [MERC_LOG] Inicializado logger diario: /home/u727114368/domains/mercourier.com/public_html/wp-content/merc_logs/merc-debug-2026-04-23.log
[23-Apr-2026 06:07:05 UTC] 🔔 [MERC_LOG] Inicializado logger diario: /home/u727114368/domains/mercourier.com/public_html/wp-content/merc_logs/merc-debug-2026-04-23.log
[23-Apr-2026 06:07:05 UTC] 🔔 [MERC_LOG] Inicializado logger diario: /home/u727114368/domains/mercourier.com/public_html/wp-content/merc_logs/merc-debug-2026-04-23.log
[23-Apr-2026 06:07:05 UTC] 🔔 [MERC_LOG] Inicializado logger diario: /home/u727114368/domains/mercourier.com/public_html/wp-content/merc_logs/merc-debug-2026-04-23.log
[23-Apr-2026 06:07:05 UTC] 🔔 [MERC_LOG] Inicializado logger diario: /home/u727114368/domains/mercourier.com/public_html/wp-content/merc_logs/merc-debug-2026-04-23.log
[23-Apr-2026 06:07:05 UTC] 🔔 [MERC_LOG] Inicializado logger diario: /home/u727114368/domains/mercourier.com/public_html/wp-content/merc_logs/merc-debug-2026-04-23.log
[23-Apr-2026 06:07:05 UTC] 🔔 [MERC_LOG] Inicializado logger diario: /home/u727114368/domains/mercourier.com/public_html/wp-content/merc_logs/merc-debug-2026-04-23.log
[23-Apr-2026 06:07:05 UTC] MERC_POD_DEBUG - shipmentID= context=syncMonto methods_count=0
[23-Apr-2026 06:07:06 UTC] MERC_POD_DEBUG - shipmentID= context=syncMonto methods_count=0
[23-Apr-2026 06:07:06 UTC] MERC_POD_DEBUG - shipmentID= context=syncMonto methods_count=0
[23-Apr-2026 06:07:06 UTC] MERC_POD_DEBUG - shipmentID= context=syncMonto methods_count=0
[23-Apr-2026 06:07:06 UTC] MERC_POD_DEBUG - shipmentID= context=syncMonto methods_count=0
[23-Apr-2026 06:07:06 UTC] MERC_POD_DEBUG - shipmentID= context=syncMonto methods_count=0
[23-Apr-2026 06:07:06 UTC] MERC_POD_DEBUG - shipmentID= context=syncMonto methods_count=0
[23-Apr-2026 06:07:06 UTC] 📝 [EDIT_FORM_LOAD] Envío #3527 | Tipo:  | Costo envío: 0
[23-Apr-2026 06:07:06 UTC] ⚠️ Tipo de envío no es full_fitment, saltando selector de productos
[23-Apr-2026 06:07:06 UTC] 🔍 [CONTAINER_DETAILS] Envío # | tipo_envio desde POST: NO | tipo_envio desde meta:  | tipo_envio final: normal | es_merc: YES
[23-Apr-2026 06:07:07 UTC] 🔔 [MERC_LOG] Inicializado logger diario: /home/u727114368/domains/mercourier.com/public_html/wp-content/merc_logs/merc-debug-2026-04-23.log
[23-Apr-2026 06:07:07 UTC] 🔔 [MERC_LOG] Inicializado logger diario: /home/u727114368/domains/mercourier.com/public_html/wp-content/merc_logs/merc-debug-2026-04-23.log
[23-Apr-2026 06:07:07 UTC] 🔔 [MERC_LOG] Inicializado logger diario: /home/u727114368/domains/mercourier.com/public_html/wp-content/merc_logs/merc-debug-2026-04-23.log
[23-Apr-2026 06:07:07 UTC] 🔔 [MERC_LOG] Inicializado logger diario: /home/u727114368/domains/mercourier.com/public_html/wp-content/merc_logs/merc-debug-2026-04-23.log
[23-Apr-2026 06:07:07 UTC] MERC_POD_DEBUG - shipmentID= context=syncMonto methods_count=0
[23-Apr-2026 06:07:07 UTC] 🔄 [RESETEO DIARIO] Usuario 1 | Fecha: 2026-04-23
[23-Apr-2026 06:07:07 UTC] 🔍 [AJAX] Consultando desbloqueo parcial para NORMAL
[23-Apr-2026 06:07:07 UTC]    Meta key: merc_desbloqueo_parcial_NORMAL
[23-Apr-2026 06:07:07 UTC]    Unlock info: ""
[23-Apr-2026 06:07:07 UTC]    Force date: 
[23-Apr-2026 06:07:07 UTC] MERC_POD_DEBUG - shipmentID= context=syncMonto methods_count=0
[23-Apr-2026 06:07:07 UTC] 🔔 [MERC_LOG] Inicializado logger diario: /home/u727114368/domains/mercourier.com/public_html/wp-content/merc_logs/merc-debug-2026-04-23.log
[23-Apr-2026 06:07:07 UTC] 🔔 [MERC_LOG] Inicializado logger diario: /home/u727114368/domains/mercourier.com/public_html/wp-content/merc_logs/merc-debug-2026-04-23.log
[23-Apr-2026 06:07:07 UTC] 🔔 [MERC_LOG] Inicializado logger diario: /home/u727114368/domains/mercourier.com/public_html/wp-content/merc_logs/merc-debug-2026-04-23.log
[23-Apr-2026 06:07:07 UTC] 🔔 [MERC_LOG] Inicializado logger diario: /home/u727114368/domains/mercourier.com/public_html/wp-content/merc_logs/merc-debug-2026-04-23.log
[23-Apr-2026 06:07:08 UTC] 🔔 [MERC_LOG] Inicializado logger diario: /home/u727114368/domains/mercourier.com/public_html/wp-content/merc_logs/merc-debug-2026-04-23.log
[23-Apr-2026 06:07:08 UTC] 🔔 [MERC_LOG] Inicializado logger diario: /home/u727114368/domains/mercourier.com/public_html/wp-content/merc_logs/merc-debug-2026-04-23.log
[23-Apr-2026 06:07:08 UTC] MERC_POD_DEBUG - shipmentID= context=syncMonto methods_count=0
[23-Apr-2026 06:07:08 UTC] MERC_POD_DEBUG - shipmentID= context=syncMonto methods_count=0
[23-Apr-2026 06:07:08 UTC] MERC_POD_DEBUG - shipmentID= context=syncMonto methods_count=0
[23-Apr-2026 06:07:08 UTC] MERC_POD_DEBUG - shipmentID= context=syncMonto methods_count=0
[23-Apr-2026 06:07:08 UTC] 🔔 [MERC_LOG] Inicializado logger diario: /home/u727114368/domains/mercourier.com/public_html/wp-content/merc_logs/merc-debug-2026-04-23.log
[23-Apr-2026 06:07:08 UTC] 🔔 [MERC_LOG] Inicializado logger diario: /home/u727114368/domains/mercourier.com/public_html/wp-content/merc_logs/merc-debug-2026-04-23.log
[23-Apr-2026 06:07:08 UTC] 🔔 [MERC_LOG] Inicializado logger diario: /home/u727114368/domains/mercourier.com/public_html/wp-content/merc_logs/merc-debug-2026-04-23.log
[23-Apr-2026 06:07:08 UTC] 🔔 [MERC_LOG] Inicializado logger diario: /home/u727114368/domains/mercourier.com/public_html/wp-content/merc_logs/merc-debug-2026-04-23.log
[23-Apr-2026 06:07:08 UTC] MERC_POD_DEBUG - shipmentID= context=syncMonto methods_count=0
[23-Apr-2026 06:07:08 UTC] MERC_POD_DEBUG - shipmentID= context=syncMonto methods_count=0
[23-Apr-2026 06:07:08 UTC] 🔔 [MERC_LOG] Inicializado logger diario: /home/u727114368/domains/mercourier.com/public_html/wp-content/merc_logs/merc-debug-2026-04-23.log
[23-Apr-2026 06:07:08 UTC] 🔔 [MERC_LOG] Inicializado logger diario: /home/u727114368/domains/mercourier.com/public_html/wp-content/merc_logs/merc-debug-2026-04-23.log
[23-Apr-2026 06:07:08 UTC] MERC_POD_DEBUG - shipmentID= context=syncMonto methods_count=0
[23-Apr-2026 06:07:08 UTC] MERC_POD_DEBUG - shipmentID= context=syncMonto methods_count=0
[23-Apr-2026 06:07:08 UTC] MERC_POD_DEBUG - shipmentID= context=syncMonto methods_count=0
[23-Apr-2026 06:07:08 UTC] MERC_POD_DEBUG - shipmentID= context=syncMonto methods_count=0
[23-Apr-2026 06:07:08 UTC] MERC_POD_DEBUG - shipmentID= context=syncMonto methods_count=0
[23-Apr-2026 06:07:08 UTC] MERC_POD_DEBUG - shipmentID= context=syncMonto methods_count=0
[23-Apr-2026 06:07:08 UTC] 🔔 [MERC_LOG] Inicializado logger diario: /home/u727114368/domains/mercourier.com/public_html/wp-content/merc_logs/merc-debug-2026-04-23.log
[23-Apr-2026 06:07:23 UTC] 🔔 [MERC_LOG] Inicializado logger diario: /home/u727114368/domains/mercourier.com/public_html/wp-content/merc_logs/merc-debug-2026-04-23.log
[23-Apr-2026 06:07:41 UTC] 🔔 [MERC_LOG] Inicializado logger diario: /home/u727114368/domains/mercourier.com/public_html/wp-content/merc_logs/merc-debug-2026-04-23.log
[23-Apr-2026 06:07:41 UTC] 🔔 [MERC_LOG] Inicializado logger diario: /home/u727114368/domains/mercourier.com/public_html/wp-content/merc_logs/merc-debug-2026-04-23.log
[23-Apr-2026 06:07:41 UTC] MERC_POD_DEBUG - shipmentID= context=syncMonto methods_count=0
[23-Apr-2026 06:07:41 UTC] MERC_POD_DEBUG - shipmentID= context=syncMonto methods_count=0
[23-Apr-2026 06:07:42 UTC] 🔔 [MERC_LOG] Inicializado logger diario: /home/u727114368/domains/mercourier.com/public_html/wp-content/merc_logs/merc-debug-2026-04-23.log
[23-Apr-2026 06:07:42 UTC] 🔔 [MERC_LOG] Inicializado logger diario: /home/u727114368/domains/mercourier.com/public_html/wp-content/merc_logs/merc-debug-2026-04-23.log
[23-Apr-2026 06:07:42 UTC] 🔔 [MERC_LOG] Inicializado logger diario: /home/u727114368/domains/mercourier.com/public_html/wp-content/merc_logs/merc-debug-2026-04-23.log
[23-Apr-2026 06:07:42 UTC] MERC_POD_DEBUG - shipmentID= context=syncMonto methods_count=0
[23-Apr-2026 06:07:42 UTC] MERC_POD_DEBUG - shipmentID= context=syncMonto methods_count=0
[23-Apr-2026 06:07:42 UTC] 🔔 [MERC_LOG] Inicializado logger diario: /home/u727114368/domains/mercourier.com/public_html/wp-content/merc_logs/merc-debug-2026-04-23.log
[23-Apr-2026 06:07:45 UTC] 🔔 [MERC_LOG] Inicializado logger diario: /home/u727114368/domains/mercourier.com/public_html/wp-content/merc_logs/merc-debug-2026-04-23.log
[23-Apr-2026 06:07:45 UTC] 🔔 [MERC_LOG] Inicializado logger diario: /home/u727114368/domains/mercourier.com/public_html/wp-content/merc_logs/merc-debug-2026-04-23.log
[23-Apr-2026 06:07:45 UTC] 🔔 [MERC_LOG] Inicializado logger diario: /home/u727114368/domains/mercourier.com/public_html/wp-content/merc_logs/merc-debug-2026-04-23.log
[23-Apr-2026 06:07:45 UTC] MERC_POD_DEBUG - shipmentID= context=syncMonto methods_count=0
[23-Apr-2026 06:07:45 UTC] MERC_POD_DEBUG - shipmentID= context=syncMonto methods_count=0
[23-Apr-2026 06:07:45 UTC] MERC_POD_DEBUG - shipmentID= context=syncMonto methods_count=0
[23-Apr-2026 06:07:48 UTC] 🔔 [MERC_LOG] Inicializado logger diario: /home/u727114368/domains/mercourier.com/public_html/wp-content/merc_logs/merc-debug-2026-04-23.log
[23-Apr-2026 06:07:48 UTC] 🔒 [PRE-INSERT] Verificando unicidad de tracking: MERC-000001
[23-Apr-2026 06:07:48 UTC] ✅ [PRE-INSERT] Tracking único: MERC-000001
[23-Apr-2026 06:07:48 UTC] 🔄 [guardar_tipo_envio_shipment] INICIADO - post_id: 6671
[23-Apr-2026 06:07:48 UTC]    post_type: wpcargo_shipment
[23-Apr-2026 06:07:48 UTC]    ✅ Es wpcargo_shipment, continuando...
[23-Apr-2026 06:07:48 UTC] 📌 guardar_tipo_envio - GET[type]: normal
[23-Apr-2026 06:07:48 UTC] ✅ guardar_tipo_envio ÉXITO - ID: 6671 | Tipo: normal
[23-Apr-2026 06:07:48 UTC] 🔍 VERIFICANDO DECREMENTO: Cliente #1 | Envío #6671 | Fecha desbloqueo:  | Hoy: 2026-04-23 | Envíos permitidos: 0
[23-Apr-2026 06:07:48 UTC] ❌ NO SE DECREMENTA: Desbloqueo no activo o sin envíos permitidos
[23-Apr-2026 06:07:48 UTC] ✅ Iniciando guardado de producto para envío #6671
[23-Apr-2026 06:07:48 UTC]    📝 Tipo obtenido desde REQUEST[type]: normal
[23-Apr-2026 06:07:48 UTC] 📦 Datos recibidos - Producto ID: 0, Cantidad: 1, Tipo: 'normal', Es Full Fitment: NO
[23-Apr-2026 06:07:48 UTC] 🔍 ASIGNACIÓN ESTADO - Iniciando para envío #6671
[23-Apr-2026 06:07:48 UTC]    ✅ Tipo ya estaba en meta: normal
[23-Apr-2026 06:07:48 UTC]    Tipo normalizado: 'normal'
[23-Apr-2026 06:07:48 UTC] 📦 MERC EMPRENDEDOR detectado
[23-Apr-2026 06:07:48 UTC]    Estados de recojo configurados: 1
[23-Apr-2026 06:07:48 UTC]    Primer estado de recojo: 'PENDIENTE'
[23-Apr-2026 06:07:48 UTC] ✅ ASIGNACIÓN ESTADO - EMPRENDEDOR detectado: '' → 'PENDIENTE' (verificado: 'PENDIENTE')
[23-Apr-2026 06:07:48 UTC] 🔍 Full Fitment verificación #6671 - Tipo: 'normal' -> Es full fitment: NO
[23-Apr-2026 06:07:48 UTC] ⏭️ Full Fitment #6671 - NO es full fitment, saltando
[23-Apr-2026 06:07:48 UTC] 💰 [SAVE_FINANCIAL] === GUARDANDO DATOS FINANCIEROS - Envío #6671 ===
[23-Apr-2026 06:07:48 UTC] 💰 [SAVE_FINANCIAL] Costo producto desde POST: 0.00
[23-Apr-2026 06:07:48 UTC] 💰 [SAVE_FINANCIAL] Costo envío desde POST: 10.00
[23-Apr-2026 06:07:48 UTC] 💰 [SAVE_FINANCIAL] Distrito destino: Jesús María
[23-Apr-2026 06:07:48 UTC] 💰 [SAVE_FINANCIAL] Costo envío GUARDADO en meta: 10.00
[23-Apr-2026 06:07:48 UTC] 💰 [SAVE_FINANCIAL] Cargo remitente desde POST: 0
[23-Apr-2026 06:07:48 UTC] 💰 [SAVE_FINANCIAL] === FIN GUARDADO DATOS FINANCIEROS ===
[23-Apr-2026 06:07:48 UTC] 🔍 [SAVE_FINANCIAL] Verificación inmediata - Costo envío en DB: 10.00
[23-Apr-2026 06:07:48 UTC] ✅ [MERC_FORCE_DECIMAL] Shipment #6671 wpcargo_total_cobrar forced to 10.00
[23-Apr-2026 06:07:48 UTC] 🔍 AUTO-ASIGNACIÓN INICIADA - Envío #6671
[23-Apr-2026 06:07:48 UTC] 📦 AUTO-ASIGNACIÓN - Tipo de envío: normal
[23-Apr-2026 06:07:48 UTC] 🎯 AUTO-ASIGNACIÓN - EMPRENDEDOR detectado, distrito recojo: La Victoria → contenedor de RECOJO
[23-Apr-2026 06:07:48 UTC] ✅ Auto-asignación - Envío #6671: shipment_container_recojo #3730 asignado
[23-Apr-2026 06:07:48 UTC] 📍 Auto-asignación EMPRENDEDOR - Validando contenedores para RECOJO y ENTREGA...
[23-Apr-2026 06:07:48 UTC] 📍 Auto-asignación EMPRENDEDOR - Asignando contenedor de ENTREGA para: Jesús María
[23-Apr-2026 06:07:48 UTC] ⚠️ Auto-asignación EMPRENDEDOR - No se encontró contenedor de entrega para: Jesús María
[23-Apr-2026 06:07:48 UTC] 🔚 [FINAL_VERIFICATION] Envío #6671 | Tipo: normal | Distrito:  | Costo FINAL: 10.00
[23-Apr-2026 06:07:48 UTC] 🔄 [guardar_tipo_envio_shipment] INICIADO - post_id: 6671
[23-Apr-2026 06:07:48 UTC]    post_type: wpcargo_shipment
[23-Apr-2026 06:07:48 UTC]    ✅ Es wpcargo_shipment, continuando...
[23-Apr-2026 06:07:48 UTC] 📌 guardar_tipo_envio - GET[type]: normal
[23-Apr-2026 06:07:48 UTC] ✅ guardar_tipo_envio ÉXITO - ID: 6671 | Tipo: normal
[23-Apr-2026 06:07:48 UTC] PHP Warning:  Undefined array key "location" in /home/u727114368/domains/mercourier.com/public_html/wp-content/plugins/wpcargo-frontend-manager/admin/includes/hooks.php on line 729
[23-Apr-2026 06:07:48 UTC] ✅ [FRONTEND SAVE] Envío #6671: tipo_envio = normal | es_merc = YES
[23-Apr-2026 06:07:48 UTC] ✅ [FRONTEND SAVE] Envío #6671: shipment_container_recojo #3730 guardado desde frontend
[23-Apr-2026 06:07:48 UTC] ✅ [FRONTEND SAVE] Envío #6671: shipment_container_entrega #3724 guardado desde frontend
[23-Apr-2026 06:07:48 UTC] 
🎯 [HOOK: after_wpcfe_save_shipment] DISPARADO para envío #6671
[23-Apr-2026 06:07:48 UTC] 
🔧 [ASIGNAR ESTADO FINAL] Ejecutando para envío #6671
[23-Apr-2026 06:07:48 UTC]    📦 Tipo de envío: normal
[23-Apr-2026 06:07:48 UTC]    📌 Estado actual en BD: PENDIENTE
[23-Apr-2026 06:07:48 UTC]    📦 Tipo NORMAL/EMPRENDEDOR - Verificando estado
[23-Apr-2026 06:07:48 UTC] 
━━━━━━━━━━━━━━━━━━━━━━━━━━━━━━━━━━━━━━━━━━━━━━
🆕 AUTO-ASIGNAR MOTORIZADO (Nuevo Envío)
━━━━━━━━━━━━━━━━━━━━━━━━━━━━━━━━━━━━━━━━━━━━━━
[23-Apr-2026 06:07:48 UTC] 📝 Hook ejecutado para envío: #6671
[23-Apr-2026 06:07:48 UTC] 👤 Usuario (registered_shipper): 3
[23-Apr-2026 06:07:48 UTC] 🔍 Buscando 'merc_motorizo_recojo_default' para usuario #3...
[23-Apr-2026 06:07:48 UTC]    Valor encontrado: VACÍO/NO EXISTE
[23-Apr-2026 06:07:48 UTC] ℹ️ Usuario #3 NO tiene motorizado default configurado
[23-Apr-2026 06:07:48 UTC] ━━━━━━━━━━━━━━━━━━━━━━━━━━━━━━━━━━━━━━━━━━━━━━

[23-Apr-2026 06:07:49 UTC] 📝 [EDIT_FORM_LOAD] Envío #3527 | Tipo:  | Costo envío: 0
[23-Apr-2026 06:07:49 UTC] ⚠️ Tipo de envío no es full_fitment, saltando selector de productos
[23-Apr-2026 06:07:49 UTC] 🔍 [CONTAINER_DETAILS] Envío # | tipo_envio desde POST: normal | tipo_envio desde meta:  | tipo_envio final: normal | es_merc: YES
[23-Apr-2026 06:07:50 UTC] 🔔 [MERC_LOG] Inicializado logger diario: /home/u727114368/domains/mercourier.com/public_html/wp-content/merc_logs/merc-debug-2026-04-23.log
[23-Apr-2026 06:07:50 UTC] 🔔 [MERC_LOG] Inicializado logger diario: /home/u727114368/domains/mercourier.com/public_html/wp-content/merc_logs/merc-debug-2026-04-23.log
[23-Apr-2026 06:07:50 UTC] 🔔 [MERC_LOG] Inicializado logger diario: /home/u727114368/domains/mercourier.com/public_html/wp-content/merc_logs/merc-debug-2026-04-23.log
[23-Apr-2026 06:07:50 UTC] MERC_POD_DEBUG - shipmentID= context=syncMonto methods_count=0
[23-Apr-2026 06:07:50 UTC] 🔍 [AJAX] Consultando desbloqueo parcial para NORMAL
[23-Apr-2026 06:07:50 UTC]    Meta key: merc_desbloqueo_parcial_NORMAL
[23-Apr-2026 06:07:50 UTC]    Unlock info: ""
[23-Apr-2026 06:07:50 UTC]    Force date: 
[23-Apr-2026 06:07:50 UTC] 🔔 [MERC_LOG] Inicializado logger diario: /home/u727114368/domains/mercourier.com/public_html/wp-content/merc_logs/merc-debug-2026-04-23.log
[23-Apr-2026 06:07:50 UTC] MERC_POD_DEBUG - shipmentID= context=syncMonto methods_count=0
[23-Apr-2026 06:07:50 UTC] 🔄 [RESETEO DIARIO] Usuario 1 | Fecha: 2026-04-23
[23-Apr-2026 06:07:51 UTC] 🔔 [MERC_LOG] Inicializado logger diario: /home/u727114368/domains/mercourier.com/public_html/wp-content/merc_logs/merc-debug-2026-04-23.log
[23-Apr-2026 06:07:51 UTC] 🔔 [MERC_LOG] Inicializado logger diario: /home/u727114368/domains/mercourier.com/public_html/wp-content/merc_logs/merc-debug-2026-04-23.log
[23-Apr-2026 06:07:51 UTC] 🔔 [MERC_LOG] Inicializado logger diario: /home/u727114368/domains/mercourier.com/public_html/wp-content/merc_logs/merc-debug-2026-04-23.log
[23-Apr-2026 06:07:51 UTC] 🔔 [MERC_LOG] Inicializado logger diario: /home/u727114368/domains/mercourier.com/public_html/wp-content/merc_logs/merc-debug-2026-04-23.log
[23-Apr-2026 06:07:51 UTC] MERC_POD_DEBUG - shipmentID= context=syncMonto methods_count=0
[23-Apr-2026 06:07:51 UTC] MERC_POD_DEBUG - shipmentID= context=syncMonto methods_count=0
[23-Apr-2026 06:07:51 UTC] MERC_POD_DEBUG - shipmentID= context=syncMonto methods_count=0
[23-Apr-2026 06:07:51 UTC] MERC_POD_DEBUG - shipmentID= context=syncMonto methods_count=0
[23-Apr-2026 06:07:51 UTC] 🔔 [MERC_LOG] Inicializado logger diario: /home/u727114368/domains/mercourier.com/public_html/wp-content/merc_logs/merc-debug-2026-04-23.log
[23-Apr-2026 06:07:51 UTC] 🔔 [MERC_LOG] Inicializado logger diario: /home/u727114368/domains/mercourier.com/public_html/wp-content/merc_logs/merc-debug-2026-04-23.log
[23-Apr-2026 06:07:51 UTC] 🔔 [MERC_LOG] Inicializado logger diario: /home/u727114368/domains/mercourier.com/public_html/wp-content/merc_logs/merc-debug-2026-04-23.log
[23-Apr-2026 06:07:51 UTC] MERC_POD_DEBUG - shipmentID= context=syncMonto methods_count=0
[23-Apr-2026 06:07:51 UTC] 🔔 [MERC_LOG] Inicializado logger diario: /home/u727114368/domains/mercourier.com/public_html/wp-content/merc_logs/merc-debug-2026-04-23.log
[23-Apr-2026 06:07:51 UTC] MERC_POD_DEBUG - shipmentID= context=syncMonto methods_count=0
[23-Apr-2026 06:07:51 UTC] 🔔 [MERC_LOG] Inicializado logger diario: /home/u727114368/domains/mercourier.com/public_html/wp-content/merc_logs/merc-debug-2026-04-23.log
[23-Apr-2026 06:07:51 UTC] MERC_POD_DEBUG - shipmentID= context=syncMonto methods_count=0
[23-Apr-2026 06:07:51 UTC] MERC_POD_DEBUG - shipmentID= context=syncMonto methods_count=0
[23-Apr-2026 06:07:51 UTC] MERC_POD_DEBUG - shipmentID= context=syncMonto methods_count=0
[23-Apr-2026 06:07:51 UTC] 🔔 [MERC_LOG] Inicializado logger diario: /home/u727114368/domains/mercourier.com/public_html/wp-content/merc_logs/merc-debug-2026-04-23.log
[23-Apr-2026 06:07:51 UTC] 🔔 [MERC_LOG] Inicializado logger diario: /home/u727114368/domains/mercourier.com/public_html/wp-content/merc_logs/merc-debug-2026-04-23.log
[23-Apr-2026 06:07:51 UTC] 🔔 [MERC_LOG] Inicializado logger diario: /home/u727114368/domains/mercourier.com/public_html/wp-content/merc_logs/merc-debug-2026-04-23.log
[23-Apr-2026 06:07:51 UTC] 🔔 [MERC_LOG] Inicializado logger diario: /home/u727114368/domains/mercourier.com/public_html/wp-content/merc_logs/merc-debug-2026-04-23.log
[23-Apr-2026 06:07:51 UTC] MERC_POD_DEBUG - shipmentID= context=syncMonto methods_count=0
[23-Apr-2026 06:07:51 UTC] MERC_POD_DEBUG - shipmentID= context=syncMonto methods_count=0
[23-Apr-2026 06:07:51 UTC] MERC_POD_DEBUG - shipmentID= context=syncMonto methods_count=0
[23-Apr-2026 06:07:52 UTC] 🔔 [MERC_LOG] Inicializado logger diario: /home/u727114368/domains/mercourier.com/public_html/wp-content/merc_logs/merc-debug-2026-04-23.log
[23-Apr-2026 06:07:52 UTC] 🔔 [MERC_LOG] Inicializado logger diario: /home/u727114368/domains/mercourier.com/public_html/wp-content/merc_logs/merc-debug-2026-04-23.log
[23-Apr-2026 06:07:53 UTC] 🔵 [FILTER] filter_shipment_by_date_and_tiendaname llamado
[23-Apr-2026 06:07:53 UTC] 🔵 [FILTER] Usuario actual: 1
[23-Apr-2026 06:07:53 UTC] 🔵 [FILTER] Args iniciales: {"post_type":"wpcargo_shipment","post_status":"publish","posts_per_page":"100","paged":1,"s":"","meta_query":{"relation":"AND","0":[]},"date_query":[{"after":"2026-02-22","before":"2026-04-23","inclusive":true}]}
[23-Apr-2026 06:07:53 UTC] 🔵 [FILTER] GET params: Array
(
)

[23-Apr-2026 06:07:53 UTC] 🔵 [FILTER] Sin parámetros de fecha, aplicando HOY por defecto: 2026-04-23
[23-Apr-2026 06:07:53 UTC] 🔵 [FILTER] Fecha desde: '2026-04-23' | Fecha hasta: '2026-04-23'
[23-Apr-2026 06:07:53 UTC] 🔵 [FILTER] has_from: true | has_to: true
[23-Apr-2026 06:07:53 UTC] 🔵 [FILTER] REMOVIENDO date_query para evitar conflicto
[23-Apr-2026 06:07:53 UTC] 🔵 [FILTER] SQL Query: 
            SELECT DISTINCT p.ID 
            FROM wp_posts p
            INNER JOIN wp_postmeta pm ON p.ID = pm.post_id
            WHERE p.post_type = 'wpcargo_shipment'
            AND pm.meta_key IN ('wpcargo_pickup_date_picker', 'wpcargo_pickup_date', 'calendarenvio', 'wpcargo_fecha_envio')
            AND (STR_TO_DATE(pm.meta_value, '%d/%m/%Y') >= STR_TO_DATE('2026-04-23', '%Y-%m-%d') AND STR_TO_DATE(pm.meta_value, '%d/%m/%Y') <= STR_TO_DATE('2026-04-23', '%Y-%m-%d'))
        
[23-Apr-2026 06:07:53 UTC] 🔵 [FILTER] IDs encontrados por fecha: 1
[23-Apr-2026 06:07:53 UTC] 🔵 [FILTER] Primeros 10 IDs: 6671
[23-Apr-2026 06:07:53 UTC] 🔵 [FILTER] post__in no existe, creando nuevo
[23-Apr-2026 06:07:53 UTC] 🔵 [FILTER] post_status cambiado a array para incluir estados normales (EXCLUYENDO trash)
[23-Apr-2026 06:07:53 UTC] 🔵 [FILTER] Args finales: {"post_type":"wpcargo_shipment","post_status":["publish","draft","pending","private"],"posts_per_page":"100","paged":1,"s":"","meta_query":{"relation":"AND","0":[]},"post__in":["6671"]}
[23-Apr-2026 06:07:55 UTC] 🔔 [MERC_LOG] Inicializado logger diario: /home/u727114368/domains/mercourier.com/public_html/wp-content/merc_logs/merc-debug-2026-04-23.log
[23-Apr-2026 06:07:55 UTC] 🔔 [MERC_LOG] Inicializado logger diario: /home/u727114368/domains/mercourier.com/public_html/wp-content/merc_logs/merc-debug-2026-04-23.log
[23-Apr-2026 06:08:05 UTC] 🔔 [MERC_LOG] Inicializado logger diario: /home/u727114368/domains/mercourier.com/public_html/wp-content/merc_logs/merc-debug-2026-04-23.log
[23-Apr-2026 06:08:09 UTC] 🔔 [MERC_LOG] Inicializado logger diario: /home/u727114368/domains/mercourier.com/public_html/wp-content/merc_logs/merc-debug-2026-04-23.log
[23-Apr-2026 06:08:14 UTC] 🔔 [MERC_LOG] Inicializado logger diario: /home/u727114368/domains/mercourier.com/public_html/wp-content/merc_logs/merc-debug-2026-04-23.log
[23-Apr-2026 06:08:15 UTC] 🔔 [MERC_LOG] Inicializado logger diario: /home/u727114368/domains/mercourier.com/public_html/wp-content/merc_logs/merc-debug-2026-04-23.log
[23-Apr-2026 06:08:17 UTC] 🔔 [MERC_LOG] Inicializado logger diario: /home/u727114368/domains/mercourier.com/public_html/wp-content/merc_logs/merc-debug-2026-04-23.log
[23-Apr-2026 06:08:23 UTC] 🔔 [MERC_LOG] Inicializado logger diario: /home/u727114368/domains/mercourier.com/public_html/wp-content/merc_logs/merc-debug-2026-04-23.log
[23-Apr-2026 06:08:27 UTC] 🔔 [MERC_LOG] Inicializado logger diario: /home/u727114368/domains/mercourier.com/public_html/wp-content/merc_logs/merc-debug-2026-04-23.log
[23-Apr-2026 06:08:27 UTC] 🔵 [FILTER] filter_shipment_by_date_and_tiendaname llamado
[23-Apr-2026 06:08:27 UTC] 🔵 [FILTER] Usuario actual: 1
[23-Apr-2026 06:08:27 UTC] 🔵 [FILTER] Args iniciales: {"post_type":"wpcargo_shipment","post_status":"publish","posts_per_page":"100","paged":1,"s":"","meta_query":{"relation":"AND","0":[]},"date_query":[{"after":"2026-02-22","before":"2026-04-23","inclusive":true}]}
[23-Apr-2026 06:08:27 UTC] 🔵 [FILTER] GET params: Array
(
)

[23-Apr-2026 06:08:27 UTC] 🔵 [FILTER] Sin parámetros de fecha, aplicando HOY por defecto: 2026-04-23
[23-Apr-2026 06:08:27 UTC] 🔵 [FILTER] Fecha desde: '2026-04-23' | Fecha hasta: '2026-04-23'
[23-Apr-2026 06:08:27 UTC] 🔵 [FILTER] has_from: true | has_to: true
[23-Apr-2026 06:08:27 UTC] 🔵 [FILTER] REMOVIENDO date_query para evitar conflicto
[23-Apr-2026 06:08:27 UTC] 🔵 [FILTER] SQL Query: 
            SELECT DISTINCT p.ID 
            FROM wp_posts p
            INNER JOIN wp_postmeta pm ON p.ID = pm.post_id
            WHERE p.post_type = 'wpcargo_shipment'
            AND pm.meta_key IN ('wpcargo_pickup_date_picker', 'wpcargo_pickup_date', 'calendarenvio', 'wpcargo_fecha_envio')
            AND (STR_TO_DATE(pm.meta_value, '%d/%m/%Y') >= STR_TO_DATE('2026-04-23', '%Y-%m-%d') AND STR_TO_DATE(pm.meta_value, '%d/%m/%Y') <= STR_TO_DATE('2026-04-23', '%Y-%m-%d'))
        
[23-Apr-2026 06:08:27 UTC] 🔵 [FILTER] IDs encontrados por fecha: 1
[23-Apr-2026 06:08:27 UTC] 🔵 [FILTER] Primeros 10 IDs: 6671
[23-Apr-2026 06:08:27 UTC] 🔵 [FILTER] post__in no existe, creando nuevo
[23-Apr-2026 06:08:27 UTC] 🔵 [FILTER] post_status cambiado a array para incluir estados normales (EXCLUYENDO trash)
[23-Apr-2026 06:08:27 UTC] 🔵 [FILTER] Args finales: {"post_type":"wpcargo_shipment","post_status":["publish","draft","pending","private"],"posts_per_page":"100","paged":1,"s":"","meta_query":{"relation":"AND","0":[]},"post__in":["6671"]}
[23-Apr-2026 06:08:29 UTC] 🔔 [MERC_LOG] Inicializado logger diario: /home/u727114368/domains/mercourier.com/public_html/wp-content/merc_logs/merc-debug-2026-04-23.log
[23-Apr-2026 06:08:29 UTC] 🔔 [MERC_LOG] Inicializado logger diario: /home/u727114368/domains/mercourier.com/public_html/wp-content/merc_logs/merc-debug-2026-04-23.log
[23-Apr-2026 06:08:32 UTC] 🔔 [MERC_LOG] Inicializado logger diario: /home/u727114368/domains/mercourier.com/public_html/wp-content/merc_logs/merc-debug-2026-04-23.log
[23-Apr-2026 06:08:40 UTC] 🔔 [MERC_LOG] Inicializado logger diario: /home/u727114368/domains/mercourier.com/public_html/wp-content/merc_logs/merc-debug-2026-04-23.log
[23-Apr-2026 06:08:40 UTC] 🔔 [MERC_LOG] Inicializado logger diario: /home/u727114368/domains/mercourier.com/public_html/wp-content/merc_logs/merc-debug-2026-04-23.log
[23-Apr-2026 06:08:41 UTC] 🔔 [MERC_LOG] Inicializado logger diario: /home/u727114368/domains/mercourier.com/public_html/wp-content/merc_logs/merc-debug-2026-04-23.log
[23-Apr-2026 06:08:44 UTC] 🔔 [MERC_LOG] Inicializado logger diario: /home/u727114368/domains/mercourier.com/public_html/wp-content/merc_logs/merc-debug-2026-04-23.log
[23-Apr-2026 06:08:44 UTC] 🔒 [PRE-INSERT] Verificando unicidad de tracking: DHV26042374P9
[23-Apr-2026 06:08:44 UTC] ✅ [PRE-INSERT] Tracking único: DHV26042374P9
[23-Apr-2026 06:08:44 UTC] 🔄 [guardar_tipo_envio_shipment] INICIADO - post_id: 6672
[23-Apr-2026 06:08:44 UTC]    post_type: wpcargo_shipment
[23-Apr-2026 06:08:44 UTC]    ✅ Es wpcargo_shipment, continuando...
[23-Apr-2026 06:08:44 UTC] ⏭️  guardar_tipo_envio - No hay tipo_envio aún (normalizará en STEP 1 si es importación) - ID: 6672
[23-Apr-2026 06:08:44 UTC] 🔍 VERIFICANDO DECREMENTO: Cliente #1 | Envío #6672 | Fecha desbloqueo:  | Hoy: 2026-04-23 | Envíos permitidos: 0
[23-Apr-2026 06:08:44 UTC] ❌ NO SE DECREMENTA: Desbloqueo no activo o sin envíos permitidos
[23-Apr-2026 06:08:44 UTC] ✅ Iniciando guardado de producto para envío #6672
[23-Apr-2026 06:08:44 UTC]    📝 Tipo obtenido desde meta: 
[23-Apr-2026 06:08:44 UTC] 📦 Datos recibidos - Producto ID: 0, Cantidad: 1, Tipo: '', Es Full Fitment: NO
[23-Apr-2026 06:08:44 UTC] 🔍 ASIGNACIÓN ESTADO - Iniciando para envío #6672
[23-Apr-2026 06:08:44 UTC] ❌ ASIGNACIÓN ESTADO - Tipo de envío vacío, abortando
[23-Apr-2026 06:08:44 UTC] 🔍 Full Fitment verificación #6672 - Tipo: '' -> Es full fitment: NO
[23-Apr-2026 06:08:44 UTC] ⏭️ Full Fitment #6672 - NO es full fitment, saltando
[23-Apr-2026 06:08:44 UTC] 💰 [SAVE_FINANCIAL] === GUARDANDO DATOS FINANCIEROS - Envío #6672 ===
[23-Apr-2026 06:08:44 UTC] ⚠️ [SAVE_FINANCIAL] wpcargo_costo_envio NO está en POST
[23-Apr-2026 06:08:44 UTC] 💰 [SAVE_FINANCIAL] === FIN GUARDADO DATOS FINANCIEROS ===
[23-Apr-2026 06:08:44 UTC] 🔍 [SAVE_FINANCIAL] Verificación inmediata - Costo envío en DB: 
[23-Apr-2026 06:08:44 UTC] 🔍 AUTO-ASIGNACIÓN INICIADA - Envío #6672
[23-Apr-2026 06:08:44 UTC] 📦 AUTO-ASIGNACIÓN - Tipo de envío: NO DEFINIDO
[23-Apr-2026 06:08:44 UTC] ❌ AUTO-ASIGNACIÓN - No se pudo determinar el distrito o tipo de contenedor (tipo_envio=), abortando
[23-Apr-2026 06:08:44 UTC] 🔚 [FINAL_VERIFICATION] Envío #6672 | Tipo:  | Distrito:  | Costo FINAL: 
[23-Apr-2026 06:08:44 UTC] 🔄 [guardar_tipo_envio_shipment] INICIADO - post_id: 6672
[23-Apr-2026 06:08:44 UTC]    post_type: wpcargo_shipment
[23-Apr-2026 06:08:44 UTC]    ✅ Es wpcargo_shipment, continuando...
[23-Apr-2026 06:08:44 UTC] ⏭️  guardar_tipo_envio - No hay tipo_envio aún (normalizará en STEP 1 si es importación) - ID: 6672
[23-Apr-2026 06:09:01 UTC] 🔔 [MERC_LOG] Inicializado logger diario: /home/u727114368/domains/mercourier.com/public_html/wp-content/merc_logs/merc-debug-2026-04-23.log
[23-Apr-2026 06:09:02 UTC] 🔵 [FILTER] filter_shipment_by_date_and_tiendaname llamado
[23-Apr-2026 06:09:02 UTC] 🔵 [FILTER] Usuario actual: 1
[23-Apr-2026 06:09:02 UTC] 🔵 [FILTER] Args iniciales: {"post_type":"wpcargo_shipment","post_status":"publish","posts_per_page":"100","paged":1,"s":"","meta_query":{"relation":"AND","0":[]},"date_query":[{"after":"2026-02-22","before":"2026-04-23","inclusive":true}]}
[23-Apr-2026 06:09:02 UTC] 🔵 [FILTER] GET params: Array
(
)

[23-Apr-2026 06:09:02 UTC] 🔵 [FILTER] Sin parámetros de fecha, aplicando HOY por defecto: 2026-04-23
[23-Apr-2026 06:09:02 UTC] 🔵 [FILTER] Fecha desde: '2026-04-23' | Fecha hasta: '2026-04-23'
[23-Apr-2026 06:09:02 UTC] 🔵 [FILTER] has_from: true | has_to: true
[23-Apr-2026 06:09:02 UTC] 🔵 [FILTER] REMOVIENDO date_query para evitar conflicto
[23-Apr-2026 06:09:02 UTC] 🔵 [FILTER] SQL Query: 
            SELECT DISTINCT p.ID 
            FROM wp_posts p
            INNER JOIN wp_postmeta pm ON p.ID = pm.post_id
            WHERE p.post_type = 'wpcargo_shipment'
            AND pm.meta_key IN ('wpcargo_pickup_date_picker', 'wpcargo_pickup_date', 'calendarenvio', 'wpcargo_fecha_envio')
            AND (STR_TO_DATE(pm.meta_value, '%d/%m/%Y') >= STR_TO_DATE('2026-04-23', '%Y-%m-%d') AND STR_TO_DATE(pm.meta_value, '%d/%m/%Y') <= STR_TO_DATE('2026-04-23', '%Y-%m-%d'))
        
[23-Apr-2026 06:09:02 UTC] 🔵 [FILTER] IDs encontrados por fecha: 1
[23-Apr-2026 06:09:02 UTC] 🔵 [FILTER] Primeros 10 IDs: 6671
[23-Apr-2026 06:09:02 UTC] 🔵 [FILTER] post__in no existe, creando nuevo
[23-Apr-2026 06:09:02 UTC] 🔵 [FILTER] post_status cambiado a array para incluir estados normales (EXCLUYENDO trash)
[23-Apr-2026 06:09:02 UTC] 🔵 [FILTER] Args finales: {"post_type":"wpcargo_shipment","post_status":["publish","draft","pending","private"],"posts_per_page":"100","paged":1,"s":"","meta_query":{"relation":"AND","0":[]},"post__in":["6671"]}
[23-Apr-2026 06:09:04 UTC] 🔔 [MERC_LOG] Inicializado logger diario: /home/u727114368/domains/mercourier.com/public_html/wp-content/merc_logs/merc-debug-2026-04-23.log
[23-Apr-2026 06:09:06 UTC] 🔔 [MERC_LOG] Inicializado logger diario: /home/u727114368/domains/mercourier.com/public_html/wp-content/merc_logs/merc-debug-2026-04-23.log
[23-Apr-2026 06:09:07 UTC] 🔔 [MERC_LOG] Inicializado logger diario: /home/u727114368/domains/mercourier.com/public_html/wp-content/merc_logs/merc-debug-2026-04-23.log
[23-Apr-2026 06:09:16 UTC] 🔔 [MERC_LOG] Inicializado logger diario: /home/u727114368/domains/mercourier.com/public_html/wp-content/merc_logs/merc-debug-2026-04-23.log
[23-Apr-2026 06:09:17 UTC] 🔔 [MERC_LOG] Inicializado logger diario: /home/u727114368/domains/mercourier.com/public_html/wp-content/merc_logs/merc-debug-2026-04-23.log
[23-Apr-2026 06:09:18 UTC] 🔔 [MERC_LOG] Inicializado logger diario: /home/u727114368/domains/mercourier.com/public_html/wp-content/merc_logs/merc-debug-2026-04-23.log
[23-Apr-2026 06:09:25 UTC] 🔔 [MERC_LOG] Inicializado logger diario: /home/u727114368/domains/mercourier.com/public_html/wp-content/merc_logs/merc-debug-2026-04-23.log
[23-Apr-2026 06:09:25 UTC] 🔔 [MERC_LOG] Inicializado logger diario: /home/u727114368/domains/mercourier.com/public_html/wp-content/merc_logs/merc-debug-2026-04-23.log
[23-Apr-2026 06:09:25 UTC] PHP Deprecated:  ¡La función WP_User-&gt;id ha sido llamada con un argumento que está <strong>obsoleto</strong> desde la versión 2.1.0! Utiliza <code>WP_User-&gt;ID</code> en su lugar. in /home/u727114368/domains/mercourier.com/public_html/wp-includes/functions.php on line 6121
[23-Apr-2026 06:09:25 UTC] 🔍 TABLA USUARIOS - Verificando bloqueo para User #36 (correo@gmail.com)
[23-Apr-2026 06:09:25 UTC]    ✓ Es cliente WPCargo
[23-Apr-2026 06:09:25 UTC]    ✓ Función de bloqueo por envíos pendientes existe, ejecutando...
[23-Apr-2026 06:09:25 UTC] =====================================
[23-Apr-2026 06:09:25 UTC] 🔍 VERIFICANDO BLOQUEO - Cliente: #36 | Fecha: 2026-04-23
[23-Apr-2026 06:09:25 UTC] URL actual: /wpcumanage-users/?ustat=success&uid=3&umsg=Usuario+actualizado+correctamente.
[23-Apr-2026 06:09:25 UTC] =====================================
[23-Apr-2026 06:09:25 UTC] 🔎 SQL Query: 
        SELECT 
            p.ID, 
            p.post_date,
            pm_status.meta_value as estado,
            pm_pago.meta_value as estado_pago,
            pm_fecha_reprog.meta_value as fecha_reprogramada
        FROM wp_posts p
        LEFT JOIN wp_postmeta pm_shipper 
            ON p.ID = pm_shipper.post_id 
            AND pm_shipper.meta_key = 'registered_shipper'
        LEFT JOIN wp_postmeta pm_status 
            ON p.ID = pm_status.post_id 
            AND pm_status.meta_key = 'wpcargo_status'
        LEFT JOIN wp_postmeta pm_pago 
            ON p.ID = pm_pago.post_id 
            AND pm_pago.meta_key = 'wpcargo_estado_pago_remitente'
        LEFT JOIN wp_postmeta pm_fecha_reprog 
            ON p.ID = pm_fecha_reprog.post_id 
            AND pm_fecha_reprog.meta_key = 'wpcargo_pickup_date_picker'
        WHERE p.post_type = 'wpcargo_shipment'
        AND p.post_status = 'publish'
        AND pm_shipper.meta_value = '36'
    
[23-Apr-2026 06:09:25 UTC] 📊 Total envíos del cliente (sin filtrar): 4
[23-Apr-2026 06:09:25 UTC]    📅 Envío #6601: post_date_raw='2026-02-22 15:32:45' | fecha_reprog_raw='22/2/2026' | fecha_efectiva='2026-02-22' | hoy='2026-04-23'
[23-Apr-2026 06:09:25 UTC]       ❌ NO incluido (fecha no coincide)
[23-Apr-2026 06:09:25 UTC]    📅 Envío #6602: post_date_raw='2026-02-22 15:32:45' | fecha_reprog_raw='22/2/2026' | fecha_efectiva='2026-02-22' | hoy='2026-04-23'
[23-Apr-2026 06:09:25 UTC]       ❌ NO incluido (fecha no coincide)
[23-Apr-2026 06:09:25 UTC]    📅 Envío #6603: post_date_raw='2026-02-22 15:32:45' | fecha_reprog_raw='22/2/2026' | fecha_efectiva='2026-02-22' | hoy='2026-04-23'
[23-Apr-2026 06:09:25 UTC]       ❌ NO incluido (fecha no coincide)
[23-Apr-2026 06:09:25 UTC]    📅 Envío #6604: post_date_raw='2026-02-22 15:32:45' | fecha_reprog_raw='22/2/2026' | fecha_efectiva='2026-02-22' | hoy='2026-04-23'
[23-Apr-2026 06:09:25 UTC]       ❌ NO incluido (fecha no coincide)
[23-Apr-2026 06:09:25 UTC] 📦 Total envíos encontrados para HOY: 0
[23-Apr-2026 06:09:25 UTC] ✅ PERMITIDO: Cliente #36 sin envíos hoy - Puede crear
[23-Apr-2026 06:09:25 UTC] =====================================
[23-Apr-2026 06:09:25 UTC]    📊 Bloqueo automático por envíos pendientes: NO BLOQUEADO
[23-Apr-2026 06:09:25 UTC] 🔍 [NORMAL] Verificando bloqueo para cliente #36 - Hora: 01:09
[23-Apr-2026 06:09:25 UTC] ✅ [NORMAL] PERMITIDO
[23-Apr-2026 06:09:25 UTC] 🔍 [EXPRESS] Verificando bloqueo para cliente #36 - Hora: 01:09
[23-Apr-2026 06:09:25 UTC] ✅ [EXPRESS] PERMITIDO
[23-Apr-2026 06:09:25 UTC] 🔍 [FULL_FITMENT] Verificando bloqueo para cliente #36 - Hora: 01:09
[23-Apr-2026 06:09:25 UTC] ✅ [FULL_FITMENT] PERMITIDO
[23-Apr-2026 06:09:25 UTC]    📊 Resultado final: NO BLOQUEADO
[23-Apr-2026 06:09:25 UTC] PHP Deprecated:  ¡La función WP_User-&gt;id ha sido llamada con un argumento que está <strong>obsoleto</strong> desde la versión 2.1.0! Utiliza <code>WP_User-&gt;ID</code> en su lugar. in /home/u727114368/domains/mercourier.com/public_html/wp-includes/functions.php on line 6121
[23-Apr-2026 06:09:25 UTC] 🔍 TABLA USUARIOS - Verificando bloqueo para User #2 (david)
[23-Apr-2026 06:09:25 UTC]    ℹ️ No es cliente WPCargo (roles: wpcargo_driver)
[23-Apr-2026 06:09:25 UTC] PHP Deprecated:  ¡La función WP_User-&gt;id ha sido llamada con un argumento que está <strong>obsoleto</strong> desde la versión 2.1.0! Utiliza <code>WP_User-&gt;ID</code> en su lugar. in /home/u727114368/domains/mercourier.com/public_html/wp-includes/functions.php on line 6121
[23-Apr-2026 06:09:25 UTC] 🔍 TABLA USUARIOS - Verificando bloqueo para User #3 (davidmorilloacuna@gmail.com)
[23-Apr-2026 06:09:25 UTC]    ✓ Es cliente WPCargo
[23-Apr-2026 06:09:25 UTC]    ✓ Función de bloqueo por envíos pendientes existe, ejecutando...
[23-Apr-2026 06:09:25 UTC] =====================================
[23-Apr-2026 06:09:25 UTC] 🔍 VERIFICANDO BLOQUEO - Cliente: #3 | Fecha: 2026-04-23
[23-Apr-2026 06:09:25 UTC] URL actual: /wpcumanage-users/?ustat=success&uid=3&umsg=Usuario+actualizado+correctamente.
[23-Apr-2026 06:09:25 UTC] =====================================
[23-Apr-2026 06:09:25 UTC] 🔎 SQL Query: 
        SELECT 
            p.ID, 
            p.post_date,
            pm_status.meta_value as estado,
            pm_pago.meta_value as estado_pago,
            pm_fecha_reprog.meta_value as fecha_reprogramada
        FROM wp_posts p
        LEFT JOIN wp_postmeta pm_shipper 
            ON p.ID = pm_shipper.post_id 
            AND pm_shipper.meta_key = 'registered_shipper'
        LEFT JOIN wp_postmeta pm_status 
            ON p.ID = pm_status.post_id 
            AND pm_status.meta_key = 'wpcargo_status'
        LEFT JOIN wp_postmeta pm_pago 
            ON p.ID = pm_pago.post_id 
            AND pm_pago.meta_key = 'wpcargo_estado_pago_remitente'
        LEFT JOIN wp_postmeta pm_fecha_reprog 
            ON p.ID = pm_fecha_reprog.post_id 
            AND pm_fecha_reprog.meta_key = 'wpcargo_pickup_date_picker'
        WHERE p.post_type = 'wpcargo_shipment'
        AND p.post_status = 'publish'
        AND pm_shipper.meta_value = '3'
    
[23-Apr-2026 06:09:25 UTC] 📊 Total envíos del cliente (sin filtrar): 9
[23-Apr-2026 06:09:25 UTC]    📅 Envío #6584: post_date_raw='2026-02-21 14:30:19' | fecha_reprog_raw='21/02/2026' | fecha_efectiva='2026-02-21' | hoy='2026-04-23'
[23-Apr-2026 06:09:25 UTC]       ❌ NO incluido (fecha no coincide)
[23-Apr-2026 06:09:25 UTC]    📅 Envío #6641: post_date_raw='2026-02-22 21:51:11' | fecha_reprog_raw='22/2/2026' | fecha_efectiva='2026-02-22' | hoy='2026-04-23'
[23-Apr-2026 06:09:25 UTC]       ❌ NO incluido (fecha no coincide)
[23-Apr-2026 06:09:25 UTC]    📅 Envío #6642: post_date_raw='2026-02-22 21:51:11' | fecha_reprog_raw='22/2/2026' | fecha_efectiva='2026-02-22' | hoy='2026-04-23'
[23-Apr-2026 06:09:25 UTC]       ❌ NO incluido (fecha no coincide)
[23-Apr-2026 06:09:25 UTC]    📅 Envío #6643: post_date_raw='2026-02-22 21:51:11' | fecha_reprog_raw='22/2/2026' | fecha_efectiva='2026-02-22' | hoy='2026-04-23'
[23-Apr-2026 06:09:25 UTC]       ❌ NO incluido (fecha no coincide)
[23-Apr-2026 06:09:25 UTC]    📅 Envío #6644: post_date_raw='2026-02-22 21:51:11' | fecha_reprog_raw='22/2/2026' | fecha_efectiva='2026-02-22' | hoy='2026-04-23'
[23-Apr-2026 06:09:25 UTC]       ❌ NO incluido (fecha no coincide)
[23-Apr-2026 06:09:25 UTC]    📅 Envío #6669: post_date_raw='2026-04-23 00:39:39' | fecha_reprog_raw='' | fecha_efectiva='2026-04-23' | hoy='2026-04-23'
[23-Apr-2026 06:09:25 UTC]       ✅ INCLUIDO en filtrados
[23-Apr-2026 06:09:25 UTC]    📅 Envío #6670: post_date_raw='2026-04-23 01:06:56' | fecha_reprog_raw='2026-04-23' | fecha_efectiva='2026-04-23' | hoy='2026-04-23'
[23-Apr-2026 06:09:25 UTC]       ✅ INCLUIDO en filtrados
[23-Apr-2026 06:09:25 UTC]    📅 Envío #6671: post_date_raw='2026-04-23 01:07:48' | fecha_reprog_raw='23/04/2026' | fecha_efectiva='2026-04-23' | hoy='2026-04-23'
[23-Apr-2026 06:09:25 UTC]       ✅ INCLUIDO en filtrados
[23-Apr-2026 06:09:25 UTC]    📅 Envío #6672: post_date_raw='2026-04-23 01:08:44' | fecha_reprog_raw='2026-04-23' | fecha_efectiva='2026-04-23' | hoy='2026-04-23'
[23-Apr-2026 06:09:25 UTC]       ✅ INCLUIDO en filtrados
[23-Apr-2026 06:09:25 UTC] 📦 Total envíos encontrados para HOY: 4
[23-Apr-2026 06:09:25 UTC] PHP Deprecated:  trim(): Passing null to parameter #1 ($string) of type string is deprecated in /home/u727114368/domains/mercourier.com/public_html/wp-content/themes/blocksy-child/functions.php on line 10417
[23-Apr-2026 06:09:25 UTC]    📅 Envío #6669: Creado=2026-04-23 | Reprog=N/A | Efectiva=2026-04-23 | Estado=pendiente | Pago=
[23-Apr-2026 06:09:25 UTC]    Envío #6669: pendiente → Pendiente de recoger
[23-Apr-2026 06:09:25 UTC] PHP Deprecated:  trim(): Passing null to parameter #1 ($string) of type string is deprecated in /home/u727114368/domains/mercourier.com/public_html/wp-content/themes/blocksy-child/functions.php on line 10417
[23-Apr-2026 06:09:25 UTC]    📅 Envío #6670: Creado=2026-04-23 | Reprog=2026-04-23 | Efectiva=2026-04-23 | Estado=pendiente | Pago=
[23-Apr-2026 06:09:25 UTC]    Envío #6670: pendiente → Pendiente de recoger
[23-Apr-2026 06:09:25 UTC] PHP Deprecated:  trim(): Passing null to parameter #1 ($string) of type string is deprecated in /home/u727114368/domains/mercourier.com/public_html/wp-content/themes/blocksy-child/functions.php on line 10417
[23-Apr-2026 06:09:25 UTC]    📅 Envío #6671: Creado=2026-04-23 | Reprog=1970-01-01 | Efectiva=2026-04-23 | Estado=pendiente | Pago=
[23-Apr-2026 06:09:25 UTC]    Envío #6671: pendiente → Pendiente de recoger
[23-Apr-2026 06:09:25 UTC] PHP Deprecated:  trim(): Passing null to parameter #1 ($string) of type string is deprecated in /home/u727114368/domains/mercourier.com/public_html/wp-content/themes/blocksy-child/functions.php on line 10417
[23-Apr-2026 06:09:25 UTC]    📅 Envío #6672: Creado=2026-04-23 | Reprog=2026-04-23 | Efectiva=2026-04-23 | Estado=pendiente | Pago=
[23-Apr-2026 06:09:25 UTC]    Envío #6672: pendiente → Pendiente de recoger
[23-Apr-2026 06:09:25 UTC] 📊 RESUMEN - Total: 4 | Finales: 0 | Recogidos: 0 | Entregados sin pagar: 0 | No Recogidos: 0 | Otros: 4
[23-Apr-2026 06:09:25 UTC] ✅ PERMITIDO: No hay envíos recogidos aún, o todos están finalizados - Puede crear más
[23-Apr-2026 06:09:25 UTC] =====================================
[23-Apr-2026 06:09:25 UTC]    📊 Bloqueo automático por envíos pendientes: NO BLOQUEADO
[23-Apr-2026 06:09:25 UTC] 🔍 [NORMAL] Verificando bloqueo para cliente #3 - Hora: 01:09
[23-Apr-2026 06:09:25 UTC] ✅ [NORMAL] PERMITIDO
[23-Apr-2026 06:09:25 UTC] 🔍 [EXPRESS] Verificando bloqueo para cliente #3 - Hora: 01:09
[23-Apr-2026 06:09:25 UTC] ✅ [EXPRESS] PERMITIDO
[23-Apr-2026 06:09:25 UTC] 🔍 [FULL_FITMENT] Verificando bloqueo para cliente #3 - Hora: 01:09
[23-Apr-2026 06:09:25 UTC] ✅ [FULL_FITMENT] PERMITIDO
[23-Apr-2026 06:09:25 UTC]    📊 Resultado final: NO BLOQUEADO
[23-Apr-2026 06:09:25 UTC] PHP Deprecated:  ¡La función WP_User-&gt;id ha sido llamada con un argumento que está <strong>obsoleto</strong> desde la versión 2.1.0! Utiliza <code>WP_User-&gt;ID</code> en su lugar. in /home/u727114368/domains/mercourier.com/public_html/wp-includes/functions.php on line 6121
[23-Apr-2026 06:09:25 UTC] 🔍 TABLA USUARIOS - Verificando bloqueo para User #18 (diffcode10@gmail.com)
[23-Apr-2026 06:09:25 UTC]    ✓ Es cliente WPCargo
[23-Apr-2026 06:09:25 UTC]    ✓ Función de bloqueo por envíos pendientes existe, ejecutando...
[23-Apr-2026 06:09:25 UTC] =====================================
[23-Apr-2026 06:09:25 UTC] 🔍 VERIFICANDO BLOQUEO - Cliente: #18 | Fecha: 2026-04-23
[23-Apr-2026 06:09:25 UTC] URL actual: /wpcumanage-users/?ustat=success&uid=3&umsg=Usuario+actualizado+correctamente.
[23-Apr-2026 06:09:25 UTC] =====================================
[23-Apr-2026 06:09:25 UTC] 🔎 SQL Query: 
        SELECT 
            p.ID, 
            p.post_date,
            pm_status.meta_value as estado,
            pm_pago.meta_value as estado_pago,
            pm_fecha_reprog.meta_value as fecha_reprogramada
        FROM wp_posts p
        LEFT JOIN wp_postmeta pm_shipper 
            ON p.ID = pm_shipper.post_id 
            AND pm_shipper.meta_key = 'registered_shipper'
        LEFT JOIN wp_postmeta pm_status 
            ON p.ID = pm_status.post_id 
            AND pm_status.meta_key = 'wpcargo_status'
        LEFT JOIN wp_postmeta pm_pago 
            ON p.ID = pm_pago.post_id 
            AND pm_pago.meta_key = 'wpcargo_estado_pago_remitente'
        LEFT JOIN wp_postmeta pm_fecha_reprog 
            ON p.ID = pm_fecha_reprog.post_id 
            AND pm_fecha_reprog.meta_key = 'wpcargo_pickup_date_picker'
        WHERE p.post_type = 'wpcargo_shipment'
        AND p.post_status = 'publish'
        AND pm_shipper.meta_value = '18'
    
[23-Apr-2026 06:09:25 UTC] 📊 Total envíos del cliente (sin filtrar): 0
[23-Apr-2026 06:09:25 UTC] 📦 Total envíos encontrados para HOY: 0
[23-Apr-2026 06:09:25 UTC] ✅ PERMITIDO: Cliente #18 sin envíos hoy - Puede crear
[23-Apr-2026 06:09:25 UTC] =====================================
[23-Apr-2026 06:09:25 UTC]    📊 Bloqueo automático por envíos pendientes: NO BLOQUEADO
[23-Apr-2026 06:09:25 UTC] 🔍 [NORMAL] Verificando bloqueo para cliente #18 - Hora: 01:09
[23-Apr-2026 06:09:25 UTC] ✅ [NORMAL] PERMITIDO
[23-Apr-2026 06:09:25 UTC] 🔍 [EXPRESS] Verificando bloqueo para cliente #18 - Hora: 01:09
[23-Apr-2026 06:09:25 UTC] ✅ [EXPRESS] PERMITIDO
[23-Apr-2026 06:09:25 UTC] 🔍 [FULL_FITMENT] Verificando bloqueo para cliente #18 - Hora: 01:09
[23-Apr-2026 06:09:25 UTC] ✅ [FULL_FITMENT] PERMITIDO
[23-Apr-2026 06:09:25 UTC]    📊 Resultado final: NO BLOQUEADO
[23-Apr-2026 06:09:25 UTC] PHP Deprecated:  ¡La función WP_User-&gt;id ha sido llamada con un argumento que está <strong>obsoleto</strong> desde la versión 2.1.0! Utiliza <code>WP_User-&gt;ID</code> en su lugar. in /home/u727114368/domains/mercourier.com/public_html/wp-includes/functions.php on line 6121
[23-Apr-2026 06:09:25 UTC] 🔍 TABLA USUARIOS - Verificando bloqueo para User #23 (gcavdahunEr@seoflagman.ru)
[23-Apr-2026 06:09:25 UTC]    ✓ Es cliente WPCargo
[23-Apr-2026 06:09:25 UTC]    ✓ Función de bloqueo por envíos pendientes existe, ejecutando...
[23-Apr-2026 06:09:25 UTC] =====================================
[23-Apr-2026 06:09:25 UTC] 🔍 VERIFICANDO BLOQUEO - Cliente: #23 | Fecha: 2026-04-23
[23-Apr-2026 06:09:25 UTC] URL actual: /wpcumanage-users/?ustat=success&uid=3&umsg=Usuario+actualizado+correctamente.
[23-Apr-2026 06:09:25 UTC] =====================================
[23-Apr-2026 06:09:25 UTC] 🔎 SQL Query: 
        SELECT 
            p.ID, 
            p.post_date,
            pm_status.meta_value as estado,
            pm_pago.meta_value as estado_pago,
            pm_fecha_reprog.meta_value as fecha_reprogramada
        FROM wp_posts p
        LEFT JOIN wp_postmeta pm_shipper 
            ON p.ID = pm_shipper.post_id 
            AND pm_shipper.meta_key = 'registered_shipper'
        LEFT JOIN wp_postmeta pm_status 
            ON p.ID = pm_status.post_id 
            AND pm_status.meta_key = 'wpcargo_status'
        LEFT JOIN wp_postmeta pm_pago 
            ON p.ID = pm_pago.post_id 
            AND pm_pago.meta_key = 'wpcargo_estado_pago_remitente'
        LEFT JOIN wp_postmeta pm_fecha_reprog 
            ON p.ID = pm_fecha_reprog.post_id 
            AND pm_fecha_reprog.meta_key = 'wpcargo_pickup_date_picker'
        WHERE p.post_type = 'wpcargo_shipment'
        AND p.post_status = 'publish'
        AND pm_shipper.meta_value = '23'
    
[23-Apr-2026 06:09:25 UTC] 📊 Total envíos del cliente (sin filtrar): 0
[23-Apr-2026 06:09:25 UTC] 📦 Total envíos encontrados para HOY: 0
[23-Apr-2026 06:09:25 UTC] ✅ PERMITIDO: Cliente #23 sin envíos hoy - Puede crear
[23-Apr-2026 06:09:25 UTC] =====================================
[23-Apr-2026 06:09:25 UTC]    📊 Bloqueo automático por envíos pendientes: NO BLOQUEADO
[23-Apr-2026 06:09:25 UTC] 🔍 [NORMAL] Verificando bloqueo para cliente #23 - Hora: 01:09
[23-Apr-2026 06:09:25 UTC] ✅ [NORMAL] PERMITIDO
[23-Apr-2026 06:09:25 UTC] 🔍 [EXPRESS] Verificando bloqueo para cliente #23 - Hora: 01:09
[23-Apr-2026 06:09:25 UTC] ✅ [EXPRESS] PERMITIDO
[23-Apr-2026 06:09:25 UTC] 🔍 [FULL_FITMENT] Verificando bloqueo para cliente #23 - Hora: 01:09
[23-Apr-2026 06:09:25 UTC] ✅ [FULL_FITMENT] PERMITIDO
[23-Apr-2026 06:09:25 UTC]    📊 Resultado final: NO BLOQUEADO
[23-Apr-2026 06:09:25 UTC] PHP Deprecated:  ¡La función WP_User-&gt;id ha sido llamada con un argumento que está <strong>obsoleto</strong> desde la versión 2.1.0! Utiliza <code>WP_User-&gt;ID</code> en su lugar. in /home/u727114368/domains/mercourier.com/public_html/wp-includes/functions.php on line 6121
[23-Apr-2026 06:09:25 UTC] 🔍 TABLA USUARIOS - Verificando bloqueo para User #29 (giuseepiggwp@gmail.com)
[23-Apr-2026 06:09:25 UTC]    ℹ️ No es cliente WPCargo (roles: wpcargo_pending_client)
[23-Apr-2026 06:09:25 UTC] PHP Deprecated:  ¡La función WP_User-&gt;id ha sido llamada con un argumento que está <strong>obsoleto</strong> desde la versión 2.1.0! Utiliza <code>WP_User-&gt;ID</code> en su lugar. in /home/u727114368/domains/mercourier.com/public_html/wp-includes/functions.php on line 6121
[23-Apr-2026 06:09:25 UTC] 🔍 TABLA USUARIOS - Verificando bloqueo para User #24 (grissel.6@gmail.com)
[23-Apr-2026 06:09:25 UTC]    ✓ Es cliente WPCargo
[23-Apr-2026 06:09:25 UTC]    ✓ Función de bloqueo por envíos pendientes existe, ejecutando...
[23-Apr-2026 06:09:25 UTC] =====================================
[23-Apr-2026 06:09:25 UTC] 🔍 VERIFICANDO BLOQUEO - Cliente: #24 | Fecha: 2026-04-23
[23-Apr-2026 06:09:25 UTC] URL actual: /wpcumanage-users/?ustat=success&uid=3&umsg=Usuario+actualizado+correctamente.
[23-Apr-2026 06:09:25 UTC] =====================================
[23-Apr-2026 06:09:25 UTC] 🔎 SQL Query: 
        SELECT 
            p.ID, 
            p.post_date,
            pm_status.meta_value as estado,
            pm_pago.meta_value as estado_pago,
            pm_fecha_reprog.meta_value as fecha_reprogramada
        FROM wp_posts p
        LEFT JOIN wp_postmeta pm_shipper 
            ON p.ID = pm_shipper.post_id 
            AND pm_shipper.meta_key = 'registered_shipper'
        LEFT JOIN wp_postmeta pm_status 
            ON p.ID = pm_status.post_id 
            AND pm_status.meta_key = 'wpcargo_status'
        LEFT JOIN wp_postmeta pm_pago 
            ON p.ID = pm_pago.post_id 
            AND pm_pago.meta_key = 'wpcargo_estado_pago_remitente'
        LEFT JOIN wp_postmeta pm_fecha_reprog 
            ON p.ID = pm_fecha_reprog.post_id 
            AND pm_fecha_reprog.meta_key = 'wpcargo_pickup_date_picker'
        WHERE p.post_type = 'wpcargo_shipment'
        AND p.post_status = 'publish'
        AND pm_shipper.meta_value = '24'
    
[23-Apr-2026 06:09:25 UTC] 📊 Total envíos del cliente (sin filtrar): 0
[23-Apr-2026 06:09:25 UTC] 📦 Total envíos encontrados para HOY: 0
[23-Apr-2026 06:09:25 UTC] ✅ PERMITIDO: Cliente #24 sin envíos hoy - Puede crear
[23-Apr-2026 06:09:25 UTC] =====================================
[23-Apr-2026 06:09:25 UTC]    📊 Bloqueo automático por envíos pendientes: NO BLOQUEADO
[23-Apr-2026 06:09:25 UTC] 🔍 [NORMAL] Verificando bloqueo para cliente #24 - Hora: 01:09
[23-Apr-2026 06:09:25 UTC] ✅ [NORMAL] PERMITIDO
[23-Apr-2026 06:09:25 UTC] 🔍 [EXPRESS] Verificando bloqueo para cliente #24 - Hora: 01:09
[23-Apr-2026 06:09:25 UTC] ✅ [EXPRESS] PERMITIDO
[23-Apr-2026 06:09:25 UTC] 🔍 [FULL_FITMENT] Verificando bloqueo para cliente #24 - Hora: 01:09
[23-Apr-2026 06:09:25 UTC] ✅ [FULL_FITMENT] PERMITIDO
[23-Apr-2026 06:09:25 UTC]    📊 Resultado final: NO BLOQUEADO
[23-Apr-2026 06:09:25 UTC] PHP Deprecated:  ¡La función WP_User-&gt;id ha sido llamada con un argumento que está <strong>obsoleto</strong> desde la versión 2.1.0! Utiliza <code>WP_User-&gt;ID</code> en su lugar. in /home/u727114368/domains/mercourier.com/public_html/wp-includes/functions.php on line 6121
[23-Apr-2026 06:09:25 UTC] 🔍 TABLA USUARIOS - Verificando bloqueo para User #12 (haroldalvaradotineo@gmail.com)
[23-Apr-2026 06:09:25 UTC]    ℹ️ No es cliente WPCargo (roles: wpcargo_driver)
[23-Apr-2026 06:09:25 UTC] PHP Deprecated:  ¡La función WP_User-&gt;id ha sido llamada con un argumento que está <strong>obsoleto</strong> desde la versión 2.1.0! Utiliza <code>WP_User-&gt;ID</code> en su lugar. in /home/u727114368/domains/mercourier.com/public_html/wp-includes/functions.php on line 6121
[23-Apr-2026 06:09:25 UTC] 🔍 TABLA USUARIOS - Verificando bloqueo para User #34 (isaiasjossep.sanchezgutierrez@gmail.com)
[23-Apr-2026 06:09:25 UTC]    ✓ Es cliente WPCargo
[23-Apr-2026 06:09:25 UTC]    ✓ Función de bloqueo por envíos pendientes existe, ejecutando...
[23-Apr-2026 06:09:25 UTC] =====================================
[23-Apr-2026 06:09:25 UTC] 🔍 VERIFICANDO BLOQUEO - Cliente: #34 | Fecha: 2026-04-23
[23-Apr-2026 06:09:25 UTC] URL actual: /wpcumanage-users/?ustat=success&uid=3&umsg=Usuario+actualizado+correctamente.
[23-Apr-2026 06:09:25 UTC] =====================================
[23-Apr-2026 06:09:25 UTC] 🔎 SQL Query: 
        SELECT 
            p.ID, 
            p.post_date,
            pm_status.meta_value as estado,
            pm_pago.meta_value as estado_pago,
            pm_fecha_reprog.meta_value as fecha_reprogramada
        FROM wp_posts p
        LEFT JOIN wp_postmeta pm_shipper 
            ON p.ID = pm_shipper.post_id 
            AND pm_shipper.meta_key = 'registered_shipper'
        LEFT JOIN wp_postmeta pm_status 
            ON p.ID = pm_status.post_id 
            AND pm_status.meta_key = 'wpcargo_status'
        LEFT JOIN wp_postmeta pm_pago 
            ON p.ID = pm_pago.post_id 
            AND pm_pago.meta_key = 'wpcargo_estado_pago_remitente'
        LEFT JOIN wp_postmeta pm_fecha_reprog 
            ON p.ID = pm_fecha_reprog.post_id 
            AND pm_fecha_reprog.meta_key = 'wpcargo_pickup_date_picker'
        WHERE p.post_type = 'wpcargo_shipment'
        AND p.post_status = 'publish'
        AND pm_shipper.meta_value = '34'
    
[23-Apr-2026 06:09:25 UTC] 📊 Total envíos del cliente (sin filtrar): 0
[23-Apr-2026 06:09:25 UTC] 📦 Total envíos encontrados para HOY: 0
[23-Apr-2026 06:09:25 UTC] ✅ PERMITIDO: Cliente #34 sin envíos hoy - Puede crear
[23-Apr-2026 06:09:25 UTC] =====================================
[23-Apr-2026 06:09:25 UTC]    📊 Bloqueo automático por envíos pendientes: NO BLOQUEADO
[23-Apr-2026 06:09:25 UTC] 🔍 [NORMAL] Verificando bloqueo para cliente #34 - Hora: 01:09
[23-Apr-2026 06:09:25 UTC] ✅ [NORMAL] PERMITIDO
[23-Apr-2026 06:09:25 UTC] 🔍 [EXPRESS] Verificando bloqueo para cliente #34 - Hora: 01:09
[23-Apr-2026 06:09:25 UTC] ✅ [EXPRESS] PERMITIDO
[23-Apr-2026 06:09:25 UTC] 🔍 [FULL_FITMENT] Verificando bloqueo para cliente #34 - Hora: 01:09
[23-Apr-2026 06:09:25 UTC] ✅ [FULL_FITMENT] PERMITIDO
[23-Apr-2026 06:09:25 UTC]    📊 Resultado final: NO BLOQUEADO
[23-Apr-2026 06:09:25 UTC] PHP Deprecated:  ¡La función WP_User-&gt;id ha sido llamada con un argumento que está <strong>obsoleto</strong> desde la versión 2.1.0! Utiliza <code>WP_User-&gt;ID</code> en su lugar. in /home/u727114368/domains/mercourier.com/public_html/wp-includes/functions.php on line 6121
[23-Apr-2026 06:09:25 UTC] 🔍 TABLA USUARIOS - Verificando bloqueo para User #14 (isaiasjossepsg@gmail.com)
[23-Apr-2026 06:09:25 UTC]    ℹ️ No es cliente WPCargo (roles: wpcargo_driver)
[23-Apr-2026 06:09:25 UTC] PHP Deprecated:  ¡La función WP_User-&gt;id ha sido llamada con un argumento que está <strong>obsoleto</strong> desde la versión 2.1.0! Utiliza <code>WP_User-&gt;ID</code> en su lugar. in /home/u727114368/domains/mercourier.com/public_html/wp-includes/functions.php on line 6121
[23-Apr-2026 06:09:25 UTC] 🔍 TABLA USUARIOS - Verificando bloqueo para User #35 (jojodeab@gmail.com)
[23-Apr-2026 06:09:25 UTC]    ℹ️ No es cliente WPCargo (roles: wpcargo_pending_client)
[23-Apr-2026 06:09:25 UTC] PHP Deprecated:  ¡La función WP_User-&gt;id ha sido llamada con un argumento que está <strong>obsoleto</strong> desde la versión 2.1.0! Utiliza <code>WP_User-&gt;ID</code> en su lugar. in /home/u727114368/domains/mercourier.com/public_html/wp-includes/functions.php on line 6121
[23-Apr-2026 06:09:25 UTC] 🔍 TABLA USUARIOS - Verificando bloqueo para User #25 (marisabel_16_02@hotmail.com)
[23-Apr-2026 06:09:25 UTC]    ✓ Es cliente WPCargo
[23-Apr-2026 06:09:25 UTC]    ✓ Función de bloqueo por envíos pendientes existe, ejecutando...
[23-Apr-2026 06:09:25 UTC] =====================================
[23-Apr-2026 06:09:25 UTC] 🔍 VERIFICANDO BLOQUEO - Cliente: #25 | Fecha: 2026-04-23
[23-Apr-2026 06:09:25 UTC] URL actual: /wpcumanage-users/?ustat=success&uid=3&umsg=Usuario+actualizado+correctamente.
[23-Apr-2026 06:09:25 UTC] =====================================
[23-Apr-2026 06:09:25 UTC] 🔎 SQL Query: 
        SELECT 
            p.ID, 
            p.post_date,
            pm_status.meta_value as estado,
            pm_pago.meta_value as estado_pago,
            pm_fecha_reprog.meta_value as fecha_reprogramada
        FROM wp_posts p
        LEFT JOIN wp_postmeta pm_shipper 
            ON p.ID = pm_shipper.post_id 
            AND pm_shipper.meta_key = 'registered_shipper'
        LEFT JOIN wp_postmeta pm_status 
            ON p.ID = pm_status.post_id 
            AND pm_status.meta_key = 'wpcargo_status'
        LEFT JOIN wp_postmeta pm_pago 
            ON p.ID = pm_pago.post_id 
            AND pm_pago.meta_key = 'wpcargo_estado_pago_remitente'
        LEFT JOIN wp_postmeta pm_fecha_reprog 
            ON p.ID = pm_fecha_reprog.post_id 
            AND pm_fecha_reprog.meta_key = 'wpcargo_pickup_date_picker'
        WHERE p.post_type = 'wpcargo_shipment'
        AND p.post_status = 'publish'
        AND pm_shipper.meta_value = '25'
    
[23-Apr-2026 06:09:25 UTC] 📊 Total envíos del cliente (sin filtrar): 0
[23-Apr-2026 06:09:25 UTC] 📦 Total envíos encontrados para HOY: 0
[23-Apr-2026 06:09:25 UTC] ✅ PERMITIDO: Cliente #25 sin envíos hoy - Puede crear
[23-Apr-2026 06:09:25 UTC] =====================================
[23-Apr-2026 06:09:25 UTC]    📊 Bloqueo automático por envíos pendientes: NO BLOQUEADO
[23-Apr-2026 06:09:25 UTC] 🔍 [NORMAL] Verificando bloqueo para cliente #25 - Hora: 01:09
[23-Apr-2026 06:09:25 UTC] ✅ [NORMAL] PERMITIDO
[23-Apr-2026 06:09:25 UTC] 🔍 [EXPRESS] Verificando bloqueo para cliente #25 - Hora: 01:09
[23-Apr-2026 06:09:25 UTC] ✅ [EXPRESS] PERMITIDO
[23-Apr-2026 06:09:25 UTC] 🔍 [FULL_FITMENT] Verificando bloqueo para cliente #25 - Hora: 01:09
[23-Apr-2026 06:09:25 UTC] ✅ [FULL_FITMENT] PERMITIDO
[23-Apr-2026 06:09:25 UTC]    📊 Resultado final: NO BLOQUEADO
[23-Apr-2026 06:09:25 UTC] PHP Deprecated:  ¡La función WP_User-&gt;id ha sido llamada con un argumento que está <strong>obsoleto</strong> desde la versión 2.1.0! Utiliza <code>WP_User-&gt;ID</code> en su lugar. in /home/u727114368/domains/mercourier.com/public_html/wp-includes/functions.php on line 6121
[23-Apr-2026 06:09:25 UTC] 🔍 TABLA USUARIOS - Verificando bloqueo para User #26 (MIRELLAVU6@GMAIL.COM)
[23-Apr-2026 06:09:25 UTC]    ✓ Es cliente WPCargo
[23-Apr-2026 06:09:25 UTC]    ✓ Función de bloqueo por envíos pendientes existe, ejecutando...
[23-Apr-2026 06:09:25 UTC] =====================================
[23-Apr-2026 06:09:25 UTC] 🔍 VERIFICANDO BLOQUEO - Cliente: #26 | Fecha: 2026-04-23
[23-Apr-2026 06:09:25 UTC] URL actual: /wpcumanage-users/?ustat=success&uid=3&umsg=Usuario+actualizado+correctamente.
[23-Apr-2026 06:09:25 UTC] =====================================
[23-Apr-2026 06:09:25 UTC] 🔎 SQL Query: 
        SELECT 
            p.ID, 
            p.post_date,
            pm_status.meta_value as estado,
            pm_pago.meta_value as estado_pago,
            pm_fecha_reprog.meta_value as fecha_reprogramada
        FROM wp_posts p
        LEFT JOIN wp_postmeta pm_shipper 
            ON p.ID = pm_shipper.post_id 
            AND pm_shipper.meta_key = 'registered_shipper'
        LEFT JOIN wp_postmeta pm_status 
            ON p.ID = pm_status.post_id 
            AND pm_status.meta_key = 'wpcargo_status'
        LEFT JOIN wp_postmeta pm_pago 
            ON p.ID = pm_pago.post_id 
            AND pm_pago.meta_key = 'wpcargo_estado_pago_remitente'
        LEFT JOIN wp_postmeta pm_fecha_reprog 
            ON p.ID = pm_fecha_reprog.post_id 
            AND pm_fecha_reprog.meta_key = 'wpcargo_pickup_date_picker'
        WHERE p.post_type = 'wpcargo_shipment'
        AND p.post_status = 'publish'
        AND pm_shipper.meta_value = '26'
    
[23-Apr-2026 06:09:25 UTC] 📊 Total envíos del cliente (sin filtrar): 0
[23-Apr-2026 06:09:25 UTC] 📦 Total envíos encontrados para HOY: 0
[23-Apr-2026 06:09:25 UTC] ✅ PERMITIDO: Cliente #26 sin envíos hoy - Puede crear
[23-Apr-2026 06:09:25 UTC] =====================================
[23-Apr-2026 06:09:25 UTC]    📊 Bloqueo automático por envíos pendientes: NO BLOQUEADO
[23-Apr-2026 06:09:25 UTC] 🔍 [NORMAL] Verificando bloqueo para cliente #26 - Hora: 01:09
[23-Apr-2026 06:09:25 UTC] ✅ [NORMAL] PERMITIDO
[23-Apr-2026 06:09:25 UTC] 🔍 [EXPRESS] Verificando bloqueo para cliente #26 - Hora: 01:09
[23-Apr-2026 06:09:25 UTC] ✅ [EXPRESS] PERMITIDO
[23-Apr-2026 06:09:25 UTC] 🔍 [FULL_FITMENT] Verificando bloqueo para cliente #26 - Hora: 01:09
[23-Apr-2026 06:09:25 UTC] ✅ [FULL_FITMENT] PERMITIDO
[23-Apr-2026 06:09:25 UTC]    📊 Resultado final: NO BLOQUEADO
[23-Apr-2026 06:09:25 UTC] PHP Deprecated:  ¡La función WP_User-&gt;id ha sido llamada con un argumento que está <strong>obsoleto</strong> desde la versión 2.1.0! Utiliza <code>WP_User-&gt;ID</code> en su lugar. in /home/u727114368/domains/mercourier.com/public_html/wp-includes/functions.php on line 6121
[23-Apr-2026 06:09:25 UTC] 🔍 TABLA USUARIOS - Verificando bloqueo para User #32 (motoejemplo)
[23-Apr-2026 06:09:25 UTC]    ℹ️ No es cliente WPCargo (roles: wpcargo_driver)
[23-Apr-2026 06:09:25 UTC] PHP Deprecated:  ¡La función WP_User-&gt;id ha sido llamada con un argumento que está <strong>obsoleto</strong> desde la versión 2.1.0! Utiliza <code>WP_User-&gt;ID</code> en su lugar. in /home/u727114368/domains/mercourier.com/public_html/wp-includes/functions.php on line 6121
[23-Apr-2026 06:09:25 UTC] 🔍 TABLA USUARIOS - Verificando bloqueo para User #5 (motorizado2)
[23-Apr-2026 06:09:25 UTC]    ℹ️ No es cliente WPCargo (roles: wpcargo_driver)
[23-Apr-2026 06:09:25 UTC] PHP Deprecated:  ¡La función WP_User-&gt;id ha sido llamada con un argumento que está <strong>obsoleto</strong> desde la versión 2.1.0! Utiliza <code>WP_User-&gt;ID</code> en su lugar. in /home/u727114368/domains/mercourier.com/public_html/wp-includes/functions.php on line 6121
[23-Apr-2026 06:09:25 UTC] 🔍 TABLA USUARIOS - Verificando bloqueo para User #33 (mrbrewerperu@gmail.com)
[23-Apr-2026 06:09:25 UTC]    ℹ️ No es cliente WPCargo (roles: wpcargo_pending_client)
[23-Apr-2026 06:09:25 UTC] PHP Deprecated:  ¡La función WP_User-&gt;id ha sido llamada con un argumento que está <strong>obsoleto</strong> desde la versión 2.1.0! Utiliza <code>WP_User-&gt;ID</code> en su lugar. in /home/u727114368/domains/mercourier.com/public_html/wp-includes/functions.php on line 6121
[23-Apr-2026 06:09:25 UTC] 🔍 TABLA USUARIOS - Verificando bloqueo para User #16 (Piero)
[23-Apr-2026 06:09:25 UTC]    ✓ Es cliente WPCargo
[23-Apr-2026 06:09:25 UTC]    ✓ Función de bloqueo por envíos pendientes existe, ejecutando...
[23-Apr-2026 06:09:25 UTC] =====================================
[23-Apr-2026 06:09:25 UTC] 🔍 VERIFICANDO BLOQUEO - Cliente: #16 | Fecha: 2026-04-23
[23-Apr-2026 06:09:25 UTC] URL actual: /wpcumanage-users/?ustat=success&uid=3&umsg=Usuario+actualizado+correctamente.
[23-Apr-2026 06:09:25 UTC] =====================================
[23-Apr-2026 06:09:25 UTC] 🔎 SQL Query: 
        SELECT 
            p.ID, 
            p.post_date,
            pm_status.meta_value as estado,
            pm_pago.meta_value as estado_pago,
            pm_fecha_reprog.meta_value as fecha_reprogramada
        FROM wp_posts p
        LEFT JOIN wp_postmeta pm_shipper 
            ON p.ID = pm_shipper.post_id 
            AND pm_shipper.meta_key = 'registered_shipper'
        LEFT JOIN wp_postmeta pm_status 
            ON p.ID = pm_status.post_id 
            AND pm_status.meta_key = 'wpcargo_status'
        LEFT JOIN wp_postmeta pm_pago 
            ON p.ID = pm_pago.post_id 
            AND pm_pago.meta_key = 'wpcargo_estado_pago_remitente'
        LEFT JOIN wp_postmeta pm_fecha_reprog 
            ON p.ID = pm_fecha_reprog.post_id 
            AND pm_fecha_reprog.meta_key = 'wpcargo_pickup_date_picker'
        WHERE p.post_type = 'wpcargo_shipment'
        AND p.post_status = 'publish'
        AND pm_shipper.meta_value = '16'
    
[23-Apr-2026 06:09:25 UTC] 📊 Total envíos del cliente (sin filtrar): 4
[23-Apr-2026 06:09:25 UTC]    📅 Envío #6592: post_date_raw='2026-02-21 15:08:10' | fecha_reprog_raw='23/2/2026' | fecha_efectiva='2026-02-23' | hoy='2026-04-23'
[23-Apr-2026 06:09:25 UTC]       ❌ NO incluido (fecha no coincide)
[23-Apr-2026 06:09:25 UTC]    📅 Envío #6593: post_date_raw='2026-02-21 15:08:10' | fecha_reprog_raw='23/2/2026' | fecha_efectiva='2026-02-23' | hoy='2026-04-23'
[23-Apr-2026 06:09:25 UTC]       ❌ NO incluido (fecha no coincide)
[23-Apr-2026 06:09:25 UTC]    📅 Envío #6594: post_date_raw='2026-02-21 15:08:10' | fecha_reprog_raw='23/2/2026' | fecha_efectiva='2026-02-23' | hoy='2026-04-23'
[23-Apr-2026 06:09:25 UTC]       ❌ NO incluido (fecha no coincide)
[23-Apr-2026 06:09:25 UTC]    📅 Envío #6595: post_date_raw='2026-02-21 15:08:10' | fecha_reprog_raw='23/2/2026' | fecha_efectiva='2026-02-23' | hoy='2026-04-23'
[23-Apr-2026 06:09:25 UTC]       ❌ NO incluido (fecha no coincide)
[23-Apr-2026 06:09:25 UTC] 📦 Total envíos encontrados para HOY: 0
[23-Apr-2026 06:09:25 UTC] ✅ PERMITIDO: Cliente #16 sin envíos hoy - Puede crear
[23-Apr-2026 06:09:25 UTC] =====================================
[23-Apr-2026 06:09:25 UTC]    📊 Bloqueo automático por envíos pendientes: NO BLOQUEADO
[23-Apr-2026 06:09:25 UTC] 🔍 [NORMAL] Verificando bloqueo para cliente #16 - Hora: 01:09
[23-Apr-2026 06:09:25 UTC] ✅ [NORMAL] PERMITIDO
[23-Apr-2026 06:09:25 UTC] 🔍 [EXPRESS] Verificando bloqueo para cliente #16 - Hora: 01:09
[23-Apr-2026 06:09:25 UTC] ✅ [EXPRESS] PERMITIDO
[23-Apr-2026 06:09:25 UTC] 🔍 [FULL_FITMENT] Verificando bloqueo para cliente #16 - Hora: 01:09
[23-Apr-2026 06:09:25 UTC] ✅ [FULL_FITMENT] PERMITIDO
[23-Apr-2026 06:09:25 UTC]    📊 Resultado final: NO BLOQUEADO
[23-Apr-2026 06:09:25 UTC] PHP Deprecated:  ¡La función WP_User-&gt;id ha sido llamada con un argumento que está <strong>obsoleto</strong> desde la versión 2.1.0! Utiliza <code>WP_User-&gt;ID</code> en su lugar. in /home/u727114368/domains/mercourier.com/public_html/wp-includes/functions.php on line 6121
[23-Apr-2026 06:09:25 UTC] 🔍 TABLA USUARIOS - Verificando bloqueo para User #4 (pieropaguada@gmail.com)
[23-Apr-2026 06:09:25 UTC]    ✓ Es cliente WPCargo
[23-Apr-2026 06:09:25 UTC]    ✓ Función de bloqueo por envíos pendientes existe, ejecutando...
[23-Apr-2026 06:09:25 UTC] =====================================
[23-Apr-2026 06:09:25 UTC] 🔍 VERIFICANDO BLOQUEO - Cliente: #4 | Fecha: 2026-04-23
[23-Apr-2026 06:09:25 UTC] URL actual: /wpcumanage-users/?ustat=success&uid=3&umsg=Usuario+actualizado+correctamente.
[23-Apr-2026 06:09:25 UTC] =====================================
[23-Apr-2026 06:09:25 UTC] 🔎 SQL Query: 
        SELECT 
            p.ID, 
            p.post_date,
            pm_status.meta_value as estado,
            pm_pago.meta_value as estado_pago,
            pm_fecha_reprog.meta_value as fecha_reprogramada
        FROM wp_posts p
        LEFT JOIN wp_postmeta pm_shipper 
            ON p.ID = pm_shipper.post_id 
            AND pm_shipper.meta_key = 'registered_shipper'
        LEFT JOIN wp_postmeta pm_status 
            ON p.ID = pm_status.post_id 
            AND pm_status.meta_key = 'wpcargo_status'
        LEFT JOIN wp_postmeta pm_pago 
            ON p.ID = pm_pago.post_id 
            AND pm_pago.meta_key = 'wpcargo_estado_pago_remitente'
        LEFT JOIN wp_postmeta pm_fecha_reprog 
            ON p.ID = pm_fecha_reprog.post_id 
            AND pm_fecha_reprog.meta_key = 'wpcargo_pickup_date_picker'
        WHERE p.post_type = 'wpcargo_shipment'
        AND p.post_status = 'publish'
        AND pm_shipper.meta_value = '4'
    
[23-Apr-2026 06:09:25 UTC] 📊 Total envíos del cliente (sin filtrar): 0
[23-Apr-2026 06:09:25 UTC] 📦 Total envíos encontrados para HOY: 0
[23-Apr-2026 06:09:25 UTC] ✅ PERMITIDO: Cliente #4 sin envíos hoy - Puede crear
[23-Apr-2026 06:09:25 UTC] =====================================
[23-Apr-2026 06:09:25 UTC]    📊 Bloqueo automático por envíos pendientes: NO BLOQUEADO
[23-Apr-2026 06:09:25 UTC] 🔍 [NORMAL] Verificando bloqueo para cliente #4 - Hora: 01:09
[23-Apr-2026 06:09:25 UTC] ✅ [NORMAL] PERMITIDO
[23-Apr-2026 06:09:25 UTC] 🔍 [EXPRESS] Verificando bloqueo para cliente #4 - Hora: 01:09
[23-Apr-2026 06:09:25 UTC] ✅ [EXPRESS] PERMITIDO
[23-Apr-2026 06:09:25 UTC] 🔍 [FULL_FITMENT] Verificando bloqueo para cliente #4 - Hora: 01:09
[23-Apr-2026 06:09:25 UTC] ✅ [FULL_FITMENT] PERMITIDO
[23-Apr-2026 06:09:25 UTC]    📊 Resultado final: NO BLOQUEADO
[23-Apr-2026 06:09:25 UTC] PHP Deprecated:  ¡La función WP_User-&gt;id ha sido llamada con un argumento que está <strong>obsoleto</strong> desde la versión 2.1.0! Utiliza <code>WP_User-&gt;ID</code> en su lugar. in /home/u727114368/domains/mercourier.com/public_html/wp-includes/functions.php on line 6121
[23-Apr-2026 06:09:25 UTC] 🔍 TABLA USUARIOS - Verificando bloqueo para User #17 (usuario.pruebadies@prueba.com)
[23-Apr-2026 06:09:25 UTC]    ✓ Es cliente WPCargo
[23-Apr-2026 06:09:25 UTC]    ✓ Función de bloqueo por envíos pendientes existe, ejecutando...
[23-Apr-2026 06:09:25 UTC] =====================================
[23-Apr-2026 06:09:25 UTC] 🔍 VERIFICANDO BLOQUEO - Cliente: #17 | Fecha: 2026-04-23
[23-Apr-2026 06:09:25 UTC] URL actual: /wpcumanage-users/?ustat=success&uid=3&umsg=Usuario+actualizado+correctamente.
[23-Apr-2026 06:09:25 UTC] =====================================
[23-Apr-2026 06:09:25 UTC] 🔎 SQL Query: 
        SELECT 
            p.ID, 
            p.post_date,
            pm_status.meta_value as estado,
            pm_pago.meta_value as estado_pago,
            pm_fecha_reprog.meta_value as fecha_reprogramada
        FROM wp_posts p
        LEFT JOIN wp_postmeta pm_shipper 
            ON p.ID = pm_shipper.post_id 
            AND pm_shipper.meta_key = 'registered_shipper'
        LEFT JOIN wp_postmeta pm_status 
            ON p.ID = pm_status.post_id 
            AND pm_status.meta_key = 'wpcargo_status'
        LEFT JOIN wp_postmeta pm_pago 
            ON p.ID = pm_pago.post_id 
            AND pm_pago.meta_key = 'wpcargo_estado_pago_remitente'
        LEFT JOIN wp_postmeta pm_fecha_reprog 
            ON p.ID = pm_fecha_reprog.post_id 
            AND pm_fecha_reprog.meta_key = 'wpcargo_pickup_date_picker'
        WHERE p.post_type = 'wpcargo_shipment'
        AND p.post_status = 'publish'
        AND pm_shipper.meta_value = '17'
    
[23-Apr-2026 06:09:25 UTC] 📊 Total envíos del cliente (sin filtrar): 0
[23-Apr-2026 06:09:25 UTC] 📦 Total envíos encontrados para HOY: 0
[23-Apr-2026 06:09:25 UTC] ✅ PERMITIDO: Cliente #17 sin envíos hoy - Puede crear
[23-Apr-2026 06:09:25 UTC] =====================================
[23-Apr-2026 06:09:25 UTC]    📊 Bloqueo automático por envíos pendientes: NO BLOQUEADO
[23-Apr-2026 06:09:25 UTC] 🔍 [NORMAL] Verificando bloqueo para cliente #17 - Hora: 01:09
[23-Apr-2026 06:09:25 UTC] ✅ [NORMAL] PERMITIDO
[23-Apr-2026 06:09:25 UTC] 🔍 [EXPRESS] Verificando bloqueo para cliente #17 - Hora: 01:09
[23-Apr-2026 06:09:25 UTC] ✅ [EXPRESS] PERMITIDO
[23-Apr-2026 06:09:25 UTC] 🔍 [FULL_FITMENT] Verificando bloqueo para cliente #17 - Hora: 01:09
[23-Apr-2026 06:09:25 UTC] ✅ [FULL_FITMENT] PERMITIDO
[23-Apr-2026 06:09:25 UTC]    📊 Resultado final: NO BLOQUEADO
[23-Apr-2026 06:09:25 UTC] PHP Deprecated:  ¡La función WP_User-&gt;id ha sido llamada con un argumento que está <strong>obsoleto</strong> desde la versión 2.1.0! Utiliza <code>WP_User-&gt;ID</code> en su lugar. in /home/u727114368/domains/mercourier.com/public_html/wp-includes/functions.php on line 6121
[23-Apr-2026 06:09:25 UTC] 🔍 TABLA USUARIOS - Verificando bloqueo para User #22 (victor.castillodiaz2022@gmail.com)
[23-Apr-2026 06:09:25 UTC]    ✓ Es cliente WPCargo
[23-Apr-2026 06:09:25 UTC]    ✓ Función de bloqueo por envíos pendientes existe, ejecutando...
[23-Apr-2026 06:09:25 UTC] =====================================
[23-Apr-2026 06:09:25 UTC] 🔍 VERIFICANDO BLOQUEO - Cliente: #22 | Fecha: 2026-04-23
[23-Apr-2026 06:09:25 UTC] URL actual: /wpcumanage-users/?ustat=success&uid=3&umsg=Usuario+actualizado+correctamente.
[23-Apr-2026 06:09:25 UTC] =====================================
[23-Apr-2026 06:09:25 UTC] 🔎 SQL Query: 
        SELECT 
            p.ID, 
            p.post_date,
            pm_status.meta_value as estado,
            pm_pago.meta_value as estado_pago,
            pm_fecha_reprog.meta_value as fecha_reprogramada
        FROM wp_posts p
        LEFT JOIN wp_postmeta pm_shipper 
            ON p.ID = pm_shipper.post_id 
            AND pm_shipper.meta_key = 'registered_shipper'
        LEFT JOIN wp_postmeta pm_status 
            ON p.ID = pm_status.post_id 
            AND pm_status.meta_key = 'wpcargo_status'
        LEFT JOIN wp_postmeta pm_pago 
            ON p.ID = pm_pago.post_id 
            AND pm_pago.meta_key = 'wpcargo_estado_pago_remitente'
        LEFT JOIN wp_postmeta pm_fecha_reprog 
            ON p.ID = pm_fecha_reprog.post_id 
            AND pm_fecha_reprog.meta_key = 'wpcargo_pickup_date_picker'
        WHERE p.post_type = 'wpcargo_shipment'
        AND p.post_status = 'publish'
        AND pm_shipper.meta_value = '22'
    
[23-Apr-2026 06:09:25 UTC] 📊 Total envíos del cliente (sin filtrar): 0
[23-Apr-2026 06:09:25 UTC] 📦 Total envíos encontrados para HOY: 0
[23-Apr-2026 06:09:25 UTC] ✅ PERMITIDO: Cliente #22 sin envíos hoy - Puede crear
[23-Apr-2026 06:09:25 UTC] =====================================
[23-Apr-2026 06:09:25 UTC]    📊 Bloqueo automático por envíos pendientes: NO BLOQUEADO
[23-Apr-2026 06:09:25 UTC] 🔍 [NORMAL] Verificando bloqueo para cliente #22 - Hora: 01:09
[23-Apr-2026 06:09:25 UTC] ✅ [NORMAL] PERMITIDO
[23-Apr-2026 06:09:25 UTC] 🔍 [EXPRESS] Verificando bloqueo para cliente #22 - Hora: 01:09
[23-Apr-2026 06:09:25 UTC] ✅ [EXPRESS] PERMITIDO
[23-Apr-2026 06:09:25 UTC] 🔍 [FULL_FITMENT] Verificando bloqueo para cliente #22 - Hora: 01:09
[23-Apr-2026 06:09:25 UTC] ✅ [FULL_FITMENT] PERMITIDO
[23-Apr-2026 06:09:25 UTC]    📊 Resultado final: NO BLOQUEADO
[23-Apr-2026 06:09:25 UTC] PHP Deprecated:  ¡La función WP_User-&gt;id ha sido llamada con un argumento que está <strong>obsoleto</strong> desde la versión 2.1.0! Utiliza <code>WP_User-&gt;ID</code> en su lugar. in /home/u727114368/domains/mercourier.com/public_html/wp-includes/functions.php on line 6121
[23-Apr-2026 06:09:25 UTC] 🔍 TABLA USUARIOS - Verificando bloqueo para User #13 (viitvzhogrone13@gmail.com)
[23-Apr-2026 06:09:25 UTC]    ℹ️ No es cliente WPCargo (roles: wpcargo_driver)
[23-Apr-2026 06:09:25 UTC] 🔵 MODAL: Función wpcumanage_unblock_modal_callback ejecutada
[23-Apr-2026 06:09:25 UTC] 🔵 MODAL: Función wpcumanage_unblock_modal_callback ejecutada
[23-Apr-2026 06:09:35 UTC] 🔔 [MERC_LOG] Inicializado logger diario: /home/u727114368/domains/mercourier.com/public_html/wp-content/merc_logs/merc-debug-2026-04-23.log
[23-Apr-2026 06:09:35 UTC] 🔔 [MERC_LOG] Inicializado logger diario: /home/u727114368/domains/mercourier.com/public_html/wp-content/merc_logs/merc-debug-2026-04-23.log
[23-Apr-2026 06:09:36 UTC] 🔔 [MERC_LOG] Inicializado logger diario: /home/u727114368/domains/mercourier.com/public_html/wp-content/merc_logs/merc-debug-2026-04-23.log
[23-Apr-2026 06:09:36 UTC] =====================================
[23-Apr-2026 06:09:36 UTC] 🔍 VERIFICANDO BLOQUEO - Cliente: #3 | Fecha: 2026-04-23
[23-Apr-2026 06:09:36 UTC] URL actual: /dashboard/
[23-Apr-2026 06:09:36 UTC] =====================================
[23-Apr-2026 06:09:36 UTC] 🔎 SQL Query: 
        SELECT 
            p.ID, 
            p.post_date,
            pm_status.meta_value as estado,
            pm_pago.meta_value as estado_pago,
            pm_fecha_reprog.meta_value as fecha_reprogramada
        FROM wp_posts p
        LEFT JOIN wp_postmeta pm_shipper 
            ON p.ID = pm_shipper.post_id 
            AND pm_shipper.meta_key = 'registered_shipper'
        LEFT JOIN wp_postmeta pm_status 
            ON p.ID = pm_status.post_id 
            AND pm_status.meta_key = 'wpcargo_status'
        LEFT JOIN wp_postmeta pm_pago 
            ON p.ID = pm_pago.post_id 
            AND pm_pago.meta_key = 'wpcargo_estado_pago_remitente'
        LEFT JOIN wp_postmeta pm_fecha_reprog 
            ON p.ID = pm_fecha_reprog.post_id 
            AND pm_fecha_reprog.meta_key = 'wpcargo_pickup_date_picker'
        WHERE p.post_type = 'wpcargo_shipment'
        AND p.post_status = 'publish'
        AND pm_shipper.meta_value = '3'
    
[23-Apr-2026 06:09:36 UTC] 📊 Total envíos del cliente (sin filtrar): 9
[23-Apr-2026 06:09:36 UTC]    📅 Envío #6584: post_date_raw='2026-02-21 14:30:19' | fecha_reprog_raw='21/02/2026' | fecha_efectiva='2026-02-21' | hoy='2026-04-23'
[23-Apr-2026 06:09:36 UTC]       ❌ NO incluido (fecha no coincide)
[23-Apr-2026 06:09:36 UTC]    📅 Envío #6641: post_date_raw='2026-02-22 21:51:11' | fecha_reprog_raw='22/2/2026' | fecha_efectiva='2026-02-22' | hoy='2026-04-23'
[23-Apr-2026 06:09:36 UTC]       ❌ NO incluido (fecha no coincide)
[23-Apr-2026 06:09:36 UTC]    📅 Envío #6642: post_date_raw='2026-02-22 21:51:11' | fecha_reprog_raw='22/2/2026' | fecha_efectiva='2026-02-22' | hoy='2026-04-23'
[23-Apr-2026 06:09:36 UTC]       ❌ NO incluido (fecha no coincide)
[23-Apr-2026 06:09:36 UTC]    📅 Envío #6643: post_date_raw='2026-02-22 21:51:11' | fecha_reprog_raw='22/2/2026' | fecha_efectiva='2026-02-22' | hoy='2026-04-23'
[23-Apr-2026 06:09:36 UTC]       ❌ NO incluido (fecha no coincide)
[23-Apr-2026 06:09:36 UTC]    📅 Envío #6644: post_date_raw='2026-02-22 21:51:11' | fecha_reprog_raw='22/2/2026' | fecha_efectiva='2026-02-22' | hoy='2026-04-23'
[23-Apr-2026 06:09:36 UTC]       ❌ NO incluido (fecha no coincide)
[23-Apr-2026 06:09:36 UTC]    📅 Envío #6669: post_date_raw='2026-04-23 00:39:39' | fecha_reprog_raw='' | fecha_efectiva='2026-04-23' | hoy='2026-04-23'
[23-Apr-2026 06:09:36 UTC]       ✅ INCLUIDO en filtrados
[23-Apr-2026 06:09:36 UTC]    📅 Envío #6670: post_date_raw='2026-04-23 01:06:56' | fecha_reprog_raw='2026-04-23' | fecha_efectiva='2026-04-23' | hoy='2026-04-23'
[23-Apr-2026 06:09:36 UTC]       ✅ INCLUIDO en filtrados
[23-Apr-2026 06:09:36 UTC]    📅 Envío #6671: post_date_raw='2026-04-23 01:07:48' | fecha_reprog_raw='23/04/2026' | fecha_efectiva='2026-04-23' | hoy='2026-04-23'
[23-Apr-2026 06:09:36 UTC]       ✅ INCLUIDO en filtrados
[23-Apr-2026 06:09:36 UTC]    📅 Envío #6672: post_date_raw='2026-04-23 01:08:44' | fecha_reprog_raw='2026-04-23' | fecha_efectiva='2026-04-23' | hoy='2026-04-23'
[23-Apr-2026 06:09:36 UTC]       ✅ INCLUIDO en filtrados
[23-Apr-2026 06:09:36 UTC] 📦 Total envíos encontrados para HOY: 4
[23-Apr-2026 06:09:36 UTC] PHP Deprecated:  trim(): Passing null to parameter #1 ($string) of type string is deprecated in /home/u727114368/domains/mercourier.com/public_html/wp-content/themes/blocksy-child/functions.php on line 10417
[23-Apr-2026 06:09:36 UTC]    📅 Envío #6669: Creado=2026-04-23 | Reprog=N/A | Efectiva=2026-04-23 | Estado=pendiente | Pago=
[23-Apr-2026 06:09:36 UTC]    Envío #6669: pendiente → Pendiente de recoger
[23-Apr-2026 06:09:36 UTC] PHP Deprecated:  trim(): Passing null to parameter #1 ($string) of type string is deprecated in /home/u727114368/domains/mercourier.com/public_html/wp-content/themes/blocksy-child/functions.php on line 10417
[23-Apr-2026 06:09:36 UTC]    📅 Envío #6670: Creado=2026-04-23 | Reprog=2026-04-23 | Efectiva=2026-04-23 | Estado=pendiente | Pago=
[23-Apr-2026 06:09:36 UTC]    Envío #6670: pendiente → Pendiente de recoger
[23-Apr-2026 06:09:36 UTC] PHP Deprecated:  trim(): Passing null to parameter #1 ($string) of type string is deprecated in /home/u727114368/domains/mercourier.com/public_html/wp-content/themes/blocksy-child/functions.php on line 10417
[23-Apr-2026 06:09:36 UTC]    📅 Envío #6671: Creado=2026-04-23 | Reprog=1970-01-01 | Efectiva=2026-04-23 | Estado=pendiente | Pago=
[23-Apr-2026 06:09:36 UTC]    Envío #6671: pendiente → Pendiente de recoger
[23-Apr-2026 06:09:36 UTC] PHP Deprecated:  trim(): Passing null to parameter #1 ($string) of type string is deprecated in /home/u727114368/domains/mercourier.com/public_html/wp-content/themes/blocksy-child/functions.php on line 10417
[23-Apr-2026 06:09:36 UTC]    📅 Envío #6672: Creado=2026-04-23 | Reprog=2026-04-23 | Efectiva=2026-04-23 | Estado=pendiente | Pago=
[23-Apr-2026 06:09:36 UTC]    Envío #6672: pendiente → Pendiente de recoger
[23-Apr-2026 06:09:36 UTC] 📊 RESUMEN - Total: 4 | Finales: 0 | Recogidos: 0 | Entregados sin pagar: 0 | No Recogidos: 0 | Otros: 4
[23-Apr-2026 06:09:36 UTC] ✅ PERMITIDO: No hay envíos recogidos aún, o todos están finalizados - Puede crear más
[23-Apr-2026 06:09:36 UTC] =====================================
[23-Apr-2026 06:09:36 UTC] =====================================
[23-Apr-2026 06:09:36 UTC] 🔍 VERIFICANDO BLOQUEO - Cliente: #3 | Fecha: 2026-04-23
[23-Apr-2026 06:09:36 UTC] URL actual: /dashboard/
[23-Apr-2026 06:09:36 UTC] =====================================
[23-Apr-2026 06:09:36 UTC] 🔎 SQL Query: 
        SELECT 
            p.ID, 
            p.post_date,
            pm_status.meta_value as estado,
            pm_pago.meta_value as estado_pago,
            pm_fecha_reprog.meta_value as fecha_reprogramada
        FROM wp_posts p
        LEFT JOIN wp_postmeta pm_shipper 
            ON p.ID = pm_shipper.post_id 
            AND pm_shipper.meta_key = 'registered_shipper'
        LEFT JOIN wp_postmeta pm_status 
            ON p.ID = pm_status.post_id 
            AND pm_status.meta_key = 'wpcargo_status'
        LEFT JOIN wp_postmeta pm_pago 
            ON p.ID = pm_pago.post_id 
            AND pm_pago.meta_key = 'wpcargo_estado_pago_remitente'
        LEFT JOIN wp_postmeta pm_fecha_reprog 
            ON p.ID = pm_fecha_reprog.post_id 
            AND pm_fecha_reprog.meta_key = 'wpcargo_pickup_date_picker'
        WHERE p.post_type = 'wpcargo_shipment'
        AND p.post_status = 'publish'
        AND pm_shipper.meta_value = '3'
    
[23-Apr-2026 06:09:36 UTC] 📊 Total envíos del cliente (sin filtrar): 9
[23-Apr-2026 06:09:36 UTC]    📅 Envío #6584: post_date_raw='2026-02-21 14:30:19' | fecha_reprog_raw='21/02/2026' | fecha_efectiva='2026-02-21' | hoy='2026-04-23'
[23-Apr-2026 06:09:36 UTC]       ❌ NO incluido (fecha no coincide)
[23-Apr-2026 06:09:36 UTC]    📅 Envío #6641: post_date_raw='2026-02-22 21:51:11' | fecha_reprog_raw='22/2/2026' | fecha_efectiva='2026-02-22' | hoy='2026-04-23'
[23-Apr-2026 06:09:36 UTC]       ❌ NO incluido (fecha no coincide)
[23-Apr-2026 06:09:36 UTC]    📅 Envío #6642: post_date_raw='2026-02-22 21:51:11' | fecha_reprog_raw='22/2/2026' | fecha_efectiva='2026-02-22' | hoy='2026-04-23'
[23-Apr-2026 06:09:36 UTC]       ❌ NO incluido (fecha no coincide)
[23-Apr-2026 06:09:36 UTC]    📅 Envío #6643: post_date_raw='2026-02-22 21:51:11' | fecha_reprog_raw='22/2/2026' | fecha_efectiva='2026-02-22' | hoy='2026-04-23'
[23-Apr-2026 06:09:36 UTC]       ❌ NO incluido (fecha no coincide)
[23-Apr-2026 06:09:36 UTC]    📅 Envío #6644: post_date_raw='2026-02-22 21:51:11' | fecha_reprog_raw='22/2/2026' | fecha_efectiva='2026-02-22' | hoy='2026-04-23'
[23-Apr-2026 06:09:36 UTC]       ❌ NO incluido (fecha no coincide)
[23-Apr-2026 06:09:36 UTC]    📅 Envío #6669: post_date_raw='2026-04-23 00:39:39' | fecha_reprog_raw='' | fecha_efectiva='2026-04-23' | hoy='2026-04-23'
[23-Apr-2026 06:09:36 UTC]       ✅ INCLUIDO en filtrados
[23-Apr-2026 06:09:36 UTC]    📅 Envío #6670: post_date_raw='2026-04-23 01:06:56' | fecha_reprog_raw='2026-04-23' | fecha_efectiva='2026-04-23' | hoy='2026-04-23'
[23-Apr-2026 06:09:36 UTC]       ✅ INCLUIDO en filtrados
[23-Apr-2026 06:09:36 UTC]    📅 Envío #6671: post_date_raw='2026-04-23 01:07:48' | fecha_reprog_raw='23/04/2026' | fecha_efectiva='2026-04-23' | hoy='2026-04-23'
[23-Apr-2026 06:09:36 UTC]       ✅ INCLUIDO en filtrados
[23-Apr-2026 06:09:36 UTC]    📅 Envío #6672: post_date_raw='2026-04-23 01:08:44' | fecha_reprog_raw='2026-04-23' | fecha_efectiva='2026-04-23' | hoy='2026-04-23'
[23-Apr-2026 06:09:36 UTC]       ✅ INCLUIDO en filtrados
[23-Apr-2026 06:09:36 UTC] 📦 Total envíos encontrados para HOY: 4
[23-Apr-2026 06:09:36 UTC] PHP Deprecated:  trim(): Passing null to parameter #1 ($string) of type string is deprecated in /home/u727114368/domains/mercourier.com/public_html/wp-content/themes/blocksy-child/functions.php on line 10417
[23-Apr-2026 06:09:36 UTC]    📅 Envío #6669: Creado=2026-04-23 | Reprog=N/A | Efectiva=2026-04-23 | Estado=pendiente | Pago=
[23-Apr-2026 06:09:36 UTC]    Envío #6669: pendiente → Pendiente de recoger
[23-Apr-2026 06:09:36 UTC] PHP Deprecated:  trim(): Passing null to parameter #1 ($string) of type string is deprecated in /home/u727114368/domains/mercourier.com/public_html/wp-content/themes/blocksy-child/functions.php on line 10417
[23-Apr-2026 06:09:36 UTC]    📅 Envío #6670: Creado=2026-04-23 | Reprog=2026-04-23 | Efectiva=2026-04-23 | Estado=pendiente | Pago=
[23-Apr-2026 06:09:36 UTC]    Envío #6670: pendiente → Pendiente de recoger
[23-Apr-2026 06:09:36 UTC] PHP Deprecated:  trim(): Passing null to parameter #1 ($string) of type string is deprecated in /home/u727114368/domains/mercourier.com/public_html/wp-content/themes/blocksy-child/functions.php on line 10417
[23-Apr-2026 06:09:36 UTC]    📅 Envío #6671: Creado=2026-04-23 | Reprog=1970-01-01 | Efectiva=2026-04-23 | Estado=pendiente | Pago=
[23-Apr-2026 06:09:36 UTC]    Envío #6671: pendiente → Pendiente de recoger
[23-Apr-2026 06:09:36 UTC] PHP Deprecated:  trim(): Passing null to parameter #1 ($string) of type string is deprecated in /home/u727114368/domains/mercourier.com/public_html/wp-content/themes/blocksy-child/functions.php on line 10417
[23-Apr-2026 06:09:36 UTC]    📅 Envío #6672: Creado=2026-04-23 | Reprog=2026-04-23 | Efectiva=2026-04-23 | Estado=pendiente | Pago=
[23-Apr-2026 06:09:36 UTC]    Envío #6672: pendiente → Pendiente de recoger
[23-Apr-2026 06:09:36 UTC] 📊 RESUMEN - Total: 4 | Finales: 0 | Recogidos: 0 | Entregados sin pagar: 0 | No Recogidos: 0 | Otros: 4
[23-Apr-2026 06:09:36 UTC] ✅ PERMITIDO: No hay envíos recogidos aún, o todos están finalizados - Puede crear más
[23-Apr-2026 06:09:36 UTC] =====================================
[23-Apr-2026 06:09:36 UTC] =====================================
[23-Apr-2026 06:09:36 UTC] 🔍 VERIFICANDO BLOQUEO - Cliente: #3 | Fecha: 2026-04-23
[23-Apr-2026 06:09:36 UTC] URL actual: /dashboard/
[23-Apr-2026 06:09:36 UTC] =====================================
[23-Apr-2026 06:09:36 UTC] 🔎 SQL Query: 
        SELECT 
            p.ID, 
            p.post_date,
            pm_status.meta_value as estado,
            pm_pago.meta_value as estado_pago,
            pm_fecha_reprog.meta_value as fecha_reprogramada
        FROM wp_posts p
        LEFT JOIN wp_postmeta pm_shipper 
            ON p.ID = pm_shipper.post_id 
            AND pm_shipper.meta_key = 'registered_shipper'
        LEFT JOIN wp_postmeta pm_status 
            ON p.ID = pm_status.post_id 
            AND pm_status.meta_key = 'wpcargo_status'
        LEFT JOIN wp_postmeta pm_pago 
            ON p.ID = pm_pago.post_id 
            AND pm_pago.meta_key = 'wpcargo_estado_pago_remitente'
        LEFT JOIN wp_postmeta pm_fecha_reprog 
            ON p.ID = pm_fecha_reprog.post_id 
            AND pm_fecha_reprog.meta_key = 'wpcargo_pickup_date_picker'
        WHERE p.post_type = 'wpcargo_shipment'
        AND p.post_status = 'publish'
        AND pm_shipper.meta_value = '3'
    
[23-Apr-2026 06:09:36 UTC] 📊 Total envíos del cliente (sin filtrar): 9
[23-Apr-2026 06:09:36 UTC]    📅 Envío #6584: post_date_raw='2026-02-21 14:30:19' | fecha_reprog_raw='21/02/2026' | fecha_efectiva='2026-02-21' | hoy='2026-04-23'
[23-Apr-2026 06:09:36 UTC]       ❌ NO incluido (fecha no coincide)
[23-Apr-2026 06:09:36 UTC]    📅 Envío #6641: post_date_raw='2026-02-22 21:51:11' | fecha_reprog_raw='22/2/2026' | fecha_efectiva='2026-02-22' | hoy='2026-04-23'
[23-Apr-2026 06:09:36 UTC]       ❌ NO incluido (fecha no coincide)
[23-Apr-2026 06:09:36 UTC]    📅 Envío #6642: post_date_raw='2026-02-22 21:51:11' | fecha_reprog_raw='22/2/2026' | fecha_efectiva='2026-02-22' | hoy='2026-04-23'
[23-Apr-2026 06:09:36 UTC]       ❌ NO incluido (fecha no coincide)
[23-Apr-2026 06:09:36 UTC]    📅 Envío #6643: post_date_raw='2026-02-22 21:51:11' | fecha_reprog_raw='22/2/2026' | fecha_efectiva='2026-02-22' | hoy='2026-04-23'
[23-Apr-2026 06:09:36 UTC]       ❌ NO incluido (fecha no coincide)
[23-Apr-2026 06:09:36 UTC]    📅 Envío #6644: post_date_raw='2026-02-22 21:51:11' | fecha_reprog_raw='22/2/2026' | fecha_efectiva='2026-02-22' | hoy='2026-04-23'
[23-Apr-2026 06:09:36 UTC]       ❌ NO incluido (fecha no coincide)
[23-Apr-2026 06:09:36 UTC]    📅 Envío #6669: post_date_raw='2026-04-23 00:39:39' | fecha_reprog_raw='' | fecha_efectiva='2026-04-23' | hoy='2026-04-23'
[23-Apr-2026 06:09:36 UTC]       ✅ INCLUIDO en filtrados
[23-Apr-2026 06:09:36 UTC]    📅 Envío #6670: post_date_raw='2026-04-23 01:06:56' | fecha_reprog_raw='2026-04-23' | fecha_efectiva='2026-04-23' | hoy='2026-04-23'
[23-Apr-2026 06:09:36 UTC]       ✅ INCLUIDO en filtrados
[23-Apr-2026 06:09:36 UTC]    📅 Envío #6671: post_date_raw='2026-04-23 01:07:48' | fecha_reprog_raw='23/04/2026' | fecha_efectiva='2026-04-23' | hoy='2026-04-23'
[23-Apr-2026 06:09:36 UTC]       ✅ INCLUIDO en filtrados
[23-Apr-2026 06:09:36 UTC]    📅 Envío #6672: post_date_raw='2026-04-23 01:08:44' | fecha_reprog_raw='2026-04-23' | fecha_efectiva='2026-04-23' | hoy='2026-04-23'
[23-Apr-2026 06:09:36 UTC]       ✅ INCLUIDO en filtrados
[23-Apr-2026 06:09:36 UTC] 📦 Total envíos encontrados para HOY: 4
[23-Apr-2026 06:09:36 UTC] PHP Deprecated:  trim(): Passing null to parameter #1 ($string) of type string is deprecated in /home/u727114368/domains/mercourier.com/public_html/wp-content/themes/blocksy-child/functions.php on line 10417
[23-Apr-2026 06:09:36 UTC]    📅 Envío #6669: Creado=2026-04-23 | Reprog=N/A | Efectiva=2026-04-23 | Estado=pendiente | Pago=
[23-Apr-2026 06:09:36 UTC]    Envío #6669: pendiente → Pendiente de recoger
[23-Apr-2026 06:09:36 UTC] PHP Deprecated:  trim(): Passing null to parameter #1 ($string) of type string is deprecated in /home/u727114368/domains/mercourier.com/public_html/wp-content/themes/blocksy-child/functions.php on line 10417
[23-Apr-2026 06:09:36 UTC]    📅 Envío #6670: Creado=2026-04-23 | Reprog=2026-04-23 | Efectiva=2026-04-23 | Estado=pendiente | Pago=
[23-Apr-2026 06:09:36 UTC]    Envío #6670: pendiente → Pendiente de recoger
[23-Apr-2026 06:09:36 UTC] PHP Deprecated:  trim(): Passing null to parameter #1 ($string) of type string is deprecated in /home/u727114368/domains/mercourier.com/public_html/wp-content/themes/blocksy-child/functions.php on line 10417
[23-Apr-2026 06:09:36 UTC]    📅 Envío #6671: Creado=2026-04-23 | Reprog=1970-01-01 | Efectiva=2026-04-23 | Estado=pendiente | Pago=
[23-Apr-2026 06:09:36 UTC]    Envío #6671: pendiente → Pendiente de recoger
[23-Apr-2026 06:09:36 UTC] PHP Deprecated:  trim(): Passing null to parameter #1 ($string) of type string is deprecated in /home/u727114368/domains/mercourier.com/public_html/wp-content/themes/blocksy-child/functions.php on line 10417
[23-Apr-2026 06:09:36 UTC]    📅 Envío #6672: Creado=2026-04-23 | Reprog=2026-04-23 | Efectiva=2026-04-23 | Estado=pendiente | Pago=
[23-Apr-2026 06:09:36 UTC]    Envío #6672: pendiente → Pendiente de recoger
[23-Apr-2026 06:09:36 UTC] 📊 RESUMEN - Total: 4 | Finales: 0 | Recogidos: 0 | Entregados sin pagar: 0 | No Recogidos: 0 | Otros: 4
[23-Apr-2026 06:09:36 UTC] ✅ PERMITIDO: No hay envíos recogidos aún, o todos están finalizados - Puede crear más
[23-Apr-2026 06:09:36 UTC] =====================================
[23-Apr-2026 06:09:36 UTC] =====================================
[23-Apr-2026 06:09:36 UTC] 🔍 VERIFICANDO BLOQUEO - Cliente: #3 | Fecha: 2026-04-23
[23-Apr-2026 06:09:36 UTC] URL actual: /dashboard/
[23-Apr-2026 06:09:36 UTC] =====================================
[23-Apr-2026 06:09:36 UTC] 🔎 SQL Query: 
        SELECT 
            p.ID, 
            p.post_date,
            pm_status.meta_value as estado,
            pm_pago.meta_value as estado_pago,
            pm_fecha_reprog.meta_value as fecha_reprogramada
        FROM wp_posts p
        LEFT JOIN wp_postmeta pm_shipper 
            ON p.ID = pm_shipper.post_id 
            AND pm_shipper.meta_key = 'registered_shipper'
        LEFT JOIN wp_postmeta pm_status 
            ON p.ID = pm_status.post_id 
            AND pm_status.meta_key = 'wpcargo_status'
        LEFT JOIN wp_postmeta pm_pago 
            ON p.ID = pm_pago.post_id 
            AND pm_pago.meta_key = 'wpcargo_estado_pago_remitente'
        LEFT JOIN wp_postmeta pm_fecha_reprog 
            ON p.ID = pm_fecha_reprog.post_id 
            AND pm_fecha_reprog.meta_key = 'wpcargo_pickup_date_picker'
        WHERE p.post_type = 'wpcargo_shipment'
        AND p.post_status = 'publish'
        AND pm_shipper.meta_value = '3'
    
[23-Apr-2026 06:09:36 UTC] 📊 Total envíos del cliente (sin filtrar): 9
[23-Apr-2026 06:09:36 UTC]    📅 Envío #6584: post_date_raw='2026-02-21 14:30:19' | fecha_reprog_raw='21/02/2026' | fecha_efectiva='2026-02-21' | hoy='2026-04-23'
[23-Apr-2026 06:09:36 UTC]       ❌ NO incluido (fecha no coincide)
[23-Apr-2026 06:09:36 UTC]    📅 Envío #6641: post_date_raw='2026-02-22 21:51:11' | fecha_reprog_raw='22/2/2026' | fecha_efectiva='2026-02-22' | hoy='2026-04-23'
[23-Apr-2026 06:09:36 UTC]       ❌ NO incluido (fecha no coincide)
[23-Apr-2026 06:09:36 UTC]    📅 Envío #6642: post_date_raw='2026-02-22 21:51:11' | fecha_reprog_raw='22/2/2026' | fecha_efectiva='2026-02-22' | hoy='2026-04-23'
[23-Apr-2026 06:09:36 UTC]       ❌ NO incluido (fecha no coincide)
[23-Apr-2026 06:09:36 UTC]    📅 Envío #6643: post_date_raw='2026-02-22 21:51:11' | fecha_reprog_raw='22/2/2026' | fecha_efectiva='2026-02-22' | hoy='2026-04-23'
[23-Apr-2026 06:09:36 UTC]       ❌ NO incluido (fecha no coincide)
[23-Apr-2026 06:09:36 UTC]    📅 Envío #6644: post_date_raw='2026-02-22 21:51:11' | fecha_reprog_raw='22/2/2026' | fecha_efectiva='2026-02-22' | hoy='2026-04-23'
[23-Apr-2026 06:09:36 UTC]       ❌ NO incluido (fecha no coincide)
[23-Apr-2026 06:09:36 UTC]    📅 Envío #6669: post_date_raw='2026-04-23 00:39:39' | fecha_reprog_raw='' | fecha_efectiva='2026-04-23' | hoy='2026-04-23'
[23-Apr-2026 06:09:36 UTC]       ✅ INCLUIDO en filtrados
[23-Apr-2026 06:09:36 UTC]    📅 Envío #6670: post_date_raw='2026-04-23 01:06:56' | fecha_reprog_raw='2026-04-23' | fecha_efectiva='2026-04-23' | hoy='2026-04-23'
[23-Apr-2026 06:09:36 UTC]       ✅ INCLUIDO en filtrados
[23-Apr-2026 06:09:36 UTC]    📅 Envío #6671: post_date_raw='2026-04-23 01:07:48' | fecha_reprog_raw='23/04/2026' | fecha_efectiva='2026-04-23' | hoy='2026-04-23'
[23-Apr-2026 06:09:36 UTC]       ✅ INCLUIDO en filtrados
[23-Apr-2026 06:09:36 UTC]    📅 Envío #6672: post_date_raw='2026-04-23 01:08:44' | fecha_reprog_raw='2026-04-23' | fecha_efectiva='2026-04-23' | hoy='2026-04-23'
[23-Apr-2026 06:09:36 UTC]       ✅ INCLUIDO en filtrados
[23-Apr-2026 06:09:36 UTC] 📦 Total envíos encontrados para HOY: 4
[23-Apr-2026 06:09:36 UTC] PHP Deprecated:  trim(): Passing null to parameter #1 ($string) of type string is deprecated in /home/u727114368/domains/mercourier.com/public_html/wp-content/themes/blocksy-child/functions.php on line 10417
[23-Apr-2026 06:09:36 UTC]    📅 Envío #6669: Creado=2026-04-23 | Reprog=N/A | Efectiva=2026-04-23 | Estado=pendiente | Pago=
[23-Apr-2026 06:09:36 UTC]    Envío #6669: pendiente → Pendiente de recoger
[23-Apr-2026 06:09:36 UTC] PHP Deprecated:  trim(): Passing null to parameter #1 ($string) of type string is deprecated in /home/u727114368/domains/mercourier.com/public_html/wp-content/themes/blocksy-child/functions.php on line 10417
[23-Apr-2026 06:09:36 UTC]    📅 Envío #6670: Creado=2026-04-23 | Reprog=2026-04-23 | Efectiva=2026-04-23 | Estado=pendiente | Pago=
[23-Apr-2026 06:09:36 UTC]    Envío #6670: pendiente → Pendiente de recoger
[23-Apr-2026 06:09:36 UTC] PHP Deprecated:  trim(): Passing null to parameter #1 ($string) of type string is deprecated in /home/u727114368/domains/mercourier.com/public_html/wp-content/themes/blocksy-child/functions.php on line 10417
[23-Apr-2026 06:09:36 UTC]    📅 Envío #6671: Creado=2026-04-23 | Reprog=1970-01-01 | Efectiva=2026-04-23 | Estado=pendiente | Pago=
[23-Apr-2026 06:09:36 UTC]    Envío #6671: pendiente → Pendiente de recoger
[23-Apr-2026 06:09:36 UTC] PHP Deprecated:  trim(): Passing null to parameter #1 ($string) of type string is deprecated in /home/u727114368/domains/mercourier.com/public_html/wp-content/themes/blocksy-child/functions.php on line 10417
[23-Apr-2026 06:09:36 UTC]    📅 Envío #6672: Creado=2026-04-23 | Reprog=2026-04-23 | Efectiva=2026-04-23 | Estado=pendiente | Pago=
[23-Apr-2026 06:09:36 UTC]    Envío #6672: pendiente → Pendiente de recoger
[23-Apr-2026 06:09:36 UTC] 📊 RESUMEN - Total: 4 | Finales: 0 | Recogidos: 0 | Entregados sin pagar: 0 | No Recogidos: 0 | Otros: 4
[23-Apr-2026 06:09:36 UTC] ✅ PERMITIDO: No hay envíos recogidos aún, o todos están finalizados - Puede crear más
[23-Apr-2026 06:09:36 UTC] =====================================
[23-Apr-2026 06:09:36 UTC] 🔵 [FILTER] filter_shipment_by_date_and_tiendaname llamado
[23-Apr-2026 06:09:36 UTC] 🔵 [FILTER] Usuario actual: 3
[23-Apr-2026 06:09:36 UTC] 🔵 [FILTER] Args iniciales: {"post_type":"wpcargo_shipment","post_status":"publish","posts_per_page":10,"paged":1,"s":"","meta_query":{"relation":"AND","0":{"__assignment":{"key":"registered_shipper","value":3,"compare":"="}}},"date_query":[{"after":"2026-04-23","before":"2026-04-23","inclusive":true}]}
[23-Apr-2026 06:09:36 UTC] 🔵 [FILTER] GET params: Array
(
)

[23-Apr-2026 06:09:36 UTC] 🔵 [FILTER] Sin parámetros de fecha, aplicando HOY por defecto: 2026-04-23
[23-Apr-2026 06:09:36 UTC] 🔵 [FILTER] Fecha desde: '2026-04-23' | Fecha hasta: '2026-04-23'
[23-Apr-2026 06:09:36 UTC] 🔵 [FILTER] has_from: true | has_to: true
[23-Apr-2026 06:09:36 UTC] 🔵 [FILTER] REMOVIENDO date_query para evitar conflicto
[23-Apr-2026 06:09:36 UTC] 🔵 [FILTER] SQL Query: 
            SELECT DISTINCT p.ID 
            FROM wp_posts p
            INNER JOIN wp_postmeta pm ON p.ID = pm.post_id
            WHERE p.post_type = 'wpcargo_shipment'
            AND pm.meta_key IN ('wpcargo_pickup_date_picker', 'wpcargo_pickup_date', 'calendarenvio', 'wpcargo_fecha_envio')
            AND (STR_TO_DATE(pm.meta_value, '%d/%m/%Y') >= STR_TO_DATE('2026-04-23', '%Y-%m-%d') AND STR_TO_DATE(pm.meta_value, '%d/%m/%Y') <= STR_TO_DATE('2026-04-23', '%Y-%m-%d'))
        
[23-Apr-2026 06:09:36 UTC] 🔵 [FILTER] IDs encontrados por fecha: 1
[23-Apr-2026 06:09:36 UTC] 🔵 [FILTER] Primeros 10 IDs: 6671
[23-Apr-2026 06:09:36 UTC] 🔵 [FILTER] post__in no existe, creando nuevo
[23-Apr-2026 06:09:36 UTC] 🔵 [FILTER] post_status cambiado a array para incluir estados normales (EXCLUYENDO trash)
[23-Apr-2026 06:09:36 UTC] 🔵 [FILTER] Args finales: {"post_type":"wpcargo_shipment","post_status":["publish","draft","pending","private"],"posts_per_page":10,"paged":1,"s":"","meta_query":{"relation":"AND","0":{"__assignment":{"key":"registered_shipper","value":3,"compare":"="}}},"post__in":["6671"]}
[23-Apr-2026 06:09:38 UTC] 🔔 [MERC_LOG] Inicializado logger diario: /home/u727114368/domains/mercourier.com/public_html/wp-content/merc_logs/merc-debug-2026-04-23.log
[23-Apr-2026 06:09:40 UTC] 🔔 [MERC_LOG] Inicializado logger diario: /home/u727114368/domains/mercourier.com/public_html/wp-content/merc_logs/merc-debug-2026-04-23.log
[23-Apr-2026 06:09:41 UTC] 🔔 [MERC_LOG] Inicializado logger diario: /home/u727114368/domains/mercourier.com/public_html/wp-content/merc_logs/merc-debug-2026-04-23.log
[23-Apr-2026 06:09:41 UTC] =====================================
[23-Apr-2026 06:09:41 UTC] 🔍 VERIFICANDO BLOQUEO - Cliente: #3 | Fecha: 2026-04-23
[23-Apr-2026 06:09:41 UTC] URL actual: /envios-masivos/
[23-Apr-2026 06:09:41 UTC] =====================================
[23-Apr-2026 06:09:41 UTC] 🔎 SQL Query: 
        SELECT 
            p.ID, 
            p.post_date,
            pm_status.meta_value as estado,
            pm_pago.meta_value as estado_pago,
            pm_fecha_reprog.meta_value as fecha_reprogramada
        FROM wp_posts p
        LEFT JOIN wp_postmeta pm_shipper 
            ON p.ID = pm_shipper.post_id 
            AND pm_shipper.meta_key = 'registered_shipper'
        LEFT JOIN wp_postmeta pm_status 
            ON p.ID = pm_status.post_id 
            AND pm_status.meta_key = 'wpcargo_status'
        LEFT JOIN wp_postmeta pm_pago 
            ON p.ID = pm_pago.post_id 
            AND pm_pago.meta_key = 'wpcargo_estado_pago_remitente'
        LEFT JOIN wp_postmeta pm_fecha_reprog 
            ON p.ID = pm_fecha_reprog.post_id 
            AND pm_fecha_reprog.meta_key = 'wpcargo_pickup_date_picker'
        WHERE p.post_type = 'wpcargo_shipment'
        AND p.post_status = 'publish'
        AND pm_shipper.meta_value = '3'
    
[23-Apr-2026 06:09:41 UTC] 📊 Total envíos del cliente (sin filtrar): 9
[23-Apr-2026 06:09:41 UTC]    📅 Envío #6584: post_date_raw='2026-02-21 14:30:19' | fecha_reprog_raw='21/02/2026' | fecha_efectiva='2026-02-21' | hoy='2026-04-23'
[23-Apr-2026 06:09:41 UTC]       ❌ NO incluido (fecha no coincide)
[23-Apr-2026 06:09:41 UTC]    📅 Envío #6641: post_date_raw='2026-02-22 21:51:11' | fecha_reprog_raw='22/2/2026' | fecha_efectiva='2026-02-22' | hoy='2026-04-23'
[23-Apr-2026 06:09:41 UTC]       ❌ NO incluido (fecha no coincide)
[23-Apr-2026 06:09:41 UTC]    📅 Envío #6642: post_date_raw='2026-02-22 21:51:11' | fecha_reprog_raw='22/2/2026' | fecha_efectiva='2026-02-22' | hoy='2026-04-23'
[23-Apr-2026 06:09:41 UTC]       ❌ NO incluido (fecha no coincide)
[23-Apr-2026 06:09:41 UTC]    📅 Envío #6643: post_date_raw='2026-02-22 21:51:11' | fecha_reprog_raw='22/2/2026' | fecha_efectiva='2026-02-22' | hoy='2026-04-23'
[23-Apr-2026 06:09:41 UTC]       ❌ NO incluido (fecha no coincide)
[23-Apr-2026 06:09:41 UTC]    📅 Envío #6644: post_date_raw='2026-02-22 21:51:11' | fecha_reprog_raw='22/2/2026' | fecha_efectiva='2026-02-22' | hoy='2026-04-23'
[23-Apr-2026 06:09:41 UTC]       ❌ NO incluido (fecha no coincide)
[23-Apr-2026 06:09:41 UTC]    📅 Envío #6669: post_date_raw='2026-04-23 00:39:39' | fecha_reprog_raw='' | fecha_efectiva='2026-04-23' | hoy='2026-04-23'
[23-Apr-2026 06:09:41 UTC]       ✅ INCLUIDO en filtrados
[23-Apr-2026 06:09:41 UTC]    📅 Envío #6670: post_date_raw='2026-04-23 01:06:56' | fecha_reprog_raw='2026-04-23' | fecha_efectiva='2026-04-23' | hoy='2026-04-23'
[23-Apr-2026 06:09:41 UTC]       ✅ INCLUIDO en filtrados
[23-Apr-2026 06:09:41 UTC]    📅 Envío #6671: post_date_raw='2026-04-23 01:07:48' | fecha_reprog_raw='23/04/2026' | fecha_efectiva='2026-04-23' | hoy='2026-04-23'
[23-Apr-2026 06:09:41 UTC]       ✅ INCLUIDO en filtrados
[23-Apr-2026 06:09:41 UTC]    📅 Envío #6672: post_date_raw='2026-04-23 01:08:44' | fecha_reprog_raw='2026-04-23' | fecha_efectiva='2026-04-23' | hoy='2026-04-23'
[23-Apr-2026 06:09:41 UTC]       ✅ INCLUIDO en filtrados
[23-Apr-2026 06:09:41 UTC] 📦 Total envíos encontrados para HOY: 4
[23-Apr-2026 06:09:41 UTC] PHP Deprecated:  trim(): Passing null to parameter #1 ($string) of type string is deprecated in /home/u727114368/domains/mercourier.com/public_html/wp-content/themes/blocksy-child/functions.php on line 10417
[23-Apr-2026 06:09:41 UTC]    📅 Envío #6669: Creado=2026-04-23 | Reprog=N/A | Efectiva=2026-04-23 | Estado=pendiente | Pago=
[23-Apr-2026 06:09:41 UTC]    Envío #6669: pendiente → Pendiente de recoger
[23-Apr-2026 06:09:41 UTC] PHP Deprecated:  trim(): Passing null to parameter #1 ($string) of type string is deprecated in /home/u727114368/domains/mercourier.com/public_html/wp-content/themes/blocksy-child/functions.php on line 10417
[23-Apr-2026 06:09:41 UTC]    📅 Envío #6670: Creado=2026-04-23 | Reprog=2026-04-23 | Efectiva=2026-04-23 | Estado=pendiente | Pago=
[23-Apr-2026 06:09:41 UTC]    Envío #6670: pendiente → Pendiente de recoger
[23-Apr-2026 06:09:41 UTC] PHP Deprecated:  trim(): Passing null to parameter #1 ($string) of type string is deprecated in /home/u727114368/domains/mercourier.com/public_html/wp-content/themes/blocksy-child/functions.php on line 10417
[23-Apr-2026 06:09:41 UTC]    📅 Envío #6671: Creado=2026-04-23 | Reprog=1970-01-01 | Efectiva=2026-04-23 | Estado=pendiente | Pago=
[23-Apr-2026 06:09:41 UTC]    Envío #6671: pendiente → Pendiente de recoger
[23-Apr-2026 06:09:41 UTC] PHP Deprecated:  trim(): Passing null to parameter #1 ($string) of type string is deprecated in /home/u727114368/domains/mercourier.com/public_html/wp-content/themes/blocksy-child/functions.php on line 10417
[23-Apr-2026 06:09:41 UTC]    📅 Envío #6672: Creado=2026-04-23 | Reprog=2026-04-23 | Efectiva=2026-04-23 | Estado=pendiente | Pago=
[23-Apr-2026 06:09:41 UTC]    Envío #6672: pendiente → Pendiente de recoger
[23-Apr-2026 06:09:41 UTC] 📊 RESUMEN - Total: 4 | Finales: 0 | Recogidos: 0 | Entregados sin pagar: 0 | No Recogidos: 0 | Otros: 4
[23-Apr-2026 06:09:41 UTC] ✅ PERMITIDO: No hay envíos recogidos aún, o todos están finalizados - Puede crear más
[23-Apr-2026 06:09:41 UTC] =====================================
[23-Apr-2026 06:09:41 UTC] =====================================
[23-Apr-2026 06:09:41 UTC] 🔍 VERIFICANDO BLOQUEO - Cliente: #3 | Fecha: 2026-04-23
[23-Apr-2026 06:09:41 UTC] URL actual: /envios-masivos/
[23-Apr-2026 06:09:41 UTC] =====================================
[23-Apr-2026 06:09:41 UTC] 🔎 SQL Query: 
        SELECT 
            p.ID, 
            p.post_date,
            pm_status.meta_value as estado,
            pm_pago.meta_value as estado_pago,
            pm_fecha_reprog.meta_value as fecha_reprogramada
        FROM wp_posts p
        LEFT JOIN wp_postmeta pm_shipper 
            ON p.ID = pm_shipper.post_id 
            AND pm_shipper.meta_key = 'registered_shipper'
        LEFT JOIN wp_postmeta pm_status 
            ON p.ID = pm_status.post_id 
            AND pm_status.meta_key = 'wpcargo_status'
        LEFT JOIN wp_postmeta pm_pago 
            ON p.ID = pm_pago.post_id 
            AND pm_pago.meta_key = 'wpcargo_estado_pago_remitente'
        LEFT JOIN wp_postmeta pm_fecha_reprog 
            ON p.ID = pm_fecha_reprog.post_id 
            AND pm_fecha_reprog.meta_key = 'wpcargo_pickup_date_picker'
        WHERE p.post_type = 'wpcargo_shipment'
        AND p.post_status = 'publish'
        AND pm_shipper.meta_value = '3'
    
[23-Apr-2026 06:09:41 UTC] 📊 Total envíos del cliente (sin filtrar): 9
[23-Apr-2026 06:09:41 UTC]    📅 Envío #6584: post_date_raw='2026-02-21 14:30:19' | fecha_reprog_raw='21/02/2026' | fecha_efectiva='2026-02-21' | hoy='2026-04-23'
[23-Apr-2026 06:09:41 UTC]       ❌ NO incluido (fecha no coincide)
[23-Apr-2026 06:09:41 UTC]    📅 Envío #6641: post_date_raw='2026-02-22 21:51:11' | fecha_reprog_raw='22/2/2026' | fecha_efectiva='2026-02-22' | hoy='2026-04-23'
[23-Apr-2026 06:09:41 UTC]       ❌ NO incluido (fecha no coincide)
[23-Apr-2026 06:09:41 UTC]    📅 Envío #6642: post_date_raw='2026-02-22 21:51:11' | fecha_reprog_raw='22/2/2026' | fecha_efectiva='2026-02-22' | hoy='2026-04-23'
[23-Apr-2026 06:09:41 UTC]       ❌ NO incluido (fecha no coincide)
[23-Apr-2026 06:09:41 UTC]    📅 Envío #6643: post_date_raw='2026-02-22 21:51:11' | fecha_reprog_raw='22/2/2026' | fecha_efectiva='2026-02-22' | hoy='2026-04-23'
[23-Apr-2026 06:09:41 UTC]       ❌ NO incluido (fecha no coincide)
[23-Apr-2026 06:09:41 UTC]    📅 Envío #6644: post_date_raw='2026-02-22 21:51:11' | fecha_reprog_raw='22/2/2026' | fecha_efectiva='2026-02-22' | hoy='2026-04-23'
[23-Apr-2026 06:09:41 UTC]       ❌ NO incluido (fecha no coincide)
[23-Apr-2026 06:09:41 UTC]    📅 Envío #6669: post_date_raw='2026-04-23 00:39:39' | fecha_reprog_raw='' | fecha_efectiva='2026-04-23' | hoy='2026-04-23'
[23-Apr-2026 06:09:41 UTC]       ✅ INCLUIDO en filtrados
[23-Apr-2026 06:09:41 UTC]    📅 Envío #6670: post_date_raw='2026-04-23 01:06:56' | fecha_reprog_raw='2026-04-23' | fecha_efectiva='2026-04-23' | hoy='2026-04-23'
[23-Apr-2026 06:09:41 UTC]       ✅ INCLUIDO en filtrados
[23-Apr-2026 06:09:41 UTC]    📅 Envío #6671: post_date_raw='2026-04-23 01:07:48' | fecha_reprog_raw='23/04/2026' | fecha_efectiva='2026-04-23' | hoy='2026-04-23'
[23-Apr-2026 06:09:41 UTC]       ✅ INCLUIDO en filtrados
[23-Apr-2026 06:09:41 UTC]    📅 Envío #6672: post_date_raw='2026-04-23 01:08:44' | fecha_reprog_raw='2026-04-23' | fecha_efectiva='2026-04-23' | hoy='2026-04-23'
[23-Apr-2026 06:09:41 UTC]       ✅ INCLUIDO en filtrados
[23-Apr-2026 06:09:41 UTC] 📦 Total envíos encontrados para HOY: 4
[23-Apr-2026 06:09:41 UTC] PHP Deprecated:  trim(): Passing null to parameter #1 ($string) of type string is deprecated in /home/u727114368/domains/mercourier.com/public_html/wp-content/themes/blocksy-child/functions.php on line 10417
[23-Apr-2026 06:09:41 UTC]    📅 Envío #6669: Creado=2026-04-23 | Reprog=N/A | Efectiva=2026-04-23 | Estado=pendiente | Pago=
[23-Apr-2026 06:09:41 UTC]    Envío #6669: pendiente → Pendiente de recoger
[23-Apr-2026 06:09:41 UTC] PHP Deprecated:  trim(): Passing null to parameter #1 ($string) of type string is deprecated in /home/u727114368/domains/mercourier.com/public_html/wp-content/themes/blocksy-child/functions.php on line 10417
[23-Apr-2026 06:09:41 UTC]    📅 Envío #6670: Creado=2026-04-23 | Reprog=2026-04-23 | Efectiva=2026-04-23 | Estado=pendiente | Pago=
[23-Apr-2026 06:09:41 UTC]    Envío #6670: pendiente → Pendiente de recoger
[23-Apr-2026 06:09:41 UTC] PHP Deprecated:  trim(): Passing null to parameter #1 ($string) of type string is deprecated in /home/u727114368/domains/mercourier.com/public_html/wp-content/themes/blocksy-child/functions.php on line 10417
[23-Apr-2026 06:09:41 UTC]    📅 Envío #6671: Creado=2026-04-23 | Reprog=1970-01-01 | Efectiva=2026-04-23 | Estado=pendiente | Pago=
[23-Apr-2026 06:09:41 UTC]    Envío #6671: pendiente → Pendiente de recoger
[23-Apr-2026 06:09:41 UTC] PHP Deprecated:  trim(): Passing null to parameter #1 ($string) of type string is deprecated in /home/u727114368/domains/mercourier.com/public_html/wp-content/themes/blocksy-child/functions.php on line 10417
[23-Apr-2026 06:09:41 UTC]    📅 Envío #6672: Creado=2026-04-23 | Reprog=2026-04-23 | Efectiva=2026-04-23 | Estado=pendiente | Pago=
[23-Apr-2026 06:09:41 UTC]    Envío #6672: pendiente → Pendiente de recoger
[23-Apr-2026 06:09:41 UTC] 📊 RESUMEN - Total: 4 | Finales: 0 | Recogidos: 0 | Entregados sin pagar: 0 | No Recogidos: 0 | Otros: 4
[23-Apr-2026 06:09:41 UTC] ✅ PERMITIDO: No hay envíos recogidos aún, o todos están finalizados - Puede crear más
[23-Apr-2026 06:09:41 UTC] =====================================
[23-Apr-2026 06:09:41 UTC] =====================================
[23-Apr-2026 06:09:41 UTC] 🔍 VERIFICANDO BLOQUEO - Cliente: #3 | Fecha: 2026-04-23
[23-Apr-2026 06:09:41 UTC] URL actual: /envios-masivos/
[23-Apr-2026 06:09:41 UTC] =====================================
[23-Apr-2026 06:09:41 UTC] 🔎 SQL Query: 
        SELECT 
            p.ID, 
            p.post_date,
            pm_status.meta_value as estado,
            pm_pago.meta_value as estado_pago,
            pm_fecha_reprog.meta_value as fecha_reprogramada
        FROM wp_posts p
        LEFT JOIN wp_postmeta pm_shipper 
            ON p.ID = pm_shipper.post_id 
            AND pm_shipper.meta_key = 'registered_shipper'
        LEFT JOIN wp_postmeta pm_status 
            ON p.ID = pm_status.post_id 
            AND pm_status.meta_key = 'wpcargo_status'
        LEFT JOIN wp_postmeta pm_pago 
            ON p.ID = pm_pago.post_id 
            AND pm_pago.meta_key = 'wpcargo_estado_pago_remitente'
        LEFT JOIN wp_postmeta pm_fecha_reprog 
            ON p.ID = pm_fecha_reprog.post_id 
            AND pm_fecha_reprog.meta_key = 'wpcargo_pickup_date_picker'
        WHERE p.post_type = 'wpcargo_shipment'
        AND p.post_status = 'publish'
        AND pm_shipper.meta_value = '3'
    
[23-Apr-2026 06:09:41 UTC] 📊 Total envíos del cliente (sin filtrar): 9
[23-Apr-2026 06:09:41 UTC]    📅 Envío #6584: post_date_raw='2026-02-21 14:30:19' | fecha_reprog_raw='21/02/2026' | fecha_efectiva='2026-02-21' | hoy='2026-04-23'
[23-Apr-2026 06:09:41 UTC]       ❌ NO incluido (fecha no coincide)
[23-Apr-2026 06:09:41 UTC]    📅 Envío #6641: post_date_raw='2026-02-22 21:51:11' | fecha_reprog_raw='22/2/2026' | fecha_efectiva='2026-02-22' | hoy='2026-04-23'
[23-Apr-2026 06:09:41 UTC]       ❌ NO incluido (fecha no coincide)
[23-Apr-2026 06:09:41 UTC]    📅 Envío #6642: post_date_raw='2026-02-22 21:51:11' | fecha_reprog_raw='22/2/2026' | fecha_efectiva='2026-02-22' | hoy='2026-04-23'
[23-Apr-2026 06:09:41 UTC]       ❌ NO incluido (fecha no coincide)
[23-Apr-2026 06:09:41 UTC]    📅 Envío #6643: post_date_raw='2026-02-22 21:51:11' | fecha_reprog_raw='22/2/2026' | fecha_efectiva='2026-02-22' | hoy='2026-04-23'
[23-Apr-2026 06:09:41 UTC]       ❌ NO incluido (fecha no coincide)
[23-Apr-2026 06:09:41 UTC]    📅 Envío #6644: post_date_raw='2026-02-22 21:51:11' | fecha_reprog_raw='22/2/2026' | fecha_efectiva='2026-02-22' | hoy='2026-04-23'
[23-Apr-2026 06:09:41 UTC]       ❌ NO incluido (fecha no coincide)
[23-Apr-2026 06:09:41 UTC]    📅 Envío #6669: post_date_raw='2026-04-23 00:39:39' | fecha_reprog_raw='' | fecha_efectiva='2026-04-23' | hoy='2026-04-23'
[23-Apr-2026 06:09:41 UTC]       ✅ INCLUIDO en filtrados
[23-Apr-2026 06:09:41 UTC]    📅 Envío #6670: post_date_raw='2026-04-23 01:06:56' | fecha_reprog_raw='2026-04-23' | fecha_efectiva='2026-04-23' | hoy='2026-04-23'
[23-Apr-2026 06:09:41 UTC]       ✅ INCLUIDO en filtrados
[23-Apr-2026 06:09:41 UTC]    📅 Envío #6671: post_date_raw='2026-04-23 01:07:48' | fecha_reprog_raw='23/04/2026' | fecha_efectiva='2026-04-23' | hoy='2026-04-23'
[23-Apr-2026 06:09:41 UTC]       ✅ INCLUIDO en filtrados
[23-Apr-2026 06:09:41 UTC]    📅 Envío #6672: post_date_raw='2026-04-23 01:08:44' | fecha_reprog_raw='2026-04-23' | fecha_efectiva='2026-04-23' | hoy='2026-04-23'
[23-Apr-2026 06:09:41 UTC]       ✅ INCLUIDO en filtrados
[23-Apr-2026 06:09:41 UTC] 📦 Total envíos encontrados para HOY: 4
[23-Apr-2026 06:09:41 UTC] PHP Deprecated:  trim(): Passing null to parameter #1 ($string) of type string is deprecated in /home/u727114368/domains/mercourier.com/public_html/wp-content/themes/blocksy-child/functions.php on line 10417
[23-Apr-2026 06:09:41 UTC]    📅 Envío #6669: Creado=2026-04-23 | Reprog=N/A | Efectiva=2026-04-23 | Estado=pendiente | Pago=
[23-Apr-2026 06:09:41 UTC]    Envío #6669: pendiente → Pendiente de recoger
[23-Apr-2026 06:09:41 UTC] PHP Deprecated:  trim(): Passing null to parameter #1 ($string) of type string is deprecated in /home/u727114368/domains/mercourier.com/public_html/wp-content/themes/blocksy-child/functions.php on line 10417
[23-Apr-2026 06:09:41 UTC]    📅 Envío #6670: Creado=2026-04-23 | Reprog=2026-04-23 | Efectiva=2026-04-23 | Estado=pendiente | Pago=
[23-Apr-2026 06:09:41 UTC]    Envío #6670: pendiente → Pendiente de recoger
[23-Apr-2026 06:09:41 UTC] PHP Deprecated:  trim(): Passing null to parameter #1 ($string) of type string is deprecated in /home/u727114368/domains/mercourier.com/public_html/wp-content/themes/blocksy-child/functions.php on line 10417
[23-Apr-2026 06:09:41 UTC]    📅 Envío #6671: Creado=2026-04-23 | Reprog=1970-01-01 | Efectiva=2026-04-23 | Estado=pendiente | Pago=
[23-Apr-2026 06:09:41 UTC]    Envío #6671: pendiente → Pendiente de recoger
[23-Apr-2026 06:09:41 UTC] PHP Deprecated:  trim(): Passing null to parameter #1 ($string) of type string is deprecated in /home/u727114368/domains/mercourier.com/public_html/wp-content/themes/blocksy-child/functions.php on line 10417
[23-Apr-2026 06:09:41 UTC]    📅 Envío #6672: Creado=2026-04-23 | Reprog=2026-04-23 | Efectiva=2026-04-23 | Estado=pendiente | Pago=
[23-Apr-2026 06:09:41 UTC]    Envío #6672: pendiente → Pendiente de recoger
[23-Apr-2026 06:09:41 UTC] 📊 RESUMEN - Total: 4 | Finales: 0 | Recogidos: 0 | Entregados sin pagar: 0 | No Recogidos: 0 | Otros: 4
[23-Apr-2026 06:09:41 UTC] ✅ PERMITIDO: No hay envíos recogidos aún, o todos están finalizados - Puede crear más
[23-Apr-2026 06:09:41 UTC] =====================================
[23-Apr-2026 06:09:41 UTC] =====================================
[23-Apr-2026 06:09:41 UTC] 🔍 VERIFICANDO BLOQUEO - Cliente: #3 | Fecha: 2026-04-23
[23-Apr-2026 06:09:41 UTC] URL actual: /envios-masivos/
[23-Apr-2026 06:09:41 UTC] =====================================
[23-Apr-2026 06:09:41 UTC] 🔎 SQL Query: 
        SELECT 
            p.ID, 
            p.post_date,
            pm_status.meta_value as estado,
            pm_pago.meta_value as estado_pago,
            pm_fecha_reprog.meta_value as fecha_reprogramada
        FROM wp_posts p
        LEFT JOIN wp_postmeta pm_shipper 
            ON p.ID = pm_shipper.post_id 
            AND pm_shipper.meta_key = 'registered_shipper'
        LEFT JOIN wp_postmeta pm_status 
            ON p.ID = pm_status.post_id 
            AND pm_status.meta_key = 'wpcargo_status'
        LEFT JOIN wp_postmeta pm_pago 
            ON p.ID = pm_pago.post_id 
            AND pm_pago.meta_key = 'wpcargo_estado_pago_remitente'
        LEFT JOIN wp_postmeta pm_fecha_reprog 
            ON p.ID = pm_fecha_reprog.post_id 
            AND pm_fecha_reprog.meta_key = 'wpcargo_pickup_date_picker'
        WHERE p.post_type = 'wpcargo_shipment'
        AND p.post_status = 'publish'
        AND pm_shipper.meta_value = '3'
    
[23-Apr-2026 06:09:41 UTC] 📊 Total envíos del cliente (sin filtrar): 9
[23-Apr-2026 06:09:41 UTC]    📅 Envío #6584: post_date_raw='2026-02-21 14:30:19' | fecha_reprog_raw='21/02/2026' | fecha_efectiva='2026-02-21' | hoy='2026-04-23'
[23-Apr-2026 06:09:41 UTC]       ❌ NO incluido (fecha no coincide)
[23-Apr-2026 06:09:41 UTC]    📅 Envío #6641: post_date_raw='2026-02-22 21:51:11' | fecha_reprog_raw='22/2/2026' | fecha_efectiva='2026-02-22' | hoy='2026-04-23'
[23-Apr-2026 06:09:41 UTC]       ❌ NO incluido (fecha no coincide)
[23-Apr-2026 06:09:41 UTC]    📅 Envío #6642: post_date_raw='2026-02-22 21:51:11' | fecha_reprog_raw='22/2/2026' | fecha_efectiva='2026-02-22' | hoy='2026-04-23'
[23-Apr-2026 06:09:41 UTC]       ❌ NO incluido (fecha no coincide)
[23-Apr-2026 06:09:41 UTC]    📅 Envío #6643: post_date_raw='2026-02-22 21:51:11' | fecha_reprog_raw='22/2/2026' | fecha_efectiva='2026-02-22' | hoy='2026-04-23'
[23-Apr-2026 06:09:41 UTC]       ❌ NO incluido (fecha no coincide)
[23-Apr-2026 06:09:41 UTC]    📅 Envío #6644: post_date_raw='2026-02-22 21:51:11' | fecha_reprog_raw='22/2/2026' | fecha_efectiva='2026-02-22' | hoy='2026-04-23'
[23-Apr-2026 06:09:41 UTC]       ❌ NO incluido (fecha no coincide)
[23-Apr-2026 06:09:41 UTC]    📅 Envío #6669: post_date_raw='2026-04-23 00:39:39' | fecha_reprog_raw='' | fecha_efectiva='2026-04-23' | hoy='2026-04-23'
[23-Apr-2026 06:09:41 UTC]       ✅ INCLUIDO en filtrados
[23-Apr-2026 06:09:41 UTC]    📅 Envío #6670: post_date_raw='2026-04-23 01:06:56' | fecha_reprog_raw='2026-04-23' | fecha_efectiva='2026-04-23' | hoy='2026-04-23'
[23-Apr-2026 06:09:41 UTC]       ✅ INCLUIDO en filtrados
[23-Apr-2026 06:09:41 UTC]    📅 Envío #6671: post_date_raw='2026-04-23 01:07:48' | fecha_reprog_raw='23/04/2026' | fecha_efectiva='2026-04-23' | hoy='2026-04-23'
[23-Apr-2026 06:09:41 UTC]       ✅ INCLUIDO en filtrados
[23-Apr-2026 06:09:41 UTC]    📅 Envío #6672: post_date_raw='2026-04-23 01:08:44' | fecha_reprog_raw='2026-04-23' | fecha_efectiva='2026-04-23' | hoy='2026-04-23'
[23-Apr-2026 06:09:41 UTC]       ✅ INCLUIDO en filtrados
[23-Apr-2026 06:09:41 UTC] 📦 Total envíos encontrados para HOY: 4
[23-Apr-2026 06:09:41 UTC] PHP Deprecated:  trim(): Passing null to parameter #1 ($string) of type string is deprecated in /home/u727114368/domains/mercourier.com/public_html/wp-content/themes/blocksy-child/functions.php on line 10417
[23-Apr-2026 06:09:41 UTC]    📅 Envío #6669: Creado=2026-04-23 | Reprog=N/A | Efectiva=2026-04-23 | Estado=pendiente | Pago=
[23-Apr-2026 06:09:41 UTC]    Envío #6669: pendiente → Pendiente de recoger
[23-Apr-2026 06:09:41 UTC] PHP Deprecated:  trim(): Passing null to parameter #1 ($string) of type string is deprecated in /home/u727114368/domains/mercourier.com/public_html/wp-content/themes/blocksy-child/functions.php on line 10417
[23-Apr-2026 06:09:41 UTC]    📅 Envío #6670: Creado=2026-04-23 | Reprog=2026-04-23 | Efectiva=2026-04-23 | Estado=pendiente | Pago=
[23-Apr-2026 06:09:41 UTC]    Envío #6670: pendiente → Pendiente de recoger
[23-Apr-2026 06:09:41 UTC] PHP Deprecated:  trim(): Passing null to parameter #1 ($string) of type string is deprecated in /home/u727114368/domains/mercourier.com/public_html/wp-content/themes/blocksy-child/functions.php on line 10417
[23-Apr-2026 06:09:41 UTC]    📅 Envío #6671: Creado=2026-04-23 | Reprog=1970-01-01 | Efectiva=2026-04-23 | Estado=pendiente | Pago=
[23-Apr-2026 06:09:41 UTC]    Envío #6671: pendiente → Pendiente de recoger
[23-Apr-2026 06:09:41 UTC] PHP Deprecated:  trim(): Passing null to parameter #1 ($string) of type string is deprecated in /home/u727114368/domains/mercourier.com/public_html/wp-content/themes/blocksy-child/functions.php on line 10417
[23-Apr-2026 06:09:41 UTC]    📅 Envío #6672: Creado=2026-04-23 | Reprog=2026-04-23 | Efectiva=2026-04-23 | Estado=pendiente | Pago=
[23-Apr-2026 06:09:41 UTC]    Envío #6672: pendiente → Pendiente de recoger
[23-Apr-2026 06:09:41 UTC] 📊 RESUMEN - Total: 4 | Finales: 0 | Recogidos: 0 | Entregados sin pagar: 0 | No Recogidos: 0 | Otros: 4
[23-Apr-2026 06:09:41 UTC] ✅ PERMITIDO: No hay envíos recogidos aún, o todos están finalizados - Puede crear más
[23-Apr-2026 06:09:41 UTC] =====================================
[23-Apr-2026 06:10:00 UTC] 🔔 [MERC_LOG] Inicializado logger diario: /home/u727114368/domains/mercourier.com/public_html/wp-content/merc_logs/merc-debug-2026-04-23.log
[23-Apr-2026 06:10:01 UTC] 🔒 [PRE-INSERT] Verificando unicidad de tracking: DHV260423BQEO
[23-Apr-2026 06:10:01 UTC] ✅ [PRE-INSERT] Tracking único: DHV260423BQEO
[23-Apr-2026 06:10:01 UTC] 🔄 [guardar_tipo_envio_shipment] INICIADO - post_id: 6673
[23-Apr-2026 06:10:01 UTC]    post_type: wpcargo_shipment
[23-Apr-2026 06:10:01 UTC]    ✅ Es wpcargo_shipment, continuando...
[23-Apr-2026 06:10:01 UTC] ⏭️  guardar_tipo_envio - No hay tipo_envio aún (normalizará en STEP 1 si es importación) - ID: 6673
[23-Apr-2026 06:10:01 UTC] 🔍 VERIFICANDO DECREMENTO: Cliente #3 | Envío #6673 | Fecha desbloqueo: 2026-02-22 | Hoy: 2026-04-23 | Envíos permitidos: 0
[23-Apr-2026 06:10:01 UTC] ❌ NO SE DECREMENTA: Desbloqueo no activo o sin envíos permitidos
[23-Apr-2026 06:10:01 UTC] ✅ Iniciando guardado de producto para envío #6673
[23-Apr-2026 06:10:01 UTC]    📝 Tipo obtenido desde meta: 
[23-Apr-2026 06:10:01 UTC] 📦 Datos recibidos - Producto ID: 0, Cantidad: 1, Tipo: '', Es Full Fitment: NO
[23-Apr-2026 06:10:01 UTC] 🔍 ASIGNACIÓN ESTADO - Iniciando para envío #6673
[23-Apr-2026 06:10:01 UTC] ❌ ASIGNACIÓN ESTADO - Tipo de envío vacío, abortando
[23-Apr-2026 06:10:01 UTC] 🔍 Full Fitment verificación #6673 - Tipo: '' -> Es full fitment: NO
[23-Apr-2026 06:10:01 UTC] ⏭️ Full Fitment #6673 - NO es full fitment, saltando
[23-Apr-2026 06:10:01 UTC] 💰 [SAVE_FINANCIAL] === GUARDANDO DATOS FINANCIEROS - Envío #6673 ===
[23-Apr-2026 06:10:01 UTC] ⚠️ [SAVE_FINANCIAL] wpcargo_costo_envio NO está en POST
[23-Apr-2026 06:10:01 UTC] 💰 [SAVE_FINANCIAL] === FIN GUARDADO DATOS FINANCIEROS ===
[23-Apr-2026 06:10:01 UTC] 🔍 [SAVE_FINANCIAL] Verificación inmediata - Costo envío en DB: 
[23-Apr-2026 06:10:01 UTC] 🔍 AUTO-ASIGNACIÓN INICIADA - Envío #6673
[23-Apr-2026 06:10:01 UTC] 📦 AUTO-ASIGNACIÓN - Tipo de envío: NO DEFINIDO
[23-Apr-2026 06:10:01 UTC] ❌ AUTO-ASIGNACIÓN - No se pudo determinar el distrito o tipo de contenedor (tipo_envio=), abortando
[23-Apr-2026 06:10:01 UTC] 🔚 [FINAL_VERIFICATION] Envío #6673 | Tipo:  | Distrito:  | Costo FINAL: 
[23-Apr-2026 06:10:01 UTC] 🔄 [guardar_tipo_envio_shipment] INICIADO - post_id: 6673
[23-Apr-2026 06:10:01 UTC]    post_type: wpcargo_shipment
[23-Apr-2026 06:10:01 UTC]    ✅ Es wpcargo_shipment, continuando...
[23-Apr-2026 06:10:01 UTC] ⏭️  guardar_tipo_envio - No hay tipo_envio aún (normalizará en STEP 1 si es importación) - ID: 6673
[23-Apr-2026 06:10:16 UTC] 🔔 [MERC_LOG] Inicializado logger diario: /home/u727114368/domains/mercourier.com/public_html/wp-content/merc_logs/merc-debug-2026-04-23.log
[23-Apr-2026 06:10:38 UTC] 🔔 [MERC_LOG] Inicializado logger diario: /home/u727114368/domains/mercourier.com/public_html/wp-content/merc_logs/merc-debug-2026-04-23.log
[23-Apr-2026 06:10:39 UTC] 🔒 [PRE-INSERT] Verificando unicidad de tracking: DHV260423E2JG
[23-Apr-2026 06:10:39 UTC] ✅ [PRE-INSERT] Tracking único: DHV260423E2JG
[23-Apr-2026 06:10:39 UTC] 🔄 [guardar_tipo_envio_shipment] INICIADO - post_id: 6674
[23-Apr-2026 06:10:39 UTC]    post_type: wpcargo_shipment
[23-Apr-2026 06:10:39 UTC]    ✅ Es wpcargo_shipment, continuando...
[23-Apr-2026 06:10:39 UTC] ⏭️  guardar_tipo_envio - No hay tipo_envio aún (normalizará en STEP 1 si es importación) - ID: 6674
[23-Apr-2026 06:10:39 UTC] 🔍 VERIFICANDO DECREMENTO: Cliente #1 | Envío #6674 | Fecha desbloqueo:  | Hoy: 2026-04-23 | Envíos permitidos: 0
[23-Apr-2026 06:10:39 UTC] ❌ NO SE DECREMENTA: Desbloqueo no activo o sin envíos permitidos
[23-Apr-2026 06:10:39 UTC] ✅ Iniciando guardado de producto para envío #6674
[23-Apr-2026 06:10:39 UTC]    📝 Tipo obtenido desde meta: 
[23-Apr-2026 06:10:39 UTC] 📦 Datos recibidos - Producto ID: 0, Cantidad: 1, Tipo: '', Es Full Fitment: NO
[23-Apr-2026 06:10:39 UTC] 🔍 ASIGNACIÓN ESTADO - Iniciando para envío #6674
[23-Apr-2026 06:10:39 UTC] ❌ ASIGNACIÓN ESTADO - Tipo de envío vacío, abortando
[23-Apr-2026 06:10:39 UTC] 🔍 Full Fitment verificación #6674 - Tipo: '' -> Es full fitment: NO
[23-Apr-2026 06:10:39 UTC] ⏭️ Full Fitment #6674 - NO es full fitment, saltando
[23-Apr-2026 06:10:39 UTC] 💰 [SAVE_FINANCIAL] === GUARDANDO DATOS FINANCIEROS - Envío #6674 ===
[23-Apr-2026 06:10:39 UTC] ⚠️ [SAVE_FINANCIAL] wpcargo_costo_envio NO está en POST
[23-Apr-2026 06:10:39 UTC] 💰 [SAVE_FINANCIAL] === FIN GUARDADO DATOS FINANCIEROS ===
[23-Apr-2026 06:10:39 UTC] 🔍 [SAVE_FINANCIAL] Verificación inmediata - Costo envío en DB: 
[23-Apr-2026 06:10:39 UTC] 🔍 AUTO-ASIGNACIÓN INICIADA - Envío #6674
[23-Apr-2026 06:10:39 UTC] 📦 AUTO-ASIGNACIÓN - Tipo de envío: NO DEFINIDO
[23-Apr-2026 06:10:39 UTC] ❌ AUTO-ASIGNACIÓN - No se pudo determinar el distrito o tipo de contenedor (tipo_envio=), abortando
[23-Apr-2026 06:10:39 UTC] 🔚 [FINAL_VERIFICATION] Envío #6674 | Tipo:  | Distrito:  | Costo FINAL: 
[23-Apr-2026 06:10:39 UTC] 🔄 [guardar_tipo_envio_shipment] INICIADO - post_id: 6674
[23-Apr-2026 06:10:39 UTC]    post_type: wpcargo_shipment
[23-Apr-2026 06:10:39 UTC]    ✅ Es wpcargo_shipment, continuando...
[23-Apr-2026 06:10:39 UTC] ⏭️  guardar_tipo_envio - No hay tipo_envio aún (normalizará en STEP 1 si es importación) - ID: 6674
[23-Apr-2026 06:10:39 UTC] 🔔 [MERC_LOG] Inicializado logger diario: /home/u727114368/domains/mercourier.com/public_html/wp-content/merc_logs/merc-debug-2026-04-23.log
[23-Apr-2026 06:10:42 UTC] 🔔 [MERC_LOG] Inicializado logger diario: /home/u727114368/domains/mercourier.com/public_html/wp-content/merc_logs/merc-debug-2026-04-23.log
[23-Apr-2026 06:10:49 UTC] 🔔 [MERC_LOG] Inicializado logger diario: /home/u727114368/domains/mercourier.com/public_html/wp-content/merc_logs/merc-debug-2026-04-23.log
[23-Apr-2026 06:10:51 UTC] 🔔 [MERC_LOG] Inicializado logger diario: /home/u727114368/domains/mercourier.com/public_html/wp-content/merc_logs/merc-debug-2026-04-23.log
[23-Apr-2026 06:10:59 UTC] 🔔 [MERC_LOG] Inicializado logger diario: /home/u727114368/domains/mercourier.com/public_html/wp-content/merc_logs/merc-debug-2026-04-23.log
[23-Apr-2026 06:11:00 UTC] 🔔 [MERC_LOG] Inicializado logger diario: /home/u727114368/domains/mercourier.com/public_html/wp-content/merc_logs/merc-debug-2026-04-23.log
[23-Apr-2026 06:11:00 UTC] 🔔 [MERC_LOG] Inicializado logger diario: /home/u727114368/domains/mercourier.com/public_html/wp-content/merc_logs/merc-debug-2026-04-23.log
[23-Apr-2026 06:11:36 UTC] 🔔 [MERC_LOG] Inicializado logger diario: /home/u727114368/domains/mercourier.com/public_html/wp-content/merc_logs/merc-debug-2026-04-23.log
[23-Apr-2026 06:11:36 UTC] 🔒 [PRE-INSERT] Verificando unicidad de tracking: DHV260423UVKV
[23-Apr-2026 06:11:36 UTC] ✅ [PRE-INSERT] Tracking único: DHV260423UVKV
[23-Apr-2026 06:11:36 UTC] 🔄 [guardar_tipo_envio_shipment] INICIADO - post_id: 6675
[23-Apr-2026 06:11:36 UTC]    post_type: wpcargo_shipment
[23-Apr-2026 06:11:36 UTC]    ✅ Es wpcargo_shipment, continuando...
[23-Apr-2026 06:11:36 UTC] ⏭️  guardar_tipo_envio - No hay tipo_envio aún (normalizará en STEP 1 si es importación) - ID: 6675
[23-Apr-2026 06:11:36 UTC] 🔍 VERIFICANDO DECREMENTO: Cliente #1 | Envío #6675 | Fecha desbloqueo:  | Hoy: 2026-04-23 | Envíos permitidos: 0
[23-Apr-2026 06:11:36 UTC] ❌ NO SE DECREMENTA: Desbloqueo no activo o sin envíos permitidos
[23-Apr-2026 06:11:36 UTC] ✅ Iniciando guardado de producto para envío #6675
[23-Apr-2026 06:11:36 UTC]    📝 Tipo obtenido desde meta: 
[23-Apr-2026 06:11:36 UTC] 📦 Datos recibidos - Producto ID: 0, Cantidad: 1, Tipo: '', Es Full Fitment: NO
[23-Apr-2026 06:11:36 UTC] 🔍 ASIGNACIÓN ESTADO - Iniciando para envío #6675
[23-Apr-2026 06:11:36 UTC] ❌ ASIGNACIÓN ESTADO - Tipo de envío vacío, abortando
[23-Apr-2026 06:11:36 UTC] 🔍 Full Fitment verificación #6675 - Tipo: '' -> Es full fitment: NO
[23-Apr-2026 06:11:36 UTC] ⏭️ Full Fitment #6675 - NO es full fitment, saltando
[23-Apr-2026 06:11:36 UTC] 💰 [SAVE_FINANCIAL] === GUARDANDO DATOS FINANCIEROS - Envío #6675 ===
[23-Apr-2026 06:11:36 UTC] ⚠️ [SAVE_FINANCIAL] wpcargo_costo_envio NO está en POST
[23-Apr-2026 06:11:36 UTC] 💰 [SAVE_FINANCIAL] === FIN GUARDADO DATOS FINANCIEROS ===
[23-Apr-2026 06:11:36 UTC] 🔍 [SAVE_FINANCIAL] Verificación inmediata - Costo envío en DB: 
[23-Apr-2026 06:11:36 UTC] 🔍 AUTO-ASIGNACIÓN INICIADA - Envío #6675
[23-Apr-2026 06:11:36 UTC] 📦 AUTO-ASIGNACIÓN - Tipo de envío: NO DEFINIDO
[23-Apr-2026 06:11:36 UTC] ❌ AUTO-ASIGNACIÓN - No se pudo determinar el distrito o tipo de contenedor (tipo_envio=), abortando
[23-Apr-2026 06:11:36 UTC] 🔚 [FINAL_VERIFICATION] Envío #6675 | Tipo:  | Distrito:  | Costo FINAL: 
[23-Apr-2026 06:11:36 UTC] 🔄 [guardar_tipo_envio_shipment] INICIADO - post_id: 6675
[23-Apr-2026 06:11:36 UTC]    post_type: wpcargo_shipment
[23-Apr-2026 06:11:36 UTC]    ✅ Es wpcargo_shipment, continuando...
[23-Apr-2026 06:11:36 UTC] ⏭️  guardar_tipo_envio - No hay tipo_envio aún (normalizará en STEP 1 si es importación) - ID: 6675
[23-Apr-2026 06:11:36 UTC] 🔔 [MERC_LOG] Inicializado logger diario: /home/u727114368/domains/mercourier.com/public_html/wp-content/merc_logs/merc-debug-2026-04-23.log
[23-Apr-2026 06:11:47 UTC] 🔔 [MERC_LOG] Inicializado logger diario: /home/u727114368/domains/mercourier.com/public_html/wp-content/merc_logs/merc-debug-2026-04-23.log
[23-Apr-2026 06:11:48 UTC] 🔔 [MERC_LOG] Inicializado logger diario: /home/u727114368/domains/mercourier.com/public_html/wp-content/merc_logs/merc-debug-2026-04-23.log
[23-Apr-2026 06:12:50 UTC] 🔔 [MERC_LOG] Inicializado logger diario: /home/u727114368/domains/mercourier.com/public_html/wp-content/merc_logs/merc-debug-2026-04-23.log
[23-Apr-2026 06:12:50 UTC] 🔔 [MERC_LOG] Inicializado logger diario: /home/u727114368/domains/mercourier.com/public_html/wp-content/merc_logs/merc-debug-2026-04-23.log
[23-Apr-2026 06:14:51 UTC] 🔔 [MERC_LOG] Inicializado logger diario: /home/u727114368/domains/mercourier.com/public_html/wp-content/merc_logs/merc-debug-2026-04-23.log
[23-Apr-2026 06:14:51 UTC] 🔔 [MERC_LOG] Inicializado logger diario: /home/u727114368/domains/mercourier.com/public_html/wp-content/merc_logs/merc-debug-2026-04-23.log
[23-Apr-2026 06:16:52 UTC] 🔔 [MERC_LOG] Inicializado logger diario: /home/u727114368/domains/mercourier.com/public_html/wp-content/merc_logs/merc-debug-2026-04-23.log
[23-Apr-2026 06:16:52 UTC] 🔔 [MERC_LOG] Inicializado logger diario: /home/u727114368/domains/mercourier.com/public_html/wp-content/merc_logs/merc-debug-2026-04-23.log
[23-Apr-2026 06:18:53 UTC] 🔔 [MERC_LOG] Inicializado logger diario: /home/u727114368/domains/mercourier.com/public_html/wp-content/merc_logs/merc-debug-2026-04-23.log
[23-Apr-2026 06:18:53 UTC] 🔔 [MERC_LOG] Inicializado logger diario: /home/u727114368/domains/mercourier.com/public_html/wp-content/merc_logs/merc-debug-2026-04-23.log
[23-Apr-2026 06:20:54 UTC] 🔔 [MERC_LOG] Inicializado logger diario: /home/u727114368/domains/mercourier.com/public_html/wp-content/merc_logs/merc-debug-2026-04-23.log
[23-Apr-2026 06:20:54 UTC] 🔔 [MERC_LOG] Inicializado logger diario: /home/u727114368/domains/mercourier.com/public_html/wp-content/merc_logs/merc-debug-2026-04-23.log
[23-Apr-2026 13:37:57 UTC] 🔔 [MERC_LOG] Inicializado logger diario: /home/u727114368/domains/mercourier.com/public_html/wp-content/merc_logs/merc-debug-2026-04-23.log
[23-Apr-2026 13:37:58 UTC] 🔔 [MERC_LOG] Inicializado logger diario: /home/u727114368/domains/mercourier.com/public_html/wp-content/merc_logs/merc-debug-2026-04-23.log
[23-Apr-2026 13:38:17 UTC] 🔔 [MERC_LOG] Inicializado logger diario: /home/u727114368/domains/mercourier.com/public_html/wp-content/merc_logs/merc-debug-2026-04-23.log
[23-Apr-2026 13:38:18 UTC] 🔔 [MERC_LOG] Inicializado logger diario: /home/u727114368/domains/mercourier.com/public_html/wp-content/merc_logs/merc-debug-2026-04-23.log
[23-Apr-2026 13:38:22 UTC] 🔔 [MERC_LOG] Inicializado logger diario: /home/u727114368/domains/mercourier.com/public_html/wp-content/merc_logs/merc-debug-2026-04-23.log
[23-Apr-2026 13:38:23 UTC] 🔔 [MERC_LOG] Inicializado logger diario: /home/u727114368/domains/mercourier.com/public_html/wp-content/merc_logs/merc-debug-2026-04-23.log
[23-Apr-2026 13:38:23 UTC] 🔔 [MERC_LOG] Inicializado logger diario: /home/u727114368/domains/mercourier.com/public_html/wp-content/merc_logs/merc-debug-2026-04-23.log
[23-Apr-2026 13:38:24 UTC] 🔔 [MERC_LOG] Inicializado logger diario: /home/u727114368/domains/mercourier.com/public_html/wp-content/merc_logs/merc-debug-2026-04-23.log
[23-Apr-2026 13:38:24 UTC] Hostinger AI Assistant Log: JWT token generated for user ID: 37
[23-Apr-2026 13:38:26 UTC] 🔔 [MERC_LOG] Inicializado logger diario: /home/u727114368/domains/mercourier.com/public_html/wp-content/merc_logs/merc-debug-2026-04-23.log
[23-Apr-2026 13:38:26 UTC] 🔵 [FILTER] filter_shipment_by_date_and_tiendaname llamado
[23-Apr-2026 13:38:26 UTC] 🔵 [FILTER] Usuario actual: 37
[23-Apr-2026 13:38:26 UTC] 🔵 [FILTER] Args iniciales: {"post_type":"wpcargo_shipment","post_status":"publish","posts_per_page":10,"paged":1,"s":"","meta_query":{"relation":"AND","0":[]},"date_query":[{"after":"2026-02-22","before":"2026-04-23","inclusive":true}]}
[23-Apr-2026 13:38:26 UTC] 🔵 [FILTER] GET params: Array
(
)

[23-Apr-2026 13:38:26 UTC] 🔵 [FILTER] Sin parámetros de fecha, aplicando HOY por defecto: 2026-04-23
[23-Apr-2026 13:38:26 UTC] 🔵 [FILTER] Fecha desde: '2026-04-23' | Fecha hasta: '2026-04-23'
[23-Apr-2026 13:38:26 UTC] 🔵 [FILTER] has_from: true | has_to: true
[23-Apr-2026 13:38:26 UTC] 🔵 [FILTER] REMOVIENDO date_query para evitar conflicto
[23-Apr-2026 13:38:26 UTC] 🔵 [FILTER] SQL Query: 
            SELECT DISTINCT p.ID 
            FROM wp_posts p
            INNER JOIN wp_postmeta pm ON p.ID = pm.post_id
            WHERE p.post_type = 'wpcargo_shipment'
            AND pm.meta_key IN ('wpcargo_pickup_date_picker', 'wpcargo_pickup_date', 'calendarenvio', 'wpcargo_fecha_envio')
            AND (STR_TO_DATE(pm.meta_value, '%d/%m/%Y') >= STR_TO_DATE('2026-04-23', '%Y-%m-%d') AND STR_TO_DATE(pm.meta_value, '%d/%m/%Y') <= STR_TO_DATE('2026-04-23', '%Y-%m-%d'))
        
[23-Apr-2026 13:38:26 UTC] 🔵 [FILTER] IDs encontrados por fecha: 1
[23-Apr-2026 13:38:26 UTC] 🔵 [FILTER] Primeros 10 IDs: 6671
[23-Apr-2026 13:38:26 UTC] 🔵 [FILTER] post__in no existe, creando nuevo
[23-Apr-2026 13:38:26 UTC] 🔵 [FILTER] post_status cambiado a array para incluir estados normales (EXCLUYENDO trash)
[23-Apr-2026 13:38:26 UTC] 🔵 [FILTER] Args finales: {"post_type":"wpcargo_shipment","post_status":["publish","draft","pending","private"],"posts_per_page":10,"paged":1,"s":"","meta_query":{"relation":"AND","0":[]},"post__in":["6671"]}
[23-Apr-2026 13:38:31 UTC] 🔔 [MERC_LOG] Inicializado logger diario: /home/u727114368/domains/mercourier.com/public_html/wp-content/merc_logs/merc-debug-2026-04-23.log
[23-Apr-2026 13:38:32 UTC] 🔔 [MERC_LOG] Inicializado logger diario: /home/u727114368/domains/mercourier.com/public_html/wp-content/merc_logs/merc-debug-2026-04-23.log
[23-Apr-2026 13:38:36 UTC] 🔔 [MERC_LOG] Inicializado logger diario: /home/u727114368/domains/mercourier.com/public_html/wp-content/merc_logs/merc-debug-2026-04-23.log
[23-Apr-2026 13:38:36 UTC] 🔔 [MERC_LOG] Inicializado logger diario: /home/u727114368/domains/mercourier.com/public_html/wp-content/merc_logs/merc-debug-2026-04-23.log
[23-Apr-2026 13:38:36 UTC] PHP Warning:  Undefined variable $tipo_vista in /home/u727114368/domains/mercourier.com/public_html/wp-content/themes/blocksy-child/functions.php on line 8589
[23-Apr-2026 13:38:36 UTC] MERC_ADMIN_RESUMEN - date_query="AND ( 
        EXISTS( 
            SELECT 1 FROM wp_postmeta pm_pickup 
            WHERE pm_pickup.post_id = p.ID 
              AND pm_pickup.meta_key IN ('wpcargo_pickup_date_picker','wpcargo_pickup_date','calendarenvio','wpcargo_fecha_envio')
              AND (
                    (STR_TO_DATE(pm_pickup.meta_value, '%%d/%%m/%%Y') >= STR_TO_DATE('2026-04-23', '%%Y-%%m-%%d') AND STR_TO_DATE(pm_pickup.meta_value, '%%d/%%m/%%Y') <= STR_TO_DATE('2026-04-23', '%%Y-%%m-%%d'))
                 OR (STR_TO_DATE(pm_pickup.meta_value, '%%Y-%%m-%%d') >= STR_TO_DATE('2026-04-23', '%%Y-%%m-%%d') AND STR_TO_DATE(pm_pickup.meta_value, '%%Y-%%m-%%d') <= STR_TO_DATE('2026-04-23', '%%Y-%%m-%%d'))
                 OR (pm_pickup.meta_value BETWEEN '2026-04-23' AND '2026-04-23')
                 OR (pm_pickup.meta_value LIKE '2026-04-23%')
              )
        )
        OR (p.post_date BETWEEN '2026-04-23 00:00:00' AND '2026-04-23 23:59:59')
    )"
[23-Apr-2026 13:38:36 UTC] MERC_ADMIN_RESUMEN - shipments_count=7
[23-Apr-2026 13:38:36 UTC] ═══════════════════════════════════════════════════════════
[23-Apr-2026 13:38:36 UTC] 🔍 MERC_ADMIN_DEBUG - INICIANDO CÁLCULOS DEL PANEL
[23-Apr-2026 13:38:36 UTC] ═══════════════════════════════════════════════════════════
[23-Apr-2026 13:38:36 UTC] 
[23-Apr-2026 13:38:36 UTC] ────────────────────────────────────────────────────────
[23-Apr-2026 13:38:36 UTC] 📦 SHIPMENT #6669
[23-Apr-2026 13:38:36 UTC]    Costo Envío: S/. 0.00
[23-Apr-2026 13:38:36 UTC]    Costo Producto: S/. 0.00
[23-Apr-2026 13:38:36 UTC]    Estado Motorizado: pendiente
[23-Apr-2026 13:38:36 UTC]    Estado Remitente (liquidado): VACÍO
[23-Apr-2026 13:38:36 UTC]    Quién Paga: remitente
[23-Apr-2026 13:38:36 UTC]    Estado Entrega: PENDIENTE
[23-Apr-2026 13:38:36 UTC]    ❌ NO ENTREGADO aún (estado: PENDIENTE)
[23-Apr-2026 13:38:36 UTC]    ¿Liquidado? NO
[23-Apr-2026 13:38:36 UTC]    ❌ NO SUMADO a ingresos envíos (aún no liquidado)
[23-Apr-2026 13:38:36 UTC]    Cliente 3 - ¿Liquidación verificada? NO
[23-Apr-2026 13:38:36 UTC]    TOTALES ACUMULADOS: pago_merc=S/. 0.00, pos=S/. 0.00, pago_marca=S/. 0.00, servicio=S/. 0.00
[23-Apr-2026 13:38:36 UTC]    GET_PAYMENT_TOTALS: efectivo=S/. 0.00, pago_merc=S/. 0.00, pos=S/. 0.00, pago_marca=S/. 0.00, total=S/. 0.00
[23-Apr-2026 13:38:36 UTC]    Efectivo Total acumulado: S/. 0.00
[23-Apr-2026 13:38:36 UTC]    ✅ SUMADO A RECAUDADO_MERC: S/. 0.00 (Total: S/. 0.00)
[23-Apr-2026 13:38:36 UTC]    ✅ SUMADO A RECAUDADO_MARCA: S/. 0.00 (Total: S/. 0.00)
[23-Apr-2026 13:38:36 UTC]    ✅ SUMADO A POS_RECAUDADO: S/. 0.00 (Total: S/. 0.00)
[23-Apr-2026 13:38:36 UTC] 
[23-Apr-2026 13:38:36 UTC] ────────────────────────────────────────────────────────
[23-Apr-2026 13:38:36 UTC] 📦 SHIPMENT #6670
[23-Apr-2026 13:38:36 UTC]    Costo Envío: S/. 0.00
[23-Apr-2026 13:38:36 UTC]    Costo Producto: S/. 0.00
[23-Apr-2026 13:38:36 UTC]    Estado Motorizado: pendiente
[23-Apr-2026 13:38:36 UTC]    Estado Remitente (liquidado): VACÍO
[23-Apr-2026 13:38:36 UTC]    Quién Paga: remitente
[23-Apr-2026 13:38:36 UTC]    Estado Entrega: PENDIENTE
[23-Apr-2026 13:38:36 UTC]    ❌ NO ENTREGADO aún (estado: PENDIENTE)
[23-Apr-2026 13:38:36 UTC]    ¿Liquidado? NO
[23-Apr-2026 13:38:36 UTC]    ❌ NO SUMADO a ingresos envíos (aún no liquidado)
[23-Apr-2026 13:38:36 UTC]    Cliente 3 - ¿Liquidación verificada? NO
[23-Apr-2026 13:38:36 UTC]    TOTALES ACUMULADOS: pago_merc=S/. 0.00, pos=S/. 0.00, pago_marca=S/. 0.00, servicio=S/. 0.00
[23-Apr-2026 13:38:36 UTC]    GET_PAYMENT_TOTALS: efectivo=S/. 0.00, pago_merc=S/. 0.00, pos=S/. 0.00, pago_marca=S/. 0.00, total=S/. 0.00
[23-Apr-2026 13:38:36 UTC]    Efectivo Total acumulado: S/. 0.00
[23-Apr-2026 13:38:36 UTC]    ✅ SUMADO A RECAUDADO_MERC: S/. 0.00 (Total: S/. 0.00)
[23-Apr-2026 13:38:36 UTC]    ✅ SUMADO A RECAUDADO_MARCA: S/. 0.00 (Total: S/. 0.00)
[23-Apr-2026 13:38:36 UTC]    ✅ SUMADO A POS_RECAUDADO: S/. 0.00 (Total: S/. 0.00)
[23-Apr-2026 13:38:36 UTC] 
[23-Apr-2026 13:38:36 UTC] ────────────────────────────────────────────────────────
[23-Apr-2026 13:38:36 UTC] 📦 SHIPMENT #6671
[23-Apr-2026 13:38:36 UTC]    Costo Envío: S/. 10.00
[23-Apr-2026 13:38:36 UTC]    Costo Producto: S/. 0.00
[23-Apr-2026 13:38:36 UTC]    Estado Motorizado: pendiente
[23-Apr-2026 13:38:36 UTC]    Estado Remitente (liquidado): VACÍO
[23-Apr-2026 13:38:36 UTC]    Quién Paga: remitente
[23-Apr-2026 13:38:36 UTC]    Estado Entrega: PENDIENTE
[23-Apr-2026 13:38:36 UTC]    ❌ NO ENTREGADO aún (estado: PENDIENTE)
[23-Apr-2026 13:38:36 UTC]    ¿Liquidado? NO
[23-Apr-2026 13:38:36 UTC]    ❌ NO SUMADO a ingresos envíos (aún no liquidado)
[23-Apr-2026 13:38:36 UTC]    Cliente 3 - ¿Liquidación verificada? NO
[23-Apr-2026 13:38:36 UTC]    TOTALES ACUMULADOS: pago_merc=S/. 0.00, pos=S/. 0.00, pago_marca=S/. 0.00, servicio=S/. 10.00
[23-Apr-2026 13:38:36 UTC]    GET_PAYMENT_TOTALS: efectivo=S/. 0.00, pago_merc=S/. 0.00, pos=S/. 0.00, pago_marca=S/. 0.00, total=S/. 0.00
[23-Apr-2026 13:38:36 UTC]    Efectivo Total acumulado: S/. 0.00
[23-Apr-2026 13:38:36 UTC]    ✅ SUMADO A RECAUDADO_MERC: S/. 0.00 (Total: S/. 0.00)
[23-Apr-2026 13:38:36 UTC]    ✅ SUMADO A RECAUDADO_MARCA: S/. 0.00 (Total: S/. 0.00)
[23-Apr-2026 13:38:36 UTC]    ✅ SUMADO A POS_RECAUDADO: S/. 0.00 (Total: S/. 0.00)
[23-Apr-2026 13:38:36 UTC] 
[23-Apr-2026 13:38:36 UTC] ────────────────────────────────────────────────────────
[23-Apr-2026 13:38:36 UTC] 📦 SHIPMENT #6672
[23-Apr-2026 13:38:36 UTC]    Costo Envío: S/. 0.00
[23-Apr-2026 13:38:36 UTC]    Costo Producto: S/. 0.00
[23-Apr-2026 13:38:36 UTC]    Estado Motorizado: pendiente
[23-Apr-2026 13:38:36 UTC]    Estado Remitente (liquidado): VACÍO
[23-Apr-2026 13:38:36 UTC]    Quién Paga: remitente
[23-Apr-2026 13:38:36 UTC]    Estado Entrega: PENDIENTE
[23-Apr-2026 13:38:36 UTC]    ❌ NO ENTREGADO aún (estado: PENDIENTE)
[23-Apr-2026 13:38:36 UTC]    ¿Liquidado? NO
[23-Apr-2026 13:38:36 UTC]    ❌ NO SUMADO a ingresos envíos (aún no liquidado)
[23-Apr-2026 13:38:36 UTC]    Cliente 3 - ¿Liquidación verificada? NO
[23-Apr-2026 13:38:36 UTC]    TOTALES ACUMULADOS: pago_merc=S/. 0.00, pos=S/. 0.00, pago_marca=S/. 0.00, servicio=S/. 10.00
[23-Apr-2026 13:38:36 UTC]    GET_PAYMENT_TOTALS: efectivo=S/. 0.00, pago_merc=S/. 0.00, pos=S/. 0.00, pago_marca=S/. 0.00, total=S/. 0.00
[23-Apr-2026 13:38:36 UTC]    Efectivo Total acumulado: S/. 0.00
[23-Apr-2026 13:38:36 UTC]    ✅ SUMADO A RECAUDADO_MERC: S/. 0.00 (Total: S/. 0.00)
[23-Apr-2026 13:38:36 UTC]    ✅ SUMADO A RECAUDADO_MARCA: S/. 0.00 (Total: S/. 0.00)
[23-Apr-2026 13:38:36 UTC]    ✅ SUMADO A POS_RECAUDADO: S/. 0.00 (Total: S/. 0.00)
[23-Apr-2026 13:38:36 UTC] 
[23-Apr-2026 13:38:36 UTC] ────────────────────────────────────────────────────────
[23-Apr-2026 13:38:36 UTC] 📦 SHIPMENT #6673
[23-Apr-2026 13:38:36 UTC]    Costo Envío: S/. 0.00
[23-Apr-2026 13:38:36 UTC]    Costo Producto: S/. 0.00
[23-Apr-2026 13:38:36 UTC]    Estado Motorizado: pendiente
[23-Apr-2026 13:38:36 UTC]    Estado Remitente (liquidado): VACÍO
[23-Apr-2026 13:38:36 UTC]    Quién Paga: remitente
[23-Apr-2026 13:38:36 UTC]    Estado Entrega: PENDIENTE
[23-Apr-2026 13:38:36 UTC]    ❌ NO ENTREGADO aún (estado: PENDIENTE)
[23-Apr-2026 13:38:36 UTC]    ¿Liquidado? NO
[23-Apr-2026 13:38:36 UTC]    ❌ NO SUMADO a ingresos envíos (aún no liquidado)
[23-Apr-2026 13:38:36 UTC]    Cliente 3 - ¿Liquidación verificada? NO
[23-Apr-2026 13:38:36 UTC]    TOTALES ACUMULADOS: pago_merc=S/. 0.00, pos=S/. 0.00, pago_marca=S/. 0.00, servicio=S/. 10.00
[23-Apr-2026 13:38:36 UTC]    GET_PAYMENT_TOTALS: efectivo=S/. 0.00, pago_merc=S/. 0.00, pos=S/. 0.00, pago_marca=S/. 0.00, total=S/. 0.00
[23-Apr-2026 13:38:36 UTC]    Efectivo Total acumulado: S/. 0.00
[23-Apr-2026 13:38:36 UTC]    ✅ SUMADO A RECAUDADO_MERC: S/. 0.00 (Total: S/. 0.00)
[23-Apr-2026 13:38:36 UTC]    ✅ SUMADO A RECAUDADO_MARCA: S/. 0.00 (Total: S/. 0.00)
[23-Apr-2026 13:38:36 UTC]    ✅ SUMADO A POS_RECAUDADO: S/. 0.00 (Total: S/. 0.00)
[23-Apr-2026 13:38:36 UTC] 
[23-Apr-2026 13:38:36 UTC] ────────────────────────────────────────────────────────
[23-Apr-2026 13:38:36 UTC] 📦 SHIPMENT #6674
[23-Apr-2026 13:38:36 UTC]    Costo Envío: S/. 0.00
[23-Apr-2026 13:38:36 UTC]    Costo Producto: S/. 0.00
[23-Apr-2026 13:38:36 UTC]    Estado Motorizado: pendiente
[23-Apr-2026 13:38:36 UTC]    Estado Remitente (liquidado): VACÍO
[23-Apr-2026 13:38:36 UTC]    Quién Paga: remitente
[23-Apr-2026 13:38:36 UTC]    Estado Entrega: PENDIENTE
[23-Apr-2026 13:38:36 UTC]    ❌ NO ENTREGADO aún (estado: PENDIENTE)
[23-Apr-2026 13:38:36 UTC]    ¿Liquidado? NO
[23-Apr-2026 13:38:36 UTC]    ❌ NO SUMADO a ingresos envíos (aún no liquidado)
[23-Apr-2026 13:38:36 UTC]    Cliente 1 - ¿Liquidación verificada? NO
[23-Apr-2026 13:38:36 UTC]    TOTALES ACUMULADOS: pago_merc=S/. 0.00, pos=S/. 0.00, pago_marca=S/. 0.00, servicio=S/. 0.00
[23-Apr-2026 13:38:36 UTC]    GET_PAYMENT_TOTALS: efectivo=S/. 0.00, pago_merc=S/. 0.00, pos=S/. 0.00, pago_marca=S/. 0.00, total=S/. 0.00
[23-Apr-2026 13:38:36 UTC]    Efectivo Total acumulado: S/. 0.00
[23-Apr-2026 13:38:36 UTC]    ✅ SUMADO A RECAUDADO_MERC: S/. 0.00 (Total: S/. 0.00)
[23-Apr-2026 13:38:36 UTC]    ✅ SUMADO A RECAUDADO_MARCA: S/. 0.00 (Total: S/. 0.00)
[23-Apr-2026 13:38:36 UTC]    ✅ SUMADO A POS_RECAUDADO: S/. 0.00 (Total: S/. 0.00)
[23-Apr-2026 13:38:36 UTC] 
[23-Apr-2026 13:38:36 UTC] ────────────────────────────────────────────────────────
[23-Apr-2026 13:38:36 UTC] 📦 SHIPMENT #6675
[23-Apr-2026 13:38:36 UTC]    Costo Envío: S/. 0.00
[23-Apr-2026 13:38:36 UTC]    Costo Producto: S/. 0.00
[23-Apr-2026 13:38:36 UTC]    Estado Motorizado: pendiente
[23-Apr-2026 13:38:36 UTC]    Estado Remitente (liquidado): VACÍO
[23-Apr-2026 13:38:36 UTC]    Quién Paga: remitente
[23-Apr-2026 13:38:36 UTC]    Estado Entrega: PENDIENTE
[23-Apr-2026 13:38:36 UTC]    ❌ NO ENTREGADO aún (estado: PENDIENTE)
[23-Apr-2026 13:38:36 UTC]    ¿Liquidado? NO
[23-Apr-2026 13:38:36 UTC]    ❌ NO SUMADO a ingresos envíos (aún no liquidado)
[23-Apr-2026 13:38:36 UTC]    Cliente 3 - ¿Liquidación verificada? NO
[23-Apr-2026 13:38:36 UTC]    TOTALES ACUMULADOS: pago_merc=S/. 0.00, pos=S/. 0.00, pago_marca=S/. 0.00, servicio=S/. 10.00
[23-Apr-2026 13:38:36 UTC]    GET_PAYMENT_TOTALS: efectivo=S/. 0.00, pago_merc=S/. 0.00, pos=S/. 0.00, pago_marca=S/. 0.00, total=S/. 0.00
[23-Apr-2026 13:38:36 UTC]    Efectivo Total acumulado: S/. 0.00
[23-Apr-2026 13:38:36 UTC]    ✅ SUMADO A RECAUDADO_MERC: S/. 0.00 (Total: S/. 0.00)
[23-Apr-2026 13:38:36 UTC]    ✅ SUMADO A RECAUDADO_MARCA: S/. 0.00 (Total: S/. 0.00)
[23-Apr-2026 13:38:36 UTC]    ✅ SUMADO A POS_RECAUDADO: S/. 0.00 (Total: S/. 0.00)
[23-Apr-2026 13:38:36 UTC] 
[23-Apr-2026 13:38:36 UTC] ═══════════════════════════════════════════════════════════
[23-Apr-2026 13:38:36 UTC] 🔍 CÁLCULO DE SALDOS POR CLIENTE
[23-Apr-2026 13:38:36 UTC] ═══════════════════════════════════════════════════════════
[23-Apr-2026 13:38:36 UTC] 👤 Cliente 3
[23-Apr-2026 13:38:36 UTC]    pago_merc: S/. 0.00
[23-Apr-2026 13:38:36 UTC]    pos: S/. 0.00
[23-Apr-2026 13:38:36 UTC]    pago_marca: S/. 0.00
[23-Apr-2026 13:38:36 UTC]    servicio: S/. 10.00
[23-Apr-2026 13:38:36 UTC]    balance = (pago_merc + pos) - servicio = (0.00 + 0.00) - 10.00 = S/. -10.00
[23-Apr-2026 13:38:36 UTC]    ❌ NO SUMADO (balance ≤ 0)
[23-Apr-2026 13:38:36 UTC] 👤 Cliente 1
[23-Apr-2026 13:38:36 UTC]    pago_merc: S/. 0.00
[23-Apr-2026 13:38:36 UTC]    pos: S/. 0.00
[23-Apr-2026 13:38:36 UTC]    pago_marca: S/. 0.00
[23-Apr-2026 13:38:36 UTC]    servicio: S/. 0.00
[23-Apr-2026 13:38:36 UTC]    balance = (pago_merc + pos) - servicio = (0.00 + 0.00) - 0.00 = S/. 0.00
[23-Apr-2026 13:38:36 UTC]    ❌ NO SUMADO (balance ≤ 0)
[23-Apr-2026 13:38:36 UTC] MERC_DEBUG_CLIENT_BALANCE_SUM - por_pagar_rem=0.00
[23-Apr-2026 13:38:36 UTC] 
[23-Apr-2026 13:38:36 UTC] ═══════════════════════════════════════════════════════════
[23-Apr-2026 13:38:36 UTC] 📊 RESUMEN FINAL DE CÁLCULOS DEL PANEL ADMIN
[23-Apr-2026 13:38:36 UTC] ═══════════════════════════════════════════════════════════
[23-Apr-2026 13:38:36 UTC] Total Entregados: S/. 0.00 (TODOS los envíos entregados)
[23-Apr-2026 13:38:36 UTC] Ingresos por Envíos: S/. 0.00 (solo liquidados)
[23-Apr-2026 13:38:36 UTC] Efectivo Total: S/. 0.00
[23-Apr-2026 13:38:36 UTC] Recaudado por MERC: S/. 0.00
[23-Apr-2026 13:38:36 UTC] Recaudado por MARCA: S/. 0.00
[23-Apr-2026 13:38:36 UTC] Recaudado por POS: S/. 0.00
[23-Apr-2026 13:38:36 UTC] Por Pagar Remitentes: S/. 0.00
[23-Apr-2026 13:38:36 UTC] Penalidades del día: S/. 0.00
[23-Apr-2026 13:38:36 UTC] TOTAL GENERAL (Balance Neto): S/. 0.00
[23-Apr-2026 13:38:36 UTC] ═══════════════════════════════════════════════════════════
[23-Apr-2026 13:38:36 UTC] 
[23-Apr-2026 13:38:36 UTC] 🔍 [MERC_ADMIN_CARDS] drivers_sql: SELECT COALESCE(pm_driver.meta_value, pm_driver_alt.meta_value) AS driver_id, COUNT(DISTINCT p.ID) AS total_entregas FROM wp_posts p LEFT JOIN wp_postmeta pm_driver ON p.ID = pm_driver.post_id AND pm_driver.meta_key = 'wpcargo_driver' LEFT JOIN wp_postmeta pm_driver_alt ON p.ID = pm_driver_alt.post_id AND pm_driver_alt.meta_key = 'wpcargo_motorizo_recojo' WHERE p.post_type = 'wpcargo_shipment' AND p.post_status = 'publish' AND (pm_driver.meta_value IS NOT NULL OR pm_driver_alt.meta_value IS NOT NULL) AND ( EXISTS( SELECT 1 FROM wp_postmeta pm_pickup WHERE pm_pickup.post_id = p.ID AND pm_pickup.meta_key IN ('wpcargo_pickup_date_picker','wpcargo_pickup_date','calendarenvio','wpcargo_fecha_envio') AND ( (STR_TO_DATE(pm_pickup.meta_value, '%%d/%%m/%%Y') >= STR_TO_DATE('2026-04-23', '%%Y-%%m-%%d') AND STR_TO_DATE(pm_pickup.meta_value, '%%d/%%m/%%Y') <= STR_TO_DATE('2026-04-23', '%%Y-%%m-%%d')) OR (STR_TO_DATE(pm_pickup.meta_value, '%%Y-%%m-%%d') >= STR_TO_DATE('2026-04-23', '%%Y-%%m-%%d') AND STR_TO_DATE(pm_pickup.meta_value, '%%Y-%%m-%%d') <= STR_TO_DATE('2026-04-23', '%%Y-%%m-%%d')) OR (pm_pickup.meta_value BETWEEN '2026-04-23' AND '2026-04-23') OR (pm_pickup.meta_value LIKE '2026-04-23%') ) ) OR (p.post_date BETWEEN '2026-04-23 00:00:00' AND '2026-04-23 23:59:59') ) GROUP BY COALESCE(pm_driver.meta_value, pm_driver_alt.meta_value) ORDER BY total_entregas DESC
[23-Apr-2026 13:38:36 UTC] 🔍 [MERC_ADMIN_CARDS] sample_ids_count: 7
[23-Apr-2026 13:38:36 UTC] 🔍 [MERC_ADMIN_CARDS] sample shipment_id=6669 wpcargo_driver='' wpcargo_motorizo_recojo=''
[23-Apr-2026 13:38:36 UTC] 🔍 [MERC_ADMIN_CARDS] sample shipment_id=6670 wpcargo_driver='' wpcargo_motorizo_recojo=''
[23-Apr-2026 13:38:36 UTC] 🔍 [MERC_ADMIN_CARDS] sample shipment_id=6671 wpcargo_driver='' wpcargo_motorizo_recojo=''
[23-Apr-2026 13:38:36 UTC] 🔍 [MERC_ADMIN_CARDS] sample shipment_id=6672 wpcargo_driver='' wpcargo_motorizo_recojo=''
[23-Apr-2026 13:38:36 UTC] 🔍 [MERC_ADMIN_CARDS] sample shipment_id=6673 wpcargo_driver='' wpcargo_motorizo_recojo=''
[23-Apr-2026 13:38:36 UTC] 🔍 [MERC_ADMIN_CARDS] sample shipment_id=6674 wpcargo_driver='' wpcargo_motorizo_recojo=''
[23-Apr-2026 13:38:36 UTC] 🔍 [MERC_ADMIN_CARDS] sample shipment_id=6675 wpcargo_driver='' wpcargo_motorizo_recojo=''
[23-Apr-2026 13:38:36 UTC] 🔍 [MERC_ADMIN_CARDS] drivers_count: 1
[23-Apr-2026 13:38:36 UTC] 🔍 [MERC_ADMIN_CLIENTS] clients_sql: SELECT pm_sender.meta_value AS client_id, COUNT(DISTINCT p.ID) AS total_envios FROM wp_posts p LEFT JOIN wp_postmeta pm_sender ON p.ID = pm_sender.post_id AND pm_sender.meta_key = 'registered_shipper' WHERE p.post_type = 'wpcargo_shipment' AND p.post_status = 'publish' AND pm_sender.meta_value IS NOT NULL AND pm_sender.meta_value != '' AND ( EXISTS( SELECT 1 FROM wp_postmeta pm_pickup WHERE pm_pickup.post_id = p.ID AND pm_pickup.meta_key IN ('wpcargo_pickup_date_picker','wpcargo_pickup_date','calendarenvio','wpcargo_fecha_envio') AND ( (STR_TO_DATE(pm_pickup.meta_value, '%%d/%%m/%%Y') >= STR_TO_DATE('2026-04-23', '%%Y-%%m-%%d') AND STR_TO_DATE(pm_pickup.meta_value, '%%d/%%m/%%Y') <= STR_TO_DATE('2026-04-23', '%%Y-%%m-%%d')) OR (STR_TO_DATE(pm_pickup.meta_value, '%%Y-%%m-%%d') >= STR_TO_DATE('2026-04-23', '%%Y-%%m-%%d') AND STR_TO_DATE(pm_pickup.meta_value, '%%Y-%%m-%%d') <= STR_TO_DATE('2026-04-23', '%%Y-%%m-%%d')) OR (pm_pickup.meta_value BETWEEN '2026-04-23' AND '2026-04-23') OR (pm_pickup.meta_value LIKE '2026-04-23%') ) ) OR (p.post_date BETWEEN '2026-04-23 00:00:00' AND '2026-04-23 23:59:59') ) GROUP BY pm_sender.meta_value ORDER BY total_envios DESC
[23-Apr-2026 13:38:36 UTC] 🔍 [MERC_ADMIN_CLIENTS] clients_count: 2
[23-Apr-2026 13:38:36 UTC] 🔍 [MERC_ADMIN_CLIENTS] sample_ids_count: 7
[23-Apr-2026 13:38:36 UTC] 🔍 [MERC_ADMIN_CLIENTS] sample shipment_id=6669 registered_shipper='3'
[23-Apr-2026 13:38:36 UTC] 🔍 [MERC_ADMIN_CLIENTS] sample shipment_id=6670 registered_shipper='3'
[23-Apr-2026 13:38:36 UTC] 🔍 [MERC_ADMIN_CLIENTS] sample shipment_id=6671 registered_shipper='3'
[23-Apr-2026 13:38:36 UTC] 🔍 [MERC_ADMIN_CLIENTS] sample shipment_id=6672 registered_shipper='3'
[23-Apr-2026 13:38:36 UTC] 🔍 [MERC_ADMIN_CLIENTS] sample shipment_id=6673 registered_shipper='3'
[23-Apr-2026 13:38:36 UTC] 🔍 [MERC_ADMIN_CLIENTS] sample shipment_id=6674 registered_shipper='1'
[23-Apr-2026 13:38:36 UTC] 🔍 [MERC_ADMIN_CLIENTS] sample shipment_id=6675 registered_shipper='3'
[23-Apr-2026 13:39:23 UTC] 🔔 [MERC_LOG] Inicializado logger diario: /home/u727114368/domains/mercourier.com/public_html/wp-content/merc_logs/merc-debug-2026-04-23.log
[23-Apr-2026 13:39:24 UTC] 🔔 [MERC_LOG] Inicializado logger diario: /home/u727114368/domains/mercourier.com/public_html/wp-content/merc_logs/merc-debug-2026-04-23.log
[23-Apr-2026 13:41:23 UTC] 🔔 [MERC_LOG] Inicializado logger diario: /home/u727114368/domains/mercourier.com/public_html/wp-content/merc_logs/merc-debug-2026-04-23.log
[23-Apr-2026 13:41:24 UTC] 🔔 [MERC_LOG] Inicializado logger diario: /home/u727114368/domains/mercourier.com/public_html/wp-content/merc_logs/merc-debug-2026-04-23.log
[23-Apr-2026 13:43:25 UTC] 🔔 [MERC_LOG] Inicializado logger diario: /home/u727114368/domains/mercourier.com/public_html/wp-content/merc_logs/merc-debug-2026-04-23.log
[23-Apr-2026 13:43:25 UTC] 🔔 [MERC_LOG] Inicializado logger diario: /home/u727114368/domains/mercourier.com/public_html/wp-content/merc_logs/merc-debug-2026-04-23.log
[23-Apr-2026 13:45:25 UTC] 🔔 [MERC_LOG] Inicializado logger diario: /home/u727114368/domains/mercourier.com/public_html/wp-content/merc_logs/merc-debug-2026-04-23.log
[23-Apr-2026 13:45:25 UTC] 🔔 [MERC_LOG] Inicializado logger diario: /home/u727114368/domains/mercourier.com/public_html/wp-content/merc_logs/merc-debug-2026-04-23.log
[23-Apr-2026 13:47:26 UTC] 🔔 [MERC_LOG] Inicializado logger diario: /home/u727114368/domains/mercourier.com/public_html/wp-content/merc_logs/merc-debug-2026-04-23.log
[23-Apr-2026 13:47:26 UTC] 🔔 [MERC_LOG] Inicializado logger diario: /home/u727114368/domains/mercourier.com/public_html/wp-content/merc_logs/merc-debug-2026-04-23.log
[23-Apr-2026 14:39:35 UTC] 🔔 [MERC_LOG] Inicializado logger diario: /home/u727114368/domains/mercourier.com/public_html/wp-content/merc_logs/merc-debug-2026-04-23.log
[23-Apr-2026 14:39:35 UTC] 🔔 [MERC_LOG] Inicializado logger diario: /home/u727114368/domains/mercourier.com/public_html/wp-content/merc_logs/merc-debug-2026-04-23.log
[23-Apr-2026 14:39:35 UTC] 🔔 [MERC_LOG] Inicializado logger diario: /home/u727114368/domains/mercourier.com/public_html/wp-content/merc_logs/merc-debug-2026-04-23.log
[23-Apr-2026 14:39:36 UTC] PHP Warning:  Undefined variable $tipo_vista in /home/u727114368/domains/mercourier.com/public_html/wp-content/themes/blocksy-child/functions.php on line 8589
[23-Apr-2026 14:39:36 UTC] MERC_ADMIN_RESUMEN - date_query="AND ( 
        EXISTS( 
            SELECT 1 FROM wp_postmeta pm_pickup 
            WHERE pm_pickup.post_id = p.ID 
              AND pm_pickup.meta_key IN ('wpcargo_pickup_date_picker','wpcargo_pickup_date','calendarenvio','wpcargo_fecha_envio')
              AND (
                    (STR_TO_DATE(pm_pickup.meta_value, '%%d/%%m/%%Y') >= STR_TO_DATE('2026-04-23', '%%Y-%%m-%%d') AND STR_TO_DATE(pm_pickup.meta_value, '%%d/%%m/%%Y') <= STR_TO_DATE('2026-04-23', '%%Y-%%m-%%d'))
                 OR (STR_TO_DATE(pm_pickup.meta_value, '%%Y-%%m-%%d') >= STR_TO_DATE('2026-04-23', '%%Y-%%m-%%d') AND STR_TO_DATE(pm_pickup.meta_value, '%%Y-%%m-%%d') <= STR_TO_DATE('2026-04-23', '%%Y-%%m-%%d'))
                 OR (pm_pickup.meta_value BETWEEN '2026-04-23' AND '2026-04-23')
                 OR (pm_pickup.meta_value LIKE '2026-04-23%')
              )
        )
        OR (p.post_date BETWEEN '2026-04-23 00:00:00' AND '2026-04-23 23:59:59')
    )"
[23-Apr-2026 14:39:36 UTC] MERC_ADMIN_RESUMEN - shipments_count=7
[23-Apr-2026 14:39:36 UTC] ═══════════════════════════════════════════════════════════
[23-Apr-2026 14:39:36 UTC] 🔍 MERC_ADMIN_DEBUG - INICIANDO CÁLCULOS DEL PANEL
[23-Apr-2026 14:39:36 UTC] ═══════════════════════════════════════════════════════════
[23-Apr-2026 14:39:36 UTC] 
[23-Apr-2026 14:39:36 UTC] ────────────────────────────────────────────────────────
[23-Apr-2026 14:39:36 UTC] 📦 SHIPMENT #6669
[23-Apr-2026 14:39:36 UTC]    Costo Envío: S/. 0.00
[23-Apr-2026 14:39:36 UTC]    Costo Producto: S/. 0.00
[23-Apr-2026 14:39:36 UTC]    Estado Motorizado: pendiente
[23-Apr-2026 14:39:36 UTC]    Estado Remitente (liquidado): VACÍO
[23-Apr-2026 14:39:36 UTC]    Quién Paga: remitente
[23-Apr-2026 14:39:36 UTC]    Estado Entrega: PENDIENTE
[23-Apr-2026 14:39:36 UTC]    ❌ NO ENTREGADO aún (estado: PENDIENTE)
[23-Apr-2026 14:39:36 UTC]    ¿Liquidado? NO
[23-Apr-2026 14:39:36 UTC]    ❌ NO SUMADO a ingresos envíos (aún no liquidado)
[23-Apr-2026 14:39:36 UTC]    Cliente 3 - ¿Liquidación verificada? NO
[23-Apr-2026 14:39:36 UTC]    TOTALES ACUMULADOS: pago_merc=S/. 0.00, pos=S/. 0.00, pago_marca=S/. 0.00, servicio=S/. 0.00
[23-Apr-2026 14:39:36 UTC]    GET_PAYMENT_TOTALS: efectivo=S/. 0.00, pago_merc=S/. 0.00, pos=S/. 0.00, pago_marca=S/. 0.00, total=S/. 0.00
[23-Apr-2026 14:39:36 UTC]    Efectivo Total acumulado: S/. 0.00
[23-Apr-2026 14:39:36 UTC]    ✅ SUMADO A RECAUDADO_MERC: S/. 0.00 (Total: S/. 0.00)
[23-Apr-2026 14:39:36 UTC]    ✅ SUMADO A RECAUDADO_MARCA: S/. 0.00 (Total: S/. 0.00)
[23-Apr-2026 14:39:36 UTC]    ✅ SUMADO A POS_RECAUDADO: S/. 0.00 (Total: S/. 0.00)
[23-Apr-2026 14:39:36 UTC] 
[23-Apr-2026 14:39:36 UTC] ────────────────────────────────────────────────────────
[23-Apr-2026 14:39:36 UTC] 📦 SHIPMENT #6670
[23-Apr-2026 14:39:36 UTC]    Costo Envío: S/. 0.00
[23-Apr-2026 14:39:36 UTC]    Costo Producto: S/. 0.00
[23-Apr-2026 14:39:36 UTC]    Estado Motorizado: pendiente
[23-Apr-2026 14:39:36 UTC]    Estado Remitente (liquidado): VACÍO
[23-Apr-2026 14:39:36 UTC]    Quién Paga: remitente
[23-Apr-2026 14:39:36 UTC]    Estado Entrega: PENDIENTE
[23-Apr-2026 14:39:36 UTC]    ❌ NO ENTREGADO aún (estado: PENDIENTE)
[23-Apr-2026 14:39:36 UTC]    ¿Liquidado? NO
[23-Apr-2026 14:39:36 UTC]    ❌ NO SUMADO a ingresos envíos (aún no liquidado)
[23-Apr-2026 14:39:36 UTC]    Cliente 3 - ¿Liquidación verificada? NO
[23-Apr-2026 14:39:36 UTC]    TOTALES ACUMULADOS: pago_merc=S/. 0.00, pos=S/. 0.00, pago_marca=S/. 0.00, servicio=S/. 0.00
[23-Apr-2026 14:39:36 UTC]    GET_PAYMENT_TOTALS: efectivo=S/. 0.00, pago_merc=S/. 0.00, pos=S/. 0.00, pago_marca=S/. 0.00, total=S/. 0.00
[23-Apr-2026 14:39:36 UTC]    Efectivo Total acumulado: S/. 0.00
[23-Apr-2026 14:39:36 UTC]    ✅ SUMADO A RECAUDADO_MERC: S/. 0.00 (Total: S/. 0.00)
[23-Apr-2026 14:39:36 UTC]    ✅ SUMADO A RECAUDADO_MARCA: S/. 0.00 (Total: S/. 0.00)
[23-Apr-2026 14:39:36 UTC]    ✅ SUMADO A POS_RECAUDADO: S/. 0.00 (Total: S/. 0.00)
[23-Apr-2026 14:39:36 UTC] 
[23-Apr-2026 14:39:36 UTC] ────────────────────────────────────────────────────────
[23-Apr-2026 14:39:36 UTC] 📦 SHIPMENT #6671
[23-Apr-2026 14:39:36 UTC]    Costo Envío: S/. 10.00
[23-Apr-2026 14:39:36 UTC]    Costo Producto: S/. 0.00
[23-Apr-2026 14:39:36 UTC]    Estado Motorizado: pendiente
[23-Apr-2026 14:39:36 UTC]    Estado Remitente (liquidado): VACÍO
[23-Apr-2026 14:39:36 UTC]    Quién Paga: remitente
[23-Apr-2026 14:39:36 UTC]    Estado Entrega: PENDIENTE
[23-Apr-2026 14:39:36 UTC]    ❌ NO ENTREGADO aún (estado: PENDIENTE)
[23-Apr-2026 14:39:36 UTC]    ¿Liquidado? NO
[23-Apr-2026 14:39:36 UTC]    ❌ NO SUMADO a ingresos envíos (aún no liquidado)
[23-Apr-2026 14:39:36 UTC]    Cliente 3 - ¿Liquidación verificada? NO
[23-Apr-2026 14:39:36 UTC]    TOTALES ACUMULADOS: pago_merc=S/. 0.00, pos=S/. 0.00, pago_marca=S/. 0.00, servicio=S/. 10.00
[23-Apr-2026 14:39:36 UTC]    GET_PAYMENT_TOTALS: efectivo=S/. 0.00, pago_merc=S/. 0.00, pos=S/. 0.00, pago_marca=S/. 0.00, total=S/. 0.00
[23-Apr-2026 14:39:36 UTC]    Efectivo Total acumulado: S/. 0.00
[23-Apr-2026 14:39:36 UTC]    ✅ SUMADO A RECAUDADO_MERC: S/. 0.00 (Total: S/. 0.00)
[23-Apr-2026 14:39:36 UTC]    ✅ SUMADO A RECAUDADO_MARCA: S/. 0.00 (Total: S/. 0.00)
[23-Apr-2026 14:39:36 UTC]    ✅ SUMADO A POS_RECAUDADO: S/. 0.00 (Total: S/. 0.00)
[23-Apr-2026 14:39:36 UTC] 
[23-Apr-2026 14:39:36 UTC] ────────────────────────────────────────────────────────
[23-Apr-2026 14:39:36 UTC] 📦 SHIPMENT #6672
[23-Apr-2026 14:39:36 UTC]    Costo Envío: S/. 0.00
[23-Apr-2026 14:39:36 UTC]    Costo Producto: S/. 0.00
[23-Apr-2026 14:39:36 UTC]    Estado Motorizado: pendiente
[23-Apr-2026 14:39:36 UTC]    Estado Remitente (liquidado): VACÍO
[23-Apr-2026 14:39:36 UTC]    Quién Paga: remitente
[23-Apr-2026 14:39:36 UTC]    Estado Entrega: PENDIENTE
[23-Apr-2026 14:39:36 UTC]    ❌ NO ENTREGADO aún (estado: PENDIENTE)
[23-Apr-2026 14:39:36 UTC]    ¿Liquidado? NO
[23-Apr-2026 14:39:36 UTC]    ❌ NO SUMADO a ingresos envíos (aún no liquidado)
[23-Apr-2026 14:39:36 UTC]    Cliente 3 - ¿Liquidación verificada? NO
[23-Apr-2026 14:39:36 UTC]    TOTALES ACUMULADOS: pago_merc=S/. 0.00, pos=S/. 0.00, pago_marca=S/. 0.00, servicio=S/. 10.00
[23-Apr-2026 14:39:36 UTC]    GET_PAYMENT_TOTALS: efectivo=S/. 0.00, pago_merc=S/. 0.00, pos=S/. 0.00, pago_marca=S/. 0.00, total=S/. 0.00
[23-Apr-2026 14:39:36 UTC]    Efectivo Total acumulado: S/. 0.00
[23-Apr-2026 14:39:36 UTC]    ✅ SUMADO A RECAUDADO_MERC: S/. 0.00 (Total: S/. 0.00)
[23-Apr-2026 14:39:36 UTC]    ✅ SUMADO A RECAUDADO_MARCA: S/. 0.00 (Total: S/. 0.00)
[23-Apr-2026 14:39:36 UTC]    ✅ SUMADO A POS_RECAUDADO: S/. 0.00 (Total: S/. 0.00)
[23-Apr-2026 14:39:36 UTC] 
[23-Apr-2026 14:39:36 UTC] ────────────────────────────────────────────────────────
[23-Apr-2026 14:39:36 UTC] 📦 SHIPMENT #6673
[23-Apr-2026 14:39:36 UTC]    Costo Envío: S/. 0.00
[23-Apr-2026 14:39:36 UTC]    Costo Producto: S/. 0.00
[23-Apr-2026 14:39:36 UTC]    Estado Motorizado: pendiente
[23-Apr-2026 14:39:36 UTC]    Estado Remitente (liquidado): VACÍO
[23-Apr-2026 14:39:36 UTC]    Quién Paga: remitente
[23-Apr-2026 14:39:36 UTC]    Estado Entrega: PENDIENTE
[23-Apr-2026 14:39:36 UTC]    ❌ NO ENTREGADO aún (estado: PENDIENTE)
[23-Apr-2026 14:39:36 UTC]    ¿Liquidado? NO
[23-Apr-2026 14:39:36 UTC]    ❌ NO SUMADO a ingresos envíos (aún no liquidado)
[23-Apr-2026 14:39:36 UTC]    Cliente 3 - ¿Liquidación verificada? NO
[23-Apr-2026 14:39:36 UTC]    TOTALES ACUMULADOS: pago_merc=S/. 0.00, pos=S/. 0.00, pago_marca=S/. 0.00, servicio=S/. 10.00
[23-Apr-2026 14:39:36 UTC]    GET_PAYMENT_TOTALS: efectivo=S/. 0.00, pago_merc=S/. 0.00, pos=S/. 0.00, pago_marca=S/. 0.00, total=S/. 0.00
[23-Apr-2026 14:39:36 UTC]    Efectivo Total acumulado: S/. 0.00
[23-Apr-2026 14:39:36 UTC]    ✅ SUMADO A RECAUDADO_MERC: S/. 0.00 (Total: S/. 0.00)
[23-Apr-2026 14:39:36 UTC]    ✅ SUMADO A RECAUDADO_MARCA: S/. 0.00 (Total: S/. 0.00)
[23-Apr-2026 14:39:36 UTC]    ✅ SUMADO A POS_RECAUDADO: S/. 0.00 (Total: S/. 0.00)
[23-Apr-2026 14:39:36 UTC] 
[23-Apr-2026 14:39:36 UTC] ────────────────────────────────────────────────────────
[23-Apr-2026 14:39:36 UTC] 📦 SHIPMENT #6674
[23-Apr-2026 14:39:36 UTC]    Costo Envío: S/. 0.00
[23-Apr-2026 14:39:36 UTC]    Costo Producto: S/. 0.00
[23-Apr-2026 14:39:36 UTC]    Estado Motorizado: pendiente
[23-Apr-2026 14:39:36 UTC]    Estado Remitente (liquidado): VACÍO
[23-Apr-2026 14:39:36 UTC]    Quién Paga: remitente
[23-Apr-2026 14:39:36 UTC]    Estado Entrega: PENDIENTE
[23-Apr-2026 14:39:36 UTC]    ❌ NO ENTREGADO aún (estado: PENDIENTE)
[23-Apr-2026 14:39:36 UTC]    ¿Liquidado? NO
[23-Apr-2026 14:39:36 UTC]    ❌ NO SUMADO a ingresos envíos (aún no liquidado)
[23-Apr-2026 14:39:36 UTC]    Cliente 1 - ¿Liquidación verificada? NO
[23-Apr-2026 14:39:36 UTC]    TOTALES ACUMULADOS: pago_merc=S/. 0.00, pos=S/. 0.00, pago_marca=S/. 0.00, servicio=S/. 0.00
[23-Apr-2026 14:39:36 UTC]    GET_PAYMENT_TOTALS: efectivo=S/. 0.00, pago_merc=S/. 0.00, pos=S/. 0.00, pago_marca=S/. 0.00, total=S/. 0.00
[23-Apr-2026 14:39:36 UTC]    Efectivo Total acumulado: S/. 0.00
[23-Apr-2026 14:39:36 UTC]    ✅ SUMADO A RECAUDADO_MERC: S/. 0.00 (Total: S/. 0.00)
[23-Apr-2026 14:39:36 UTC]    ✅ SUMADO A RECAUDADO_MARCA: S/. 0.00 (Total: S/. 0.00)
[23-Apr-2026 14:39:36 UTC]    ✅ SUMADO A POS_RECAUDADO: S/. 0.00 (Total: S/. 0.00)
[23-Apr-2026 14:39:36 UTC] 
[23-Apr-2026 14:39:36 UTC] ────────────────────────────────────────────────────────
[23-Apr-2026 14:39:36 UTC] 📦 SHIPMENT #6675
[23-Apr-2026 14:39:36 UTC]    Costo Envío: S/. 0.00
[23-Apr-2026 14:39:36 UTC]    Costo Producto: S/. 0.00
[23-Apr-2026 14:39:36 UTC]    Estado Motorizado: pendiente
[23-Apr-2026 14:39:36 UTC]    Estado Remitente (liquidado): VACÍO
[23-Apr-2026 14:39:36 UTC]    Quién Paga: remitente
[23-Apr-2026 14:39:36 UTC]    Estado Entrega: PENDIENTE
[23-Apr-2026 14:39:36 UTC]    ❌ NO ENTREGADO aún (estado: PENDIENTE)
[23-Apr-2026 14:39:36 UTC]    ¿Liquidado? NO
[23-Apr-2026 14:39:36 UTC]    ❌ NO SUMADO a ingresos envíos (aún no liquidado)
[23-Apr-2026 14:39:36 UTC]    Cliente 3 - ¿Liquidación verificada? NO
[23-Apr-2026 14:39:36 UTC]    TOTALES ACUMULADOS: pago_merc=S/. 0.00, pos=S/. 0.00, pago_marca=S/. 0.00, servicio=S/. 10.00
[23-Apr-2026 14:39:36 UTC]    GET_PAYMENT_TOTALS: efectivo=S/. 0.00, pago_merc=S/. 0.00, pos=S/. 0.00, pago_marca=S/. 0.00, total=S/. 0.00
[23-Apr-2026 14:39:36 UTC]    Efectivo Total acumulado: S/. 0.00
[23-Apr-2026 14:39:36 UTC]    ✅ SUMADO A RECAUDADO_MERC: S/. 0.00 (Total: S/. 0.00)
[23-Apr-2026 14:39:36 UTC]    ✅ SUMADO A RECAUDADO_MARCA: S/. 0.00 (Total: S/. 0.00)
[23-Apr-2026 14:39:36 UTC]    ✅ SUMADO A POS_RECAUDADO: S/. 0.00 (Total: S/. 0.00)
[23-Apr-2026 14:39:36 UTC] 
[23-Apr-2026 14:39:36 UTC] ═══════════════════════════════════════════════════════════
[23-Apr-2026 14:39:36 UTC] 🔍 CÁLCULO DE SALDOS POR CLIENTE
[23-Apr-2026 14:39:36 UTC] ═══════════════════════════════════════════════════════════
[23-Apr-2026 14:39:36 UTC] 👤 Cliente 3
[23-Apr-2026 14:39:36 UTC]    pago_merc: S/. 0.00
[23-Apr-2026 14:39:36 UTC]    pos: S/. 0.00
[23-Apr-2026 14:39:36 UTC]    pago_marca: S/. 0.00
[23-Apr-2026 14:39:36 UTC]    servicio: S/. 10.00
[23-Apr-2026 14:39:36 UTC]    balance = (pago_merc + pos) - servicio = (0.00 + 0.00) - 10.00 = S/. -10.00
[23-Apr-2026 14:39:36 UTC]    ❌ NO SUMADO (balance ≤ 0)
[23-Apr-2026 14:39:36 UTC] 👤 Cliente 1
[23-Apr-2026 14:39:36 UTC]    pago_merc: S/. 0.00
[23-Apr-2026 14:39:36 UTC]    pos: S/. 0.00
[23-Apr-2026 14:39:36 UTC]    pago_marca: S/. 0.00
[23-Apr-2026 14:39:36 UTC]    servicio: S/. 0.00
[23-Apr-2026 14:39:36 UTC]    balance = (pago_merc + pos) - servicio = (0.00 + 0.00) - 0.00 = S/. 0.00
[23-Apr-2026 14:39:36 UTC]    ❌ NO SUMADO (balance ≤ 0)
[23-Apr-2026 14:39:36 UTC] MERC_DEBUG_CLIENT_BALANCE_SUM - por_pagar_rem=0.00
[23-Apr-2026 14:39:36 UTC] 
[23-Apr-2026 14:39:36 UTC] ═══════════════════════════════════════════════════════════
[23-Apr-2026 14:39:36 UTC] 📊 RESUMEN FINAL DE CÁLCULOS DEL PANEL ADMIN
[23-Apr-2026 14:39:36 UTC] ═══════════════════════════════════════════════════════════
[23-Apr-2026 14:39:36 UTC] Total Entregados: S/. 0.00 (TODOS los envíos entregados)
[23-Apr-2026 14:39:36 UTC] Ingresos por Envíos: S/. 0.00 (solo liquidados)
[23-Apr-2026 14:39:36 UTC] Efectivo Total: S/. 0.00
[23-Apr-2026 14:39:36 UTC] Recaudado por MERC: S/. 0.00
[23-Apr-2026 14:39:36 UTC] Recaudado por MARCA: S/. 0.00
[23-Apr-2026 14:39:36 UTC] Recaudado por POS: S/. 0.00
[23-Apr-2026 14:39:36 UTC] Por Pagar Remitentes: S/. 0.00
[23-Apr-2026 14:39:36 UTC] Penalidades del día: S/. 0.00
[23-Apr-2026 14:39:36 UTC] TOTAL GENERAL (Balance Neto): S/. 0.00
[23-Apr-2026 14:39:36 UTC] ═══════════════════════════════════════════════════════════
[23-Apr-2026 14:39:36 UTC] 
[23-Apr-2026 14:39:36 UTC] 🔍 [MERC_ADMIN_CARDS] drivers_sql: SELECT COALESCE(pm_driver.meta_value, pm_driver_alt.meta_value) AS driver_id, COUNT(DISTINCT p.ID) AS total_entregas FROM wp_posts p LEFT JOIN wp_postmeta pm_driver ON p.ID = pm_driver.post_id AND pm_driver.meta_key = 'wpcargo_driver' LEFT JOIN wp_postmeta pm_driver_alt ON p.ID = pm_driver_alt.post_id AND pm_driver_alt.meta_key = 'wpcargo_motorizo_recojo' WHERE p.post_type = 'wpcargo_shipment' AND p.post_status = 'publish' AND (pm_driver.meta_value IS NOT NULL OR pm_driver_alt.meta_value IS NOT NULL) AND ( EXISTS( SELECT 1 FROM wp_postmeta pm_pickup WHERE pm_pickup.post_id = p.ID AND pm_pickup.meta_key IN ('wpcargo_pickup_date_picker','wpcargo_pickup_date','calendarenvio','wpcargo_fecha_envio') AND ( (STR_TO_DATE(pm_pickup.meta_value, '%%d/%%m/%%Y') >= STR_TO_DATE('2026-04-23', '%%Y-%%m-%%d') AND STR_TO_DATE(pm_pickup.meta_value, '%%d/%%m/%%Y') <= STR_TO_DATE('2026-04-23', '%%Y-%%m-%%d')) OR (STR_TO_DATE(pm_pickup.meta_value, '%%Y-%%m-%%d') >= STR_TO_DATE('2026-04-23', '%%Y-%%m-%%d') AND STR_TO_DATE(pm_pickup.meta_value, '%%Y-%%m-%%d') <= STR_TO_DATE('2026-04-23', '%%Y-%%m-%%d')) OR (pm_pickup.meta_value BETWEEN '2026-04-23' AND '2026-04-23') OR (pm_pickup.meta_value LIKE '2026-04-23%') ) ) OR (p.post_date BETWEEN '2026-04-23 00:00:00' AND '2026-04-23 23:59:59') ) GROUP BY COALESCE(pm_driver.meta_value, pm_driver_alt.meta_value) ORDER BY total_entregas DESC
[23-Apr-2026 14:39:36 UTC] 🔍 [MERC_ADMIN_CARDS] sample_ids_count: 7
[23-Apr-2026 14:39:36 UTC] 🔍 [MERC_ADMIN_CARDS] sample shipment_id=6669 wpcargo_driver='' wpcargo_motorizo_recojo=''
[23-Apr-2026 14:39:36 UTC] 🔍 [MERC_ADMIN_CARDS] sample shipment_id=6670 wpcargo_driver='' wpcargo_motorizo_recojo=''
[23-Apr-2026 14:39:36 UTC] 🔍 [MERC_ADMIN_CARDS] sample shipment_id=6671 wpcargo_driver='' wpcargo_motorizo_recojo=''
[23-Apr-2026 14:39:36 UTC] 🔍 [MERC_ADMIN_CARDS] sample shipment_id=6672 wpcargo_driver='' wpcargo_motorizo_recojo=''
[23-Apr-2026 14:39:36 UTC] 🔍 [MERC_ADMIN_CARDS] sample shipment_id=6673 wpcargo_driver='' wpcargo_motorizo_recojo=''
[23-Apr-2026 14:39:36 UTC] 🔍 [MERC_ADMIN_CARDS] sample shipment_id=6674 wpcargo_driver='' wpcargo_motorizo_recojo=''
[23-Apr-2026 14:39:36 UTC] 🔍 [MERC_ADMIN_CARDS] sample shipment_id=6675 wpcargo_driver='' wpcargo_motorizo_recojo=''
[23-Apr-2026 14:39:36 UTC] 🔍 [MERC_ADMIN_CARDS] drivers_count: 1
[23-Apr-2026 14:39:36 UTC] 🔍 [MERC_ADMIN_CLIENTS] clients_sql: SELECT pm_sender.meta_value AS client_id, COUNT(DISTINCT p.ID) AS total_envios FROM wp_posts p LEFT JOIN wp_postmeta pm_sender ON p.ID = pm_sender.post_id AND pm_sender.meta_key = 'registered_shipper' WHERE p.post_type = 'wpcargo_shipment' AND p.post_status = 'publish' AND pm_sender.meta_value IS NOT NULL AND pm_sender.meta_value != '' AND ( EXISTS( SELECT 1 FROM wp_postmeta pm_pickup WHERE pm_pickup.post_id = p.ID AND pm_pickup.meta_key IN ('wpcargo_pickup_date_picker','wpcargo_pickup_date','calendarenvio','wpcargo_fecha_envio') AND ( (STR_TO_DATE(pm_pickup.meta_value, '%%d/%%m/%%Y') >= STR_TO_DATE('2026-04-23', '%%Y-%%m-%%d') AND STR_TO_DATE(pm_pickup.meta_value, '%%d/%%m/%%Y') <= STR_TO_DATE('2026-04-23', '%%Y-%%m-%%d')) OR (STR_TO_DATE(pm_pickup.meta_value, '%%Y-%%m-%%d') >= STR_TO_DATE('2026-04-23', '%%Y-%%m-%%d') AND STR_TO_DATE(pm_pickup.meta_value, '%%Y-%%m-%%d') <= STR_TO_DATE('2026-04-23', '%%Y-%%m-%%d')) OR (pm_pickup.meta_value BETWEEN '2026-04-23' AND '2026-04-23') OR (pm_pickup.meta_value LIKE '2026-04-23%') ) ) OR (p.post_date BETWEEN '2026-04-23 00:00:00' AND '2026-04-23 23:59:59') ) GROUP BY pm_sender.meta_value ORDER BY total_envios DESC
[23-Apr-2026 14:39:36 UTC] 🔍 [MERC_ADMIN_CLIENTS] clients_count: 2
[23-Apr-2026 14:39:36 UTC] 🔍 [MERC_ADMIN_CLIENTS] sample_ids_count: 7
[23-Apr-2026 14:39:36 UTC] 🔍 [MERC_ADMIN_CLIENTS] sample shipment_id=6669 registered_shipper='3'
[23-Apr-2026 14:39:36 UTC] 🔍 [MERC_ADMIN_CLIENTS] sample shipment_id=6670 registered_shipper='3'
[23-Apr-2026 14:39:36 UTC] 🔍 [MERC_ADMIN_CLIENTS] sample shipment_id=6671 registered_shipper='3'
[23-Apr-2026 14:39:36 UTC] 🔍 [MERC_ADMIN_CLIENTS] sample shipment_id=6672 registered_shipper='3'
[23-Apr-2026 14:39:36 UTC] 🔍 [MERC_ADMIN_CLIENTS] sample shipment_id=6673 registered_shipper='3'
[23-Apr-2026 14:39:36 UTC] 🔍 [MERC_ADMIN_CLIENTS] sample shipment_id=6674 registered_shipper='1'
[23-Apr-2026 14:39:36 UTC] 🔍 [MERC_ADMIN_CLIENTS] sample shipment_id=6675 registered_shipper='3'
[23-Apr-2026 14:39:57 UTC] 🔔 [MERC_LOG] Inicializado logger diario: /home/u727114368/domains/mercourier.com/public_html/wp-content/merc_logs/merc-debug-2026-04-23.log
[23-Apr-2026 14:39:58 UTC] PHP Warning:  Undefined variable $tipo_vista in /home/u727114368/domains/mercourier.com/public_html/wp-content/themes/blocksy-child/functions.php on line 8589
[23-Apr-2026 14:39:58 UTC] MERC_ADMIN_RESUMEN - date_query="AND ( 
        EXISTS( 
            SELECT 1 FROM wp_postmeta pm_pickup 
            WHERE pm_pickup.post_id = p.ID 
              AND pm_pickup.meta_key IN ('wpcargo_pickup_date_picker','wpcargo_pickup_date','calendarenvio','wpcargo_fecha_envio')
              AND (
                    (STR_TO_DATE(pm_pickup.meta_value, '%%d/%%m/%%Y') >= STR_TO_DATE('2026-04-23', '%%Y-%%m-%%d') AND STR_TO_DATE(pm_pickup.meta_value, '%%d/%%m/%%Y') <= STR_TO_DATE('2026-04-23', '%%Y-%%m-%%d'))
                 OR (STR_TO_DATE(pm_pickup.meta_value, '%%Y-%%m-%%d') >= STR_TO_DATE('2026-04-23', '%%Y-%%m-%%d') AND STR_TO_DATE(pm_pickup.meta_value, '%%Y-%%m-%%d') <= STR_TO_DATE('2026-04-23', '%%Y-%%m-%%d'))
                 OR (pm_pickup.meta_value BETWEEN '2026-04-23' AND '2026-04-23')
                 OR (pm_pickup.meta_value LIKE '2026-04-23%')
              )
        )
        OR (p.post_date BETWEEN '2026-04-23 00:00:00' AND '2026-04-23 23:59:59')
    )"
[23-Apr-2026 14:39:58 UTC] MERC_ADMIN_RESUMEN - shipments_count=7
[23-Apr-2026 14:39:58 UTC] ═══════════════════════════════════════════════════════════
[23-Apr-2026 14:39:58 UTC] 🔍 MERC_ADMIN_DEBUG - INICIANDO CÁLCULOS DEL PANEL
[23-Apr-2026 14:39:58 UTC] ═══════════════════════════════════════════════════════════
[23-Apr-2026 14:39:58 UTC] 
[23-Apr-2026 14:39:58 UTC] ────────────────────────────────────────────────────────
[23-Apr-2026 14:39:58 UTC] 📦 SHIPMENT #6669
[23-Apr-2026 14:39:58 UTC]    Costo Envío: S/. 0.00
[23-Apr-2026 14:39:58 UTC]    Costo Producto: S/. 0.00
[23-Apr-2026 14:39:58 UTC]    Estado Motorizado: pendiente
[23-Apr-2026 14:39:58 UTC]    Estado Remitente (liquidado): VACÍO
[23-Apr-2026 14:39:58 UTC]    Quién Paga: remitente
[23-Apr-2026 14:39:58 UTC]    Estado Entrega: PENDIENTE
[23-Apr-2026 14:39:58 UTC]    ❌ NO ENTREGADO aún (estado: PENDIENTE)
[23-Apr-2026 14:39:58 UTC]    ¿Liquidado? NO
[23-Apr-2026 14:39:58 UTC]    ❌ NO SUMADO a ingresos envíos (aún no liquidado)
[23-Apr-2026 14:39:58 UTC]    Cliente 3 - ¿Liquidación verificada? NO
[23-Apr-2026 14:39:58 UTC]    TOTALES ACUMULADOS: pago_merc=S/. 0.00, pos=S/. 0.00, pago_marca=S/. 0.00, servicio=S/. 0.00
[23-Apr-2026 14:39:58 UTC]    GET_PAYMENT_TOTALS: efectivo=S/. 0.00, pago_merc=S/. 0.00, pos=S/. 0.00, pago_marca=S/. 0.00, total=S/. 0.00
[23-Apr-2026 14:39:58 UTC]    Efectivo Total acumulado: S/. 0.00
[23-Apr-2026 14:39:58 UTC]    ✅ SUMADO A RECAUDADO_MERC: S/. 0.00 (Total: S/. 0.00)
[23-Apr-2026 14:39:58 UTC]    ✅ SUMADO A RECAUDADO_MARCA: S/. 0.00 (Total: S/. 0.00)
[23-Apr-2026 14:39:58 UTC]    ✅ SUMADO A POS_RECAUDADO: S/. 0.00 (Total: S/. 0.00)
[23-Apr-2026 14:39:58 UTC] 
[23-Apr-2026 14:39:58 UTC] ────────────────────────────────────────────────────────
[23-Apr-2026 14:39:58 UTC] 📦 SHIPMENT #6670
[23-Apr-2026 14:39:58 UTC]    Costo Envío: S/. 0.00
[23-Apr-2026 14:39:58 UTC]    Costo Producto: S/. 0.00
[23-Apr-2026 14:39:58 UTC]    Estado Motorizado: pendiente
[23-Apr-2026 14:39:58 UTC]    Estado Remitente (liquidado): VACÍO
[23-Apr-2026 14:39:58 UTC]    Quién Paga: remitente
[23-Apr-2026 14:39:58 UTC]    Estado Entrega: PENDIENTE
[23-Apr-2026 14:39:58 UTC]    ❌ NO ENTREGADO aún (estado: PENDIENTE)
[23-Apr-2026 14:39:58 UTC]    ¿Liquidado? NO
[23-Apr-2026 14:39:58 UTC]    ❌ NO SUMADO a ingresos envíos (aún no liquidado)
[23-Apr-2026 14:39:58 UTC]    Cliente 3 - ¿Liquidación verificada? NO
[23-Apr-2026 14:39:58 UTC]    TOTALES ACUMULADOS: pago_merc=S/. 0.00, pos=S/. 0.00, pago_marca=S/. 0.00, servicio=S/. 0.00
[23-Apr-2026 14:39:58 UTC]    GET_PAYMENT_TOTALS: efectivo=S/. 0.00, pago_merc=S/. 0.00, pos=S/. 0.00, pago_marca=S/. 0.00, total=S/. 0.00
[23-Apr-2026 14:39:58 UTC]    Efectivo Total acumulado: S/. 0.00
[23-Apr-2026 14:39:58 UTC]    ✅ SUMADO A RECAUDADO_MERC: S/. 0.00 (Total: S/. 0.00)
[23-Apr-2026 14:39:58 UTC]    ✅ SUMADO A RECAUDADO_MARCA: S/. 0.00 (Total: S/. 0.00)
[23-Apr-2026 14:39:58 UTC]    ✅ SUMADO A POS_RECAUDADO: S/. 0.00 (Total: S/. 0.00)
[23-Apr-2026 14:39:58 UTC] 
[23-Apr-2026 14:39:58 UTC] ────────────────────────────────────────────────────────
[23-Apr-2026 14:39:58 UTC] 📦 SHIPMENT #6671
[23-Apr-2026 14:39:58 UTC]    Costo Envío: S/. 10.00
[23-Apr-2026 14:39:58 UTC]    Costo Producto: S/. 0.00
[23-Apr-2026 14:39:58 UTC]    Estado Motorizado: pendiente
[23-Apr-2026 14:39:58 UTC]    Estado Remitente (liquidado): VACÍO
[23-Apr-2026 14:39:58 UTC]    Quién Paga: remitente
[23-Apr-2026 14:39:58 UTC]    Estado Entrega: PENDIENTE
[23-Apr-2026 14:39:58 UTC]    ❌ NO ENTREGADO aún (estado: PENDIENTE)
[23-Apr-2026 14:39:58 UTC]    ¿Liquidado? NO
[23-Apr-2026 14:39:58 UTC]    ❌ NO SUMADO a ingresos envíos (aún no liquidado)
[23-Apr-2026 14:39:58 UTC]    Cliente 3 - ¿Liquidación verificada? NO
[23-Apr-2026 14:39:58 UTC]    TOTALES ACUMULADOS: pago_merc=S/. 0.00, pos=S/. 0.00, pago_marca=S/. 0.00, servicio=S/. 10.00
[23-Apr-2026 14:39:58 UTC]    GET_PAYMENT_TOTALS: efectivo=S/. 0.00, pago_merc=S/. 0.00, pos=S/. 0.00, pago_marca=S/. 0.00, total=S/. 0.00
[23-Apr-2026 14:39:58 UTC]    Efectivo Total acumulado: S/. 0.00
[23-Apr-2026 14:39:58 UTC]    ✅ SUMADO A RECAUDADO_MERC: S/. 0.00 (Total: S/. 0.00)
[23-Apr-2026 14:39:58 UTC]    ✅ SUMADO A RECAUDADO_MARCA: S/. 0.00 (Total: S/. 0.00)
[23-Apr-2026 14:39:58 UTC]    ✅ SUMADO A POS_RECAUDADO: S/. 0.00 (Total: S/. 0.00)
[23-Apr-2026 14:39:58 UTC] 
[23-Apr-2026 14:39:58 UTC] ────────────────────────────────────────────────────────
[23-Apr-2026 14:39:58 UTC] 📦 SHIPMENT #6672
[23-Apr-2026 14:39:58 UTC]    Costo Envío: S/. 0.00
[23-Apr-2026 14:39:58 UTC]    Costo Producto: S/. 0.00
[23-Apr-2026 14:39:58 UTC]    Estado Motorizado: pendiente
[23-Apr-2026 14:39:58 UTC]    Estado Remitente (liquidado): VACÍO
[23-Apr-2026 14:39:58 UTC]    Quién Paga: remitente
[23-Apr-2026 14:39:58 UTC]    Estado Entrega: PENDIENTE
[23-Apr-2026 14:39:58 UTC]    ❌ NO ENTREGADO aún (estado: PENDIENTE)
[23-Apr-2026 14:39:58 UTC]    ¿Liquidado? NO
[23-Apr-2026 14:39:58 UTC]    ❌ NO SUMADO a ingresos envíos (aún no liquidado)
[23-Apr-2026 14:39:58 UTC]    Cliente 3 - ¿Liquidación verificada? NO
[23-Apr-2026 14:39:58 UTC]    TOTALES ACUMULADOS: pago_merc=S/. 0.00, pos=S/. 0.00, pago_marca=S/. 0.00, servicio=S/. 10.00
[23-Apr-2026 14:39:58 UTC]    GET_PAYMENT_TOTALS: efectivo=S/. 0.00, pago_merc=S/. 0.00, pos=S/. 0.00, pago_marca=S/. 0.00, total=S/. 0.00
[23-Apr-2026 14:39:58 UTC]    Efectivo Total acumulado: S/. 0.00
[23-Apr-2026 14:39:58 UTC]    ✅ SUMADO A RECAUDADO_MERC: S/. 0.00 (Total: S/. 0.00)
[23-Apr-2026 14:39:58 UTC]    ✅ SUMADO A RECAUDADO_MARCA: S/. 0.00 (Total: S/. 0.00)
[23-Apr-2026 14:39:58 UTC]    ✅ SUMADO A POS_RECAUDADO: S/. 0.00 (Total: S/. 0.00)
[23-Apr-2026 14:39:58 UTC] 
[23-Apr-2026 14:39:58 UTC] ────────────────────────────────────────────────────────
[23-Apr-2026 14:39:58 UTC] 📦 SHIPMENT #6673
[23-Apr-2026 14:39:58 UTC]    Costo Envío: S/. 0.00
[23-Apr-2026 14:39:58 UTC]    Costo Producto: S/. 0.00
[23-Apr-2026 14:39:58 UTC]    Estado Motorizado: pendiente
[23-Apr-2026 14:39:58 UTC]    Estado Remitente (liquidado): VACÍO
[23-Apr-2026 14:39:58 UTC]    Quién Paga: remitente
[23-Apr-2026 14:39:58 UTC]    Estado Entrega: PENDIENTE
[23-Apr-2026 14:39:58 UTC]    ❌ NO ENTREGADO aún (estado: PENDIENTE)
[23-Apr-2026 14:39:58 UTC]    ¿Liquidado? NO
[23-Apr-2026 14:39:58 UTC]    ❌ NO SUMADO a ingresos envíos (aún no liquidado)
[23-Apr-2026 14:39:58 UTC]    Cliente 3 - ¿Liquidación verificada? NO
[23-Apr-2026 14:39:58 UTC]    TOTALES ACUMULADOS: pago_merc=S/. 0.00, pos=S/. 0.00, pago_marca=S/. 0.00, servicio=S/. 10.00
[23-Apr-2026 14:39:58 UTC]    GET_PAYMENT_TOTALS: efectivo=S/. 0.00, pago_merc=S/. 0.00, pos=S/. 0.00, pago_marca=S/. 0.00, total=S/. 0.00
[23-Apr-2026 14:39:58 UTC]    Efectivo Total acumulado: S/. 0.00
[23-Apr-2026 14:39:58 UTC]    ✅ SUMADO A RECAUDADO_MERC: S/. 0.00 (Total: S/. 0.00)
[23-Apr-2026 14:39:58 UTC]    ✅ SUMADO A RECAUDADO_MARCA: S/. 0.00 (Total: S/. 0.00)
[23-Apr-2026 14:39:58 UTC]    ✅ SUMADO A POS_RECAUDADO: S/. 0.00 (Total: S/. 0.00)
[23-Apr-2026 14:39:58 UTC] 
[23-Apr-2026 14:39:58 UTC] ────────────────────────────────────────────────────────
[23-Apr-2026 14:39:58 UTC] 📦 SHIPMENT #6674
[23-Apr-2026 14:39:58 UTC]    Costo Envío: S/. 0.00
[23-Apr-2026 14:39:58 UTC]    Costo Producto: S/. 0.00
[23-Apr-2026 14:39:58 UTC]    Estado Motorizado: pendiente
[23-Apr-2026 14:39:58 UTC]    Estado Remitente (liquidado): VACÍO
[23-Apr-2026 14:39:58 UTC]    Quién Paga: remitente
[23-Apr-2026 14:39:58 UTC]    Estado Entrega: PENDIENTE
[23-Apr-2026 14:39:58 UTC]    ❌ NO ENTREGADO aún (estado: PENDIENTE)
[23-Apr-2026 14:39:58 UTC]    ¿Liquidado? NO
[23-Apr-2026 14:39:58 UTC]    ❌ NO SUMADO a ingresos envíos (aún no liquidado)
[23-Apr-2026 14:39:58 UTC]    Cliente 1 - ¿Liquidación verificada? NO
[23-Apr-2026 14:39:58 UTC]    TOTALES ACUMULADOS: pago_merc=S/. 0.00, pos=S/. 0.00, pago_marca=S/. 0.00, servicio=S/. 0.00
[23-Apr-2026 14:39:58 UTC]    GET_PAYMENT_TOTALS: efectivo=S/. 0.00, pago_merc=S/. 0.00, pos=S/. 0.00, pago_marca=S/. 0.00, total=S/. 0.00
[23-Apr-2026 14:39:58 UTC]    Efectivo Total acumulado: S/. 0.00
[23-Apr-2026 14:39:58 UTC]    ✅ SUMADO A RECAUDADO_MERC: S/. 0.00 (Total: S/. 0.00)
[23-Apr-2026 14:39:58 UTC]    ✅ SUMADO A RECAUDADO_MARCA: S/. 0.00 (Total: S/. 0.00)
[23-Apr-2026 14:39:58 UTC]    ✅ SUMADO A POS_RECAUDADO: S/. 0.00 (Total: S/. 0.00)
[23-Apr-2026 14:39:58 UTC] 
[23-Apr-2026 14:39:58 UTC] ────────────────────────────────────────────────────────
[23-Apr-2026 14:39:58 UTC] 📦 SHIPMENT #6675
[23-Apr-2026 14:39:58 UTC]    Costo Envío: S/. 0.00
[23-Apr-2026 14:39:58 UTC]    Costo Producto: S/. 0.00
[23-Apr-2026 14:39:58 UTC]    Estado Motorizado: pendiente
[23-Apr-2026 14:39:58 UTC]    Estado Remitente (liquidado): VACÍO
[23-Apr-2026 14:39:58 UTC]    Quién Paga: remitente
[23-Apr-2026 14:39:58 UTC]    Estado Entrega: PENDIENTE
[23-Apr-2026 14:39:58 UTC]    ❌ NO ENTREGADO aún (estado: PENDIENTE)
[23-Apr-2026 14:39:58 UTC]    ¿Liquidado? NO
[23-Apr-2026 14:39:58 UTC]    ❌ NO SUMADO a ingresos envíos (aún no liquidado)
[23-Apr-2026 14:39:58 UTC]    Cliente 3 - ¿Liquidación verificada? NO
[23-Apr-2026 14:39:58 UTC]    TOTALES ACUMULADOS: pago_merc=S/. 0.00, pos=S/. 0.00, pago_marca=S/. 0.00, servicio=S/. 10.00
[23-Apr-2026 14:39:58 UTC]    GET_PAYMENT_TOTALS: efectivo=S/. 0.00, pago_merc=S/. 0.00, pos=S/. 0.00, pago_marca=S/. 0.00, total=S/. 0.00
[23-Apr-2026 14:39:58 UTC]    Efectivo Total acumulado: S/. 0.00
[23-Apr-2026 14:39:58 UTC]    ✅ SUMADO A RECAUDADO_MERC: S/. 0.00 (Total: S/. 0.00)
[23-Apr-2026 14:39:58 UTC]    ✅ SUMADO A RECAUDADO_MARCA: S/. 0.00 (Total: S/. 0.00)
[23-Apr-2026 14:39:58 UTC]    ✅ SUMADO A POS_RECAUDADO: S/. 0.00 (Total: S/. 0.00)
[23-Apr-2026 14:39:58 UTC] 
[23-Apr-2026 14:39:58 UTC] ═══════════════════════════════════════════════════════════
[23-Apr-2026 14:39:58 UTC] 🔍 CÁLCULO DE SALDOS POR CLIENTE
[23-Apr-2026 14:39:58 UTC] ═══════════════════════════════════════════════════════════
[23-Apr-2026 14:39:58 UTC] 👤 Cliente 3
[23-Apr-2026 14:39:58 UTC]    pago_merc: S/. 0.00
[23-Apr-2026 14:39:58 UTC]    pos: S/. 0.00
[23-Apr-2026 14:39:58 UTC]    pago_marca: S/. 0.00
[23-Apr-2026 14:39:58 UTC]    servicio: S/. 10.00
[23-Apr-2026 14:39:58 UTC]    balance = (pago_merc + pos) - servicio = (0.00 + 0.00) - 10.00 = S/. -10.00
[23-Apr-2026 14:39:58 UTC]    ❌ NO SUMADO (balance ≤ 0)
[23-Apr-2026 14:39:58 UTC] 👤 Cliente 1
[23-Apr-2026 14:39:58 UTC]    pago_merc: S/. 0.00
[23-Apr-2026 14:39:58 UTC]    pos: S/. 0.00
[23-Apr-2026 14:39:58 UTC]    pago_marca: S/. 0.00
[23-Apr-2026 14:39:58 UTC]    servicio: S/. 0.00
[23-Apr-2026 14:39:58 UTC]    balance = (pago_merc + pos) - servicio = (0.00 + 0.00) - 0.00 = S/. 0.00
[23-Apr-2026 14:39:58 UTC]    ❌ NO SUMADO (balance ≤ 0)
[23-Apr-2026 14:39:58 UTC] MERC_DEBUG_CLIENT_BALANCE_SUM - por_pagar_rem=0.00
[23-Apr-2026 14:39:58 UTC] 
[23-Apr-2026 14:39:58 UTC] ═══════════════════════════════════════════════════════════
[23-Apr-2026 14:39:58 UTC] 📊 RESUMEN FINAL DE CÁLCULOS DEL PANEL ADMIN
[23-Apr-2026 14:39:58 UTC] ═══════════════════════════════════════════════════════════
[23-Apr-2026 14:39:58 UTC] Total Entregados: S/. 0.00 (TODOS los envíos entregados)
[23-Apr-2026 14:39:58 UTC] Ingresos por Envíos: S/. 0.00 (solo liquidados)
[23-Apr-2026 14:39:58 UTC] Efectivo Total: S/. 0.00
[23-Apr-2026 14:39:58 UTC] Recaudado por MERC: S/. 0.00
[23-Apr-2026 14:39:58 UTC] Recaudado por MARCA: S/. 0.00
[23-Apr-2026 14:39:58 UTC] Recaudado por POS: S/. 0.00
[23-Apr-2026 14:39:58 UTC] Por Pagar Remitentes: S/. 0.00
[23-Apr-2026 14:39:58 UTC] Penalidades del día: S/. 0.00
[23-Apr-2026 14:39:58 UTC] TOTAL GENERAL (Balance Neto): S/. 0.00
[23-Apr-2026 14:39:58 UTC] ═══════════════════════════════════════════════════════════
[23-Apr-2026 14:39:58 UTC] 
[23-Apr-2026 14:39:58 UTC] 🔍 [MERC_ADMIN_CARDS] drivers_sql: SELECT COALESCE(pm_driver.meta_value, pm_driver_alt.meta_value) AS driver_id, COUNT(DISTINCT p.ID) AS total_entregas FROM wp_posts p LEFT JOIN wp_postmeta pm_driver ON p.ID = pm_driver.post_id AND pm_driver.meta_key = 'wpcargo_driver' LEFT JOIN wp_postmeta pm_driver_alt ON p.ID = pm_driver_alt.post_id AND pm_driver_alt.meta_key = 'wpcargo_motorizo_recojo' WHERE p.post_type = 'wpcargo_shipment' AND p.post_status = 'publish' AND (pm_driver.meta_value IS NOT NULL OR pm_driver_alt.meta_value IS NOT NULL) AND ( EXISTS( SELECT 1 FROM wp_postmeta pm_pickup WHERE pm_pickup.post_id = p.ID AND pm_pickup.meta_key IN ('wpcargo_pickup_date_picker','wpcargo_pickup_date','calendarenvio','wpcargo_fecha_envio') AND ( (STR_TO_DATE(pm_pickup.meta_value, '%%d/%%m/%%Y') >= STR_TO_DATE('2026-04-23', '%%Y-%%m-%%d') AND STR_TO_DATE(pm_pickup.meta_value, '%%d/%%m/%%Y') <= STR_TO_DATE('2026-04-23', '%%Y-%%m-%%d')) OR (STR_TO_DATE(pm_pickup.meta_value, '%%Y-%%m-%%d') >= STR_TO_DATE('2026-04-23', '%%Y-%%m-%%d') AND STR_TO_DATE(pm_pickup.meta_value, '%%Y-%%m-%%d') <= STR_TO_DATE('2026-04-23', '%%Y-%%m-%%d')) OR (pm_pickup.meta_value BETWEEN '2026-04-23' AND '2026-04-23') OR (pm_pickup.meta_value LIKE '2026-04-23%') ) ) OR (p.post_date BETWEEN '2026-04-23 00:00:00' AND '2026-04-23 23:59:59') ) GROUP BY COALESCE(pm_driver.meta_value, pm_driver_alt.meta_value) ORDER BY total_entregas DESC
[23-Apr-2026 14:39:58 UTC] 🔍 [MERC_ADMIN_CARDS] sample_ids_count: 7
[23-Apr-2026 14:39:58 UTC] 🔍 [MERC_ADMIN_CARDS] sample shipment_id=6669 wpcargo_driver='' wpcargo_motorizo_recojo=''
[23-Apr-2026 14:39:58 UTC] 🔍 [MERC_ADMIN_CARDS] sample shipment_id=6670 wpcargo_driver='' wpcargo_motorizo_recojo=''
[23-Apr-2026 14:39:58 UTC] 🔍 [MERC_ADMIN_CARDS] sample shipment_id=6671 wpcargo_driver='' wpcargo_motorizo_recojo=''
[23-Apr-2026 14:39:58 UTC] 🔍 [MERC_ADMIN_CARDS] sample shipment_id=6672 wpcargo_driver='' wpcargo_motorizo_recojo=''
[23-Apr-2026 14:39:58 UTC] 🔍 [MERC_ADMIN_CARDS] sample shipment_id=6673 wpcargo_driver='' wpcargo_motorizo_recojo=''
[23-Apr-2026 14:39:58 UTC] 🔍 [MERC_ADMIN_CARDS] sample shipment_id=6674 wpcargo_driver='' wpcargo_motorizo_recojo=''
[23-Apr-2026 14:39:58 UTC] 🔍 [MERC_ADMIN_CARDS] sample shipment_id=6675 wpcargo_driver='' wpcargo_motorizo_recojo=''
[23-Apr-2026 14:39:58 UTC] 🔍 [MERC_ADMIN_CARDS] drivers_count: 1
[23-Apr-2026 14:39:58 UTC] 🔍 [MERC_ADMIN_CLIENTS] clients_sql: SELECT pm_sender.meta_value AS client_id, COUNT(DISTINCT p.ID) AS total_envios FROM wp_posts p LEFT JOIN wp_postmeta pm_sender ON p.ID = pm_sender.post_id AND pm_sender.meta_key = 'registered_shipper' WHERE p.post_type = 'wpcargo_shipment' AND p.post_status = 'publish' AND pm_sender.meta_value IS NOT NULL AND pm_sender.meta_value != '' AND ( EXISTS( SELECT 1 FROM wp_postmeta pm_pickup WHERE pm_pickup.post_id = p.ID AND pm_pickup.meta_key IN ('wpcargo_pickup_date_picker','wpcargo_pickup_date','calendarenvio','wpcargo_fecha_envio') AND ( (STR_TO_DATE(pm_pickup.meta_value, '%%d/%%m/%%Y') >= STR_TO_DATE('2026-04-23', '%%Y-%%m-%%d') AND STR_TO_DATE(pm_pickup.meta_value, '%%d/%%m/%%Y') <= STR_TO_DATE('2026-04-23', '%%Y-%%m-%%d')) OR (STR_TO_DATE(pm_pickup.meta_value, '%%Y-%%m-%%d') >= STR_TO_DATE('2026-04-23', '%%Y-%%m-%%d') AND STR_TO_DATE(pm_pickup.meta_value, '%%Y-%%m-%%d') <= STR_TO_DATE('2026-04-23', '%%Y-%%m-%%d')) OR (pm_pickup.meta_value BETWEEN '2026-04-23' AND '2026-04-23') OR (pm_pickup.meta_value LIKE '2026-04-23%') ) ) OR (p.post_date BETWEEN '2026-04-23 00:00:00' AND '2026-04-23 23:59:59') ) GROUP BY pm_sender.meta_value ORDER BY total_envios DESC
[23-Apr-2026 14:39:58 UTC] 🔍 [MERC_ADMIN_CLIENTS] clients_count: 2
[23-Apr-2026 14:39:58 UTC] 🔍 [MERC_ADMIN_CLIENTS] sample_ids_count: 7
[23-Apr-2026 14:39:58 UTC] 🔍 [MERC_ADMIN_CLIENTS] sample shipment_id=6669 registered_shipper='3'
[23-Apr-2026 14:39:58 UTC] 🔍 [MERC_ADMIN_CLIENTS] sample shipment_id=6670 registered_shipper='3'
[23-Apr-2026 14:39:58 UTC] 🔍 [MERC_ADMIN_CLIENTS] sample shipment_id=6671 registered_shipper='3'
[23-Apr-2026 14:39:58 UTC] 🔍 [MERC_ADMIN_CLIENTS] sample shipment_id=6672 registered_shipper='3'
[23-Apr-2026 14:39:58 UTC] 🔍 [MERC_ADMIN_CLIENTS] sample shipment_id=6673 registered_shipper='3'
[23-Apr-2026 14:39:58 UTC] 🔍 [MERC_ADMIN_CLIENTS] sample shipment_id=6674 registered_shipper='1'
[23-Apr-2026 14:39:58 UTC] 🔍 [MERC_ADMIN_CLIENTS] sample shipment_id=6675 registered_shipper='3'
[23-Apr-2026 14:40:13 UTC] 🔔 [MERC_LOG] Inicializado logger diario: /home/u727114368/domains/mercourier.com/public_html/wp-content/merc_logs/merc-debug-2026-04-23.log
[23-Apr-2026 14:40:13 UTC] 🔔 [MERC_LOG] Inicializado logger diario: /home/u727114368/domains/mercourier.com/public_html/wp-content/merc_logs/merc-debug-2026-04-23.log
[23-Apr-2026 14:40:14 UTC] 🔔 [MERC_LOG] Inicializado logger diario: /home/u727114368/domains/mercourier.com/public_html/wp-content/merc_logs/merc-debug-2026-04-23.log
[23-Apr-2026 14:40:47 UTC] 🔔 [MERC_LOG] Inicializado logger diario: /home/u727114368/domains/mercourier.com/public_html/wp-content/merc_logs/merc-debug-2026-04-23.log
[23-Apr-2026 14:40:48 UTC] 🔔 [MERC_LOG] Inicializado logger diario: /home/u727114368/domains/mercourier.com/public_html/wp-content/merc_logs/merc-debug-2026-04-23.log
[23-Apr-2026 14:40:48 UTC] 🔔 [MERC_LOG] Inicializado logger diario: /home/u727114368/domains/mercourier.com/public_html/wp-content/merc_logs/merc-debug-2026-04-23.log
[23-Apr-2026 14:40:57 UTC] 🔔 [MERC_LOG] Inicializado logger diario: /home/u727114368/domains/mercourier.com/public_html/wp-content/merc_logs/merc-debug-2026-04-23.log
[23-Apr-2026 14:40:58 UTC] 🔔 [MERC_LOG] Inicializado logger diario: /home/u727114368/domains/mercourier.com/public_html/wp-content/merc_logs/merc-debug-2026-04-23.log
[23-Apr-2026 14:41:57 UTC] 🔔 [MERC_LOG] Inicializado logger diario: /home/u727114368/domains/mercourier.com/public_html/wp-content/merc_logs/merc-debug-2026-04-23.log
[23-Apr-2026 14:41:57 UTC] 🔔 [MERC_LOG] Inicializado logger diario: /home/u727114368/domains/mercourier.com/public_html/wp-content/merc_logs/merc-debug-2026-04-23.log
[23-Apr-2026 14:41:57 UTC] 🔔 [MERC_LOG] Inicializado logger diario: /home/u727114368/domains/mercourier.com/public_html/wp-content/merc_logs/merc-debug-2026-04-23.log
[23-Apr-2026 14:48:43 UTC] 🔔 [MERC_LOG] Inicializado logger diario: /home/u727114368/domains/mercourier.com/public_html/wp-content/merc_logs/merc-debug-2026-04-23.log
[23-Apr-2026 14:48:43 UTC] 🔔 [MERC_LOG] Inicializado logger diario: /home/u727114368/domains/mercourier.com/public_html/wp-content/merc_logs/merc-debug-2026-04-23.log
[23-Apr-2026 14:48:55 UTC] 🔔 [MERC_LOG] Inicializado logger diario: /home/u727114368/domains/mercourier.com/public_html/wp-content/merc_logs/merc-debug-2026-04-23.log
[23-Apr-2026 14:48:55 UTC] 🔔 [MERC_LOG] Inicializado logger diario: /home/u727114368/domains/mercourier.com/public_html/wp-content/merc_logs/merc-debug-2026-04-23.log
[23-Apr-2026 14:48:57 UTC] 🔔 [MERC_LOG] Inicializado logger diario: /home/u727114368/domains/mercourier.com/public_html/wp-content/merc_logs/merc-debug-2026-04-23.log
[23-Apr-2026 14:48:58 UTC] 🔔 [MERC_LOG] Inicializado logger diario: /home/u727114368/domains/mercourier.com/public_html/wp-content/merc_logs/merc-debug-2026-04-23.log
[23-Apr-2026 14:48:58 UTC] 🔔 [MERC_LOG] Inicializado logger diario: /home/u727114368/domains/mercourier.com/public_html/wp-content/merc_logs/merc-debug-2026-04-23.log
[23-Apr-2026 14:48:58 UTC] Hostinger AI Assistant Log: JWT token generated for user ID: 37
[23-Apr-2026 14:49:20 UTC] 🔔 [MERC_LOG] Inicializado logger diario: /home/u727114368/domains/mercourier.com/public_html/wp-content/merc_logs/merc-debug-2026-04-23.log
[23-Apr-2026 14:49:24 UTC] 🔔 [MERC_LOG] Inicializado logger diario: /home/u727114368/domains/mercourier.com/public_html/wp-content/merc_logs/merc-debug-2026-04-23.log
[23-Apr-2026 14:49:24 UTC] 🔔 [MERC_LOG] Inicializado logger diario: /home/u727114368/domains/mercourier.com/public_html/wp-content/merc_logs/merc-debug-2026-04-23.log
[23-Apr-2026 14:49:25 UTC] 🔔 [MERC_LOG] Inicializado logger diario: /home/u727114368/domains/mercourier.com/public_html/wp-content/merc_logs/merc-debug-2026-04-23.log
[23-Apr-2026 14:49:25 UTC] 🔔 [MERC_LOG] Inicializado logger diario: /home/u727114368/domains/mercourier.com/public_html/wp-content/merc_logs/merc-debug-2026-04-23.log
[23-Apr-2026 14:49:25 UTC] Hostinger AI Assistant Log: JWT token generated for user ID: 37
[23-Apr-2026 14:50:25 UTC] 🔔 [MERC_LOG] Inicializado logger diario: /home/u727114368/domains/mercourier.com/public_html/wp-content/merc_logs/merc-debug-2026-04-23.log
[23-Apr-2026 14:50:26 UTC] 🔔 [MERC_LOG] Inicializado logger diario: /home/u727114368/domains/mercourier.com/public_html/wp-content/merc_logs/merc-debug-2026-04-23.log
[23-Apr-2026 14:52:26 UTC] 🔔 [MERC_LOG] Inicializado logger diario: /home/u727114368/domains/mercourier.com/public_html/wp-content/merc_logs/merc-debug-2026-04-23.log
[23-Apr-2026 14:52:27 UTC] 🔔 [MERC_LOG] Inicializado logger diario: /home/u727114368/domains/mercourier.com/public_html/wp-content/merc_logs/merc-debug-2026-04-23.log
[23-Apr-2026 14:54:28 UTC] 🔔 [MERC_LOG] Inicializado logger diario: /home/u727114368/domains/mercourier.com/public_html/wp-content/merc_logs/merc-debug-2026-04-23.log
[23-Apr-2026 14:54:28 UTC] 🔔 [MERC_LOG] Inicializado logger diario: /home/u727114368/domains/mercourier.com/public_html/wp-content/merc_logs/merc-debug-2026-04-23.log
[23-Apr-2026 14:56:28 UTC] 🔔 [MERC_LOG] Inicializado logger diario: /home/u727114368/domains/mercourier.com/public_html/wp-content/merc_logs/merc-debug-2026-04-23.log
[23-Apr-2026 14:56:29 UTC] 🔔 [MERC_LOG] Inicializado logger diario: /home/u727114368/domains/mercourier.com/public_html/wp-content/merc_logs/merc-debug-2026-04-23.log
[23-Apr-2026 14:57:23 UTC] 🔔 [MERC_LOG] Inicializado logger diario: /home/u727114368/domains/mercourier.com/public_html/wp-content/merc_logs/merc-debug-2026-04-23.log
[23-Apr-2026 14:57:24 UTC] 🔔 [MERC_LOG] Inicializado logger diario: /home/u727114368/domains/mercourier.com/public_html/wp-content/merc_logs/merc-debug-2026-04-23.log
[23-Apr-2026 14:57:25 UTC] 🔔 [MERC_LOG] Inicializado logger diario: /home/u727114368/domains/mercourier.com/public_html/wp-content/merc_logs/merc-debug-2026-04-23.log
[23-Apr-2026 14:57:26 UTC] 🔔 [MERC_LOG] Inicializado logger diario: /home/u727114368/domains/mercourier.com/public_html/wp-content/merc_logs/merc-debug-2026-04-23.log
[23-Apr-2026 14:57:27 UTC] 🔔 [MERC_LOG] Inicializado logger diario: /home/u727114368/domains/mercourier.com/public_html/wp-content/merc_logs/merc-debug-2026-04-23.log
[23-Apr-2026 14:57:28 UTC] 🔔 [MERC_LOG] Inicializado logger diario: /home/u727114368/domains/mercourier.com/public_html/wp-content/merc_logs/merc-debug-2026-04-23.log
[23-Apr-2026 14:57:28 UTC] 🔔 [MERC_LOG] Inicializado logger diario: /home/u727114368/domains/mercourier.com/public_html/wp-content/merc_logs/merc-debug-2026-04-23.log
[23-Apr-2026 14:58:29 UTC] 🔔 [MERC_LOG] Inicializado logger diario: /home/u727114368/domains/mercourier.com/public_html/wp-content/merc_logs/merc-debug-2026-04-23.log
[23-Apr-2026 14:58:29 UTC] 🔔 [MERC_LOG] Inicializado logger diario: /home/u727114368/domains/mercourier.com/public_html/wp-content/merc_logs/merc-debug-2026-04-23.log
[23-Apr-2026 14:59:31 UTC] 🔔 [MERC_LOG] Inicializado logger diario: /home/u727114368/domains/mercourier.com/public_html/wp-content/merc_logs/merc-debug-2026-04-23.log
[23-Apr-2026 14:59:31 UTC] 🔔 [MERC_LOG] Inicializado logger diario: /home/u727114368/domains/mercourier.com/public_html/wp-content/merc_logs/merc-debug-2026-04-23.log
[23-Apr-2026 15:01:31 UTC] 🔔 [MERC_LOG] Inicializado logger diario: /home/u727114368/domains/mercourier.com/public_html/wp-content/merc_logs/merc-debug-2026-04-23.log
[23-Apr-2026 15:01:32 UTC] 🔔 [MERC_LOG] Inicializado logger diario: /home/u727114368/domains/mercourier.com/public_html/wp-content/merc_logs/merc-debug-2026-04-23.log
[23-Apr-2026 15:03:32 UTC] 🔔 [MERC_LOG] Inicializado logger diario: /home/u727114368/domains/mercourier.com/public_html/wp-content/merc_logs/merc-debug-2026-04-23.log
[23-Apr-2026 15:03:32 UTC] 🔔 [MERC_LOG] Inicializado logger diario: /home/u727114368/domains/mercourier.com/public_html/wp-content/merc_logs/merc-debug-2026-04-23.log
[23-Apr-2026 15:04:32 UTC] 🔔 [MERC_LOG] Inicializado logger diario: /home/u727114368/domains/mercourier.com/public_html/wp-content/merc_logs/merc-debug-2026-04-23.log
[23-Apr-2026 15:04:32 UTC] 🔔 [MERC_LOG] Inicializado logger diario: /home/u727114368/domains/mercourier.com/public_html/wp-content/merc_logs/merc-debug-2026-04-23.log
[23-Apr-2026 15:05:32 UTC] 🔔 [MERC_LOG] Inicializado logger diario: /home/u727114368/domains/mercourier.com/public_html/wp-content/merc_logs/merc-debug-2026-04-23.log
[23-Apr-2026 15:05:32 UTC] 🔔 [MERC_LOG] Inicializado logger diario: /home/u727114368/domains/mercourier.com/public_html/wp-content/merc_logs/merc-debug-2026-04-23.log
[23-Apr-2026 15:06:19 UTC] 🔔 [MERC_LOG] Inicializado logger diario: /home/u727114368/domains/mercourier.com/public_html/wp-content/merc_logs/merc-debug-2026-04-23.log
[23-Apr-2026 15:06:19 UTC] 🔔 [MERC_LOG] Inicializado logger diario: /home/u727114368/domains/mercourier.com/public_html/wp-content/merc_logs/merc-debug-2026-04-23.log
[23-Apr-2026 15:06:23 UTC] 🔔 [MERC_LOG] Inicializado logger diario: /home/u727114368/domains/mercourier.com/public_html/wp-content/merc_logs/merc-debug-2026-04-23.log
[23-Apr-2026 15:06:24 UTC] 🔔 [MERC_LOG] Inicializado logger diario: /home/u727114368/domains/mercourier.com/public_html/wp-content/merc_logs/merc-debug-2026-04-23.log
[23-Apr-2026 15:06:25 UTC] 🔔 [MERC_LOG] Inicializado logger diario: /home/u727114368/domains/mercourier.com/public_html/wp-content/merc_logs/merc-debug-2026-04-23.log
[23-Apr-2026 15:06:28 UTC] 🔔 [MERC_LOG] Inicializado logger diario: /home/u727114368/domains/mercourier.com/public_html/wp-content/merc_logs/merc-debug-2026-04-23.log
[23-Apr-2026 15:06:28 UTC] 🔔 [MERC_LOG] Inicializado logger diario: /home/u727114368/domains/mercourier.com/public_html/wp-content/merc_logs/merc-debug-2026-04-23.log
[23-Apr-2026 15:06:29 UTC] 🔔 [MERC_LOG] Inicializado logger diario: /home/u727114368/domains/mercourier.com/public_html/wp-content/merc_logs/merc-debug-2026-04-23.log
[23-Apr-2026 15:06:29 UTC] 🔔 [MERC_LOG] Inicializado logger diario: /home/u727114368/domains/mercourier.com/public_html/wp-content/merc_logs/merc-debug-2026-04-23.log
[23-Apr-2026 15:06:29 UTC] 🔔 [MERC_LOG] Inicializado logger diario: /home/u727114368/domains/mercourier.com/public_html/wp-content/merc_logs/merc-debug-2026-04-23.log
[23-Apr-2026 15:06:29 UTC] 🔔 [MERC_LOG] Inicializado logger diario: /home/u727114368/domains/mercourier.com/public_html/wp-content/merc_logs/merc-debug-2026-04-23.log
[23-Apr-2026 15:06:29 UTC] 🔔 [MERC_LOG] Inicializado logger diario: /home/u727114368/domains/mercourier.com/public_html/wp-content/merc_logs/merc-debug-2026-04-23.log
[23-Apr-2026 15:06:29 UTC] 🔔 [MERC_LOG] Inicializado logger diario: /home/u727114368/domains/mercourier.com/public_html/wp-content/merc_logs/merc-debug-2026-04-23.log
[23-Apr-2026 15:06:42 UTC] 🔔 [MERC_LOG] Inicializado logger diario: /home/u727114368/domains/mercourier.com/public_html/wp-content/merc_logs/merc-debug-2026-04-23.log
[23-Apr-2026 15:06:42 UTC] 🔔 [MERC_LOG] Inicializado logger diario: /home/u727114368/domains/mercourier.com/public_html/wp-content/merc_logs/merc-debug-2026-04-23.log
[23-Apr-2026 15:06:43 UTC] 🔵 [FILTER] filter_shipment_by_date_and_tiendaname llamado
[23-Apr-2026 15:06:43 UTC] 🔵 [FILTER] Usuario actual: 37
[23-Apr-2026 15:06:43 UTC] 🔵 [FILTER] Args iniciales: {"post_type":"wpcargo_shipment","post_status":"publish","posts_per_page":10,"paged":1,"s":"","meta_query":{"relation":"AND","0":[]},"date_query":[{"after":"2026-02-22","before":"2026-04-23","inclusive":true}]}
[23-Apr-2026 15:06:43 UTC] 🔵 [FILTER] GET params: Array
(
)

[23-Apr-2026 15:06:43 UTC] 🔵 [FILTER] Sin parámetros de fecha, aplicando HOY por defecto: 2026-04-23
[23-Apr-2026 15:06:43 UTC] 🔵 [FILTER] Fecha desde: '2026-04-23' | Fecha hasta: '2026-04-23'
[23-Apr-2026 15:06:43 UTC] 🔵 [FILTER] has_from: true | has_to: true
[23-Apr-2026 15:06:43 UTC] 🔵 [FILTER] REMOVIENDO date_query para evitar conflicto
[23-Apr-2026 15:06:43 UTC] 🔵 [FILTER] SQL Query: 
            SELECT DISTINCT p.ID 
            FROM wp_posts p
            INNER JOIN wp_postmeta pm ON p.ID = pm.post_id
            WHERE p.post_type = 'wpcargo_shipment'
            AND pm.meta_key IN ('wpcargo_pickup_date_picker', 'wpcargo_pickup_date', 'calendarenvio', 'wpcargo_fecha_envio')
            AND (STR_TO_DATE(pm.meta_value, '%d/%m/%Y') >= STR_TO_DATE('2026-04-23', '%Y-%m-%d') AND STR_TO_DATE(pm.meta_value, '%d/%m/%Y') <= STR_TO_DATE('2026-04-23', '%Y-%m-%d'))
        
[23-Apr-2026 15:06:43 UTC] 🔵 [FILTER] IDs encontrados por fecha: 1
[23-Apr-2026 15:06:43 UTC] 🔵 [FILTER] Primeros 10 IDs: 6671
[23-Apr-2026 15:06:43 UTC] 🔵 [FILTER] post__in no existe, creando nuevo
[23-Apr-2026 15:06:43 UTC] 🔵 [FILTER] post_status cambiado a array para incluir estados normales (EXCLUYENDO trash)
[23-Apr-2026 15:06:43 UTC] 🔵 [FILTER] Args finales: {"post_type":"wpcargo_shipment","post_status":["publish","draft","pending","private"],"posts_per_page":10,"paged":1,"s":"","meta_query":{"relation":"AND","0":[]},"post__in":["6671"]}
[23-Apr-2026 15:06:46 UTC] 🔔 [MERC_LOG] Inicializado logger diario: /home/u727114368/domains/mercourier.com/public_html/wp-content/merc_logs/merc-debug-2026-04-23.log
[23-Apr-2026 15:06:47 UTC] 🔔 [MERC_LOG] Inicializado logger diario: /home/u727114368/domains/mercourier.com/public_html/wp-content/merc_logs/merc-debug-2026-04-23.log
[23-Apr-2026 15:06:48 UTC] 🔔 [MERC_LOG] Inicializado logger diario: /home/u727114368/domains/mercourier.com/public_html/wp-content/merc_logs/merc-debug-2026-04-23.log
[23-Apr-2026 15:06:48 UTC] 🔔 [MERC_LOG] Inicializado logger diario: /home/u727114368/domains/mercourier.com/public_html/wp-content/merc_logs/merc-debug-2026-04-23.log
[23-Apr-2026 15:06:52 UTC] 🔔 [MERC_LOG] Inicializado logger diario: /home/u727114368/domains/mercourier.com/public_html/wp-content/merc_logs/merc-debug-2026-04-23.log
[23-Apr-2026 15:07:24 UTC] 🔔 [MERC_LOG] Inicializado logger diario: /home/u727114368/domains/mercourier.com/public_html/wp-content/merc_logs/merc-debug-2026-04-23.log
[23-Apr-2026 15:07:24 UTC] 🔔 [MERC_LOG] Inicializado logger diario: /home/u727114368/domains/mercourier.com/public_html/wp-content/merc_logs/merc-debug-2026-04-23.log
[23-Apr-2026 15:07:26 UTC] 🔔 [MERC_LOG] Inicializado logger diario: /home/u727114368/domains/mercourier.com/public_html/wp-content/merc_logs/merc-debug-2026-04-23.log
[23-Apr-2026 15:07:27 UTC] 🔔 [MERC_LOG] Inicializado logger diario: /home/u727114368/domains/mercourier.com/public_html/wp-content/merc_logs/merc-debug-2026-04-23.log
[23-Apr-2026 15:08:27 UTC] 🔔 [MERC_LOG] Inicializado logger diario: /home/u727114368/domains/mercourier.com/public_html/wp-content/merc_logs/merc-debug-2026-04-23.log
[23-Apr-2026 15:08:27 UTC] 🔔 [MERC_LOG] Inicializado logger diario: /home/u727114368/domains/mercourier.com/public_html/wp-content/merc_logs/merc-debug-2026-04-23.log
[23-Apr-2026 15:09:28 UTC] 🔔 [MERC_LOG] Inicializado logger diario: /home/u727114368/domains/mercourier.com/public_html/wp-content/merc_logs/merc-debug-2026-04-23.log
[23-Apr-2026 15:09:29 UTC] 🔔 [MERC_LOG] Inicializado logger diario: /home/u727114368/domains/mercourier.com/public_html/wp-content/merc_logs/merc-debug-2026-04-23.log
[23-Apr-2026 15:10:15 UTC] 🔔 [MERC_LOG] Inicializado logger diario: /home/u727114368/domains/mercourier.com/public_html/wp-content/merc_logs/merc-debug-2026-04-23.log
[23-Apr-2026 15:10:15 UTC] 🔔 [MERC_LOG] Inicializado logger diario: /home/u727114368/domains/mercourier.com/public_html/wp-content/merc_logs/merc-debug-2026-04-23.log
[23-Apr-2026 15:10:18 UTC] 🔔 [MERC_LOG] Inicializado logger diario: /home/u727114368/domains/mercourier.com/public_html/wp-content/merc_logs/merc-debug-2026-04-23.log
[23-Apr-2026 15:10:18 UTC] 🔔 [MERC_LOG] Inicializado logger diario: /home/u727114368/domains/mercourier.com/public_html/wp-content/merc_logs/merc-debug-2026-04-23.log
[23-Apr-2026 15:10:25 UTC] 🔔 [MERC_LOG] Inicializado logger diario: /home/u727114368/domains/mercourier.com/public_html/wp-content/merc_logs/merc-debug-2026-04-23.log
[23-Apr-2026 15:10:30 UTC] 🔔 [MERC_LOG] Inicializado logger diario: /home/u727114368/domains/mercourier.com/public_html/wp-content/merc_logs/merc-debug-2026-04-23.log
[23-Apr-2026 15:10:30 UTC] 🔔 [MERC_LOG] Inicializado logger diario: /home/u727114368/domains/mercourier.com/public_html/wp-content/merc_logs/merc-debug-2026-04-23.log
[23-Apr-2026 15:10:30 UTC] 🔔 [MERC_LOG] Inicializado logger diario: /home/u727114368/domains/mercourier.com/public_html/wp-content/merc_logs/merc-debug-2026-04-23.log
[23-Apr-2026 15:10:33 UTC] 🔔 [MERC_LOG] Inicializado logger diario: /home/u727114368/domains/mercourier.com/public_html/wp-content/merc_logs/merc-debug-2026-04-23.log
[23-Apr-2026 15:10:33 UTC] 🔔 [MERC_LOG] Inicializado logger diario: /home/u727114368/domains/mercourier.com/public_html/wp-content/merc_logs/merc-debug-2026-04-23.log
[23-Apr-2026 15:11:09 UTC] 🔔 [MERC_LOG] Inicializado logger diario: /home/u727114368/domains/mercourier.com/public_html/wp-content/merc_logs/merc-debug-2026-04-23.log
[23-Apr-2026 15:11:09 UTC] 🔔 [MERC_LOG] Inicializado logger diario: /home/u727114368/domains/mercourier.com/public_html/wp-content/merc_logs/merc-debug-2026-04-23.log
[23-Apr-2026 15:11:10 UTC] 🔔 [MERC_LOG] Inicializado logger diario: /home/u727114368/domains/mercourier.com/public_html/wp-content/merc_logs/merc-debug-2026-04-23.log
[23-Apr-2026 15:11:11 UTC] 🔔 [MERC_LOG] Inicializado logger diario: /home/u727114368/domains/mercourier.com/public_html/wp-content/merc_logs/merc-debug-2026-04-23.log
[23-Apr-2026 15:11:13 UTC] 🔔 [MERC_LOG] Inicializado logger diario: /home/u727114368/domains/mercourier.com/public_html/wp-content/merc_logs/merc-debug-2026-04-23.log
[23-Apr-2026 15:11:20 UTC] 🔔 [MERC_LOG] Inicializado logger diario: /home/u727114368/domains/mercourier.com/public_html/wp-content/merc_logs/merc-debug-2026-04-23.log
[23-Apr-2026 15:11:24 UTC] 🔔 [MERC_LOG] Inicializado logger diario: /home/u727114368/domains/mercourier.com/public_html/wp-content/merc_logs/merc-debug-2026-04-23.log
[23-Apr-2026 15:11:25 UTC] 🔔 [MERC_LOG] Inicializado logger diario: /home/u727114368/domains/mercourier.com/public_html/wp-content/merc_logs/merc-debug-2026-04-23.log
[23-Apr-2026 15:12:25 UTC] 🔔 [MERC_LOG] Inicializado logger diario: /home/u727114368/domains/mercourier.com/public_html/wp-content/merc_logs/merc-debug-2026-04-23.log
[23-Apr-2026 15:12:25 UTC] 🔔 [MERC_LOG] Inicializado logger diario: /home/u727114368/domains/mercourier.com/public_html/wp-content/merc_logs/merc-debug-2026-04-23.log
[23-Apr-2026 15:14:27 UTC] 🔔 [MERC_LOG] Inicializado logger diario: /home/u727114368/domains/mercourier.com/public_html/wp-content/merc_logs/merc-debug-2026-04-23.log
[23-Apr-2026 15:14:27 UTC] 🔔 [MERC_LOG] Inicializado logger diario: /home/u727114368/domains/mercourier.com/public_html/wp-content/merc_logs/merc-debug-2026-04-23.log
[23-Apr-2026 15:16:26 UTC] 🔔 [MERC_LOG] Inicializado logger diario: /home/u727114368/domains/mercourier.com/public_html/wp-content/merc_logs/merc-debug-2026-04-23.log
[23-Apr-2026 15:16:27 UTC] 🔔 [MERC_LOG] Inicializado logger diario: /home/u727114368/domains/mercourier.com/public_html/wp-content/merc_logs/merc-debug-2026-04-23.log
[23-Apr-2026 15:17:26 UTC] 🔔 [MERC_LOG] Inicializado logger diario: /home/u727114368/domains/mercourier.com/public_html/wp-content/merc_logs/merc-debug-2026-04-23.log
[23-Apr-2026 15:17:27 UTC] 🔔 [MERC_LOG] Inicializado logger diario: /home/u727114368/domains/mercourier.com/public_html/wp-content/merc_logs/merc-debug-2026-04-23.log
[23-Apr-2026 15:18:26 UTC] 🔔 [MERC_LOG] Inicializado logger diario: /home/u727114368/domains/mercourier.com/public_html/wp-content/merc_logs/merc-debug-2026-04-23.log
[23-Apr-2026 15:18:26 UTC] 🔔 [MERC_LOG] Inicializado logger diario: /home/u727114368/domains/mercourier.com/public_html/wp-content/merc_logs/merc-debug-2026-04-23.log
[23-Apr-2026 15:19:27 UTC] 🔔 [MERC_LOG] Inicializado logger diario: /home/u727114368/domains/mercourier.com/public_html/wp-content/merc_logs/merc-debug-2026-04-23.log
[23-Apr-2026 15:19:27 UTC] 🔔 [MERC_LOG] Inicializado logger diario: /home/u727114368/domains/mercourier.com/public_html/wp-content/merc_logs/merc-debug-2026-04-23.log
[23-Apr-2026 15:20:29 UTC] 🔔 [MERC_LOG] Inicializado logger diario: /home/u727114368/domains/mercourier.com/public_html/wp-content/merc_logs/merc-debug-2026-04-23.log
[23-Apr-2026 15:20:29 UTC] 🔔 [MERC_LOG] Inicializado logger diario: /home/u727114368/domains/mercourier.com/public_html/wp-content/merc_logs/merc-debug-2026-04-23.log
[23-Apr-2026 15:22:29 UTC] 🔔 [MERC_LOG] Inicializado logger diario: /home/u727114368/domains/mercourier.com/public_html/wp-content/merc_logs/merc-debug-2026-04-23.log
[23-Apr-2026 15:22:30 UTC] 🔔 [MERC_LOG] Inicializado logger diario: /home/u727114368/domains/mercourier.com/public_html/wp-content/merc_logs/merc-debug-2026-04-23.log
[23-Apr-2026 15:24:31 UTC] 🔔 [MERC_LOG] Inicializado logger diario: /home/u727114368/domains/mercourier.com/public_html/wp-content/merc_logs/merc-debug-2026-04-23.log
[23-Apr-2026 15:24:31 UTC] 🔔 [MERC_LOG] Inicializado logger diario: /home/u727114368/domains/mercourier.com/public_html/wp-content/merc_logs/merc-debug-2026-04-23.log
[23-Apr-2026 15:26:32 UTC] 🔔 [MERC_LOG] Inicializado logger diario: /home/u727114368/domains/mercourier.com/public_html/wp-content/merc_logs/merc-debug-2026-04-23.log
[23-Apr-2026 15:26:32 UTC] 🔔 [MERC_LOG] Inicializado logger diario: /home/u727114368/domains/mercourier.com/public_html/wp-content/merc_logs/merc-debug-2026-04-23.log
[23-Apr-2026 15:28:32 UTC] 🔔 [MERC_LOG] Inicializado logger diario: /home/u727114368/domains/mercourier.com/public_html/wp-content/merc_logs/merc-debug-2026-04-23.log
[23-Apr-2026 15:28:32 UTC] 🔔 [MERC_LOG] Inicializado logger diario: /home/u727114368/domains/mercourier.com/public_html/wp-content/merc_logs/merc-debug-2026-04-23.log
[23-Apr-2026 15:30:34 UTC] 🔔 [MERC_LOG] Inicializado logger diario: /home/u727114368/domains/mercourier.com/public_html/wp-content/merc_logs/merc-debug-2026-04-23.log
[23-Apr-2026 15:30:34 UTC] 🔔 [MERC_LOG] Inicializado logger diario: /home/u727114368/domains/mercourier.com/public_html/wp-content/merc_logs/merc-debug-2026-04-23.log
[23-Apr-2026 15:31:34 UTC] 🔔 [MERC_LOG] Inicializado logger diario: /home/u727114368/domains/mercourier.com/public_html/wp-content/merc_logs/merc-debug-2026-04-23.log
[23-Apr-2026 15:31:34 UTC] 🔔 [MERC_LOG] Inicializado logger diario: /home/u727114368/domains/mercourier.com/public_html/wp-content/merc_logs/merc-debug-2026-04-23.log
[23-Apr-2026 15:33:07 UTC] 🔔 [MERC_LOG] Inicializado logger diario: /home/u727114368/domains/mercourier.com/public_html/wp-content/merc_logs/merc-debug-2026-04-23.log
[23-Apr-2026 15:33:13 UTC] 🔔 [MERC_LOG] Inicializado logger diario: /home/u727114368/domains/mercourier.com/public_html/wp-content/merc_logs/merc-debug-2026-04-23.log
[23-Apr-2026 15:33:35 UTC] 🔔 [MERC_LOG] Inicializado logger diario: /home/u727114368/domains/mercourier.com/public_html/wp-content/merc_logs/merc-debug-2026-04-23.log
[23-Apr-2026 15:33:36 UTC] PHP Notice:  La función as_next_scheduled_action ha sido llamada <strong>de forma incorrecta</strong>. as_next_scheduled_action() was called before the Action Scheduler data store was initialized Por favor, ve <a href="https://developer.wordpress.org/advanced-administration/debug/debug-wordpress/">depuración en WordPress</a> para más información. (Este mensaje fue añadido en la versión 3.1.6). in /home/u727114368/domains/mercourier.com/public_html/wp-includes/functions.php on line 6121
[23-Apr-2026 15:33:36 UTC] 🔔 [MERC_LOG] Inicializado logger diario: /home/u727114368/domains/mercourier.com/public_html/wp-content/merc_logs/merc-debug-2026-04-23.log
[23-Apr-2026 15:33:36 UTC] PHP Notice:  La función as_next_scheduled_action ha sido llamada <strong>de forma incorrecta</strong>. as_next_scheduled_action() was called before the Action Scheduler data store was initialized Por favor, ve <a href="https://developer.wordpress.org/advanced-administration/debug/debug-wordpress/">depuración en WordPress</a> para más información. (Este mensaje fue añadido en la versión 3.1.6). in /home/u727114368/domains/mercourier.com/public_html/wp-includes/functions.php on line 6121
[23-Apr-2026 15:35:37 UTC] 🔔 [MERC_LOG] Inicializado logger diario: /home/u727114368/domains/mercourier.com/public_html/wp-content/merc_logs/merc-debug-2026-04-23.log
[23-Apr-2026 15:35:37 UTC] 🔔 [MERC_LOG] Inicializado logger diario: /home/u727114368/domains/mercourier.com/public_html/wp-content/merc_logs/merc-debug-2026-04-23.log
[23-Apr-2026 15:37:39 UTC] 🔔 [MERC_LOG] Inicializado logger diario: /home/u727114368/domains/mercourier.com/public_html/wp-content/merc_logs/merc-debug-2026-04-23.log
[23-Apr-2026 15:37:39 UTC] 🔔 [MERC_LOG] Inicializado logger diario: /home/u727114368/domains/mercourier.com/public_html/wp-content/merc_logs/merc-debug-2026-04-23.log
[23-Apr-2026 23:45:53 UTC] 🔔 [MERC_LOG] Inicializado logger diario: /home/u727114368/domains/mercourier.com/public_html/wp-content/merc_logs/merc-debug-2026-04-23.log
[23-Apr-2026 23:45:53 UTC] 🔔 [MERC_LOG] Inicializado logger diario: /home/u727114368/domains/mercourier.com/public_html/wp-content/merc_logs/merc-debug-2026-04-23.log
[23-Apr-2026 23:45:53 UTC] 
════════════════════════════════════════════════════════════
[23-Apr-2026 23:45:53 UTC] 🧹 [LIMPIEZA DIARIA] Eliminando merc_motorizo_recojo_default de todos los usuarios
[23-Apr-2026 23:45:53 UTC] ════════════════════════════════════════════════════════════
[23-Apr-2026 23:45:53 UTC] 📊 Usuarios con motorizado_recojo_default: 0
[23-Apr-2026 23:45:53 UTC] 🔄 Total usuarios limpios: 0
[23-Apr-2026 23:45:53 UTC] ✅ [LIMPIEZA DIARIA COMPLETADA] Próxima ejecución en 24 horas
[23-Apr-2026 23:45:53 UTC] ════════════════════════════════════════════════════════════

[23-Apr-2026 23:48:12 UTC] 🔔 [MERC_LOG] Inicializado logger diario: /home/u727114368/domains/mercourier.com/public_html/wp-content/merc_logs/merc-debug-2026-04-23.log
[23-Apr-2026 23:48:12 UTC] 🔔 [MERC_LOG] Inicializado logger diario: /home/u727114368/domains/mercourier.com/public_html/wp-content/merc_logs/merc-debug-2026-04-23.log
[23-Apr-2026 23:48:27 UTC] 🔔 [MERC_LOG] Inicializado logger diario: /home/u727114368/domains/mercourier.com/public_html/wp-content/merc_logs/merc-debug-2026-04-23.log
[23-Apr-2026 23:48:27 UTC] 🔔 [MERC_LOG] Inicializado logger diario: /home/u727114368/domains/mercourier.com/public_html/wp-content/merc_logs/merc-debug-2026-04-23.log
[23-Apr-2026 23:48:28 UTC] PHP Notice:  La función as_next_scheduled_action ha sido llamada <strong>de forma incorrecta</strong>. as_next_scheduled_action() was called before the Action Scheduler data store was initialized Por favor, ve <a href="https://developer.wordpress.org/advanced-administration/debug/debug-wordpress/">depuración en WordPress</a> para más información. (Este mensaje fue añadido en la versión 3.1.6). in /home/u727114368/domains/mercourier.com/public_html/wp-includes/functions.php on line 6121
[23-Apr-2026 23:48:53 UTC] 🔔 [MERC_LOG] Inicializado logger diario: /home/u727114368/domains/mercourier.com/public_html/wp-content/merc_logs/merc-debug-2026-04-23.log
[23-Apr-2026 23:48:53 UTC] 🔔 [MERC_LOG] Inicializado logger diario: /home/u727114368/domains/mercourier.com/public_html/wp-content/merc_logs/merc-debug-2026-04-23.log
[23-Apr-2026 23:48:54 UTC] 🔔 [MERC_LOG] Inicializado logger diario: /home/u727114368/domains/mercourier.com/public_html/wp-content/merc_logs/merc-debug-2026-04-23.log
[23-Apr-2026 23:48:59 UTC] 🔔 [MERC_LOG] Inicializado logger diario: /home/u727114368/domains/mercourier.com/public_html/wp-content/merc_logs/merc-debug-2026-04-23.log
[23-Apr-2026 23:49:13 UTC] 🔔 [MERC_LOG] Inicializado logger diario: /home/u727114368/domains/mercourier.com/public_html/wp-content/merc_logs/merc-debug-2026-04-23.log
[23-Apr-2026 23:49:13 UTC] 🔵 [FILTER] filter_shipment_by_date_and_tiendaname llamado
[23-Apr-2026 23:49:13 UTC] 🔵 [FILTER] Usuario actual: 37
[23-Apr-2026 23:49:13 UTC] 🔵 [FILTER] Args iniciales: {"post_type":"wpcargo_shipment","post_status":"publish","posts_per_page":10,"paged":1,"s":"","meta_query":{"relation":"AND","0":[]},"date_query":[{"after":"2026-02-22","before":"2026-04-23","inclusive":true}]}
[23-Apr-2026 23:49:13 UTC] 🔵 [FILTER] GET params: Array
(
)

[23-Apr-2026 23:49:13 UTC] 🔵 [FILTER] Sin parámetros de fecha, aplicando HOY por defecto: 2026-04-23
[23-Apr-2026 23:49:13 UTC] 🔵 [FILTER] Fecha desde: '2026-04-23' | Fecha hasta: '2026-04-23'
[23-Apr-2026 23:49:13 UTC] 🔵 [FILTER] has_from: true | has_to: true
[23-Apr-2026 23:49:13 UTC] 🔵 [FILTER] REMOVIENDO date_query para evitar conflicto
[23-Apr-2026 23:49:13 UTC] 🔵 [FILTER] SQL Query: 
            SELECT DISTINCT p.ID 
            FROM wp_posts p
            INNER JOIN wp_postmeta pm ON p.ID = pm.post_id
            WHERE p.post_type = 'wpcargo_shipment'
            AND pm.meta_key IN ('wpcargo_pickup_date_picker', 'wpcargo_pickup_date', 'calendarenvio', 'wpcargo_fecha_envio')
            AND (STR_TO_DATE(pm.meta_value, '%d/%m/%Y') >= STR_TO_DATE('2026-04-23', '%Y-%m-%d') AND STR_TO_DATE(pm.meta_value, '%d/%m/%Y') <= STR_TO_DATE('2026-04-23', '%Y-%m-%d'))
        
[23-Apr-2026 23:49:13 UTC] 🔵 [FILTER] IDs encontrados por fecha: 1
[23-Apr-2026 23:49:13 UTC] 🔵 [FILTER] Primeros 10 IDs: 6671
[23-Apr-2026 23:49:13 UTC] 🔵 [FILTER] post__in no existe, creando nuevo
[23-Apr-2026 23:49:13 UTC] 🔵 [FILTER] post_status cambiado a array para incluir estados normales (EXCLUYENDO trash)
[23-Apr-2026 23:49:13 UTC] 🔵 [FILTER] Args finales: {"post_type":"wpcargo_shipment","post_status":["publish","draft","pending","private"],"posts_per_page":10,"paged":1,"s":"","meta_query":{"relation":"AND","0":[]},"post__in":["6671"]}
[23-Apr-2026 23:49:25 UTC] 🔔 [MERC_LOG] Inicializado logger diario: /home/u727114368/domains/mercourier.com/public_html/wp-content/merc_logs/merc-debug-2026-04-23.log
[23-Apr-2026 23:49:25 UTC] 🔔 [MERC_LOG] Inicializado logger diario: /home/u727114368/domains/mercourier.com/public_html/wp-content/merc_logs/merc-debug-2026-04-23.log
[23-Apr-2026 23:49:34 UTC] 🔔 [MERC_LOG] Inicializado logger diario: /home/u727114368/domains/mercourier.com/public_html/wp-content/merc_logs/merc-debug-2026-04-23.log
[23-Apr-2026 23:49:34 UTC] PHP Warning:  Undefined variable $tipo_vista in /home/u727114368/domains/mercourier.com/public_html/wp-content/themes/blocksy-child/functions.php on line 8589
[23-Apr-2026 23:49:34 UTC] MERC_ADMIN_RESUMEN - date_query="AND ( 
        EXISTS( 
            SELECT 1 FROM wp_postmeta pm_pickup 
            WHERE pm_pickup.post_id = p.ID 
              AND pm_pickup.meta_key IN ('wpcargo_pickup_date_picker','wpcargo_pickup_date','calendarenvio','wpcargo_fecha_envio')
              AND (
                    (STR_TO_DATE(pm_pickup.meta_value, '%%d/%%m/%%Y') >= STR_TO_DATE('2026-04-23', '%%Y-%%m-%%d') AND STR_TO_DATE(pm_pickup.meta_value, '%%d/%%m/%%Y') <= STR_TO_DATE('2026-04-23', '%%Y-%%m-%%d'))
                 OR (STR_TO_DATE(pm_pickup.meta_value, '%%Y-%%m-%%d') >= STR_TO_DATE('2026-04-23', '%%Y-%%m-%%d') AND STR_TO_DATE(pm_pickup.meta_value, '%%Y-%%m-%%d') <= STR_TO_DATE('2026-04-23', '%%Y-%%m-%%d'))
                 OR (pm_pickup.meta_value BETWEEN '2026-04-23' AND '2026-04-23')
                 OR (pm_pickup.meta_value LIKE '2026-04-23%')
              )
        )
        OR (p.post_date BETWEEN '2026-04-23 00:00:00' AND '2026-04-23 23:59:59')
    )"
[23-Apr-2026 23:49:34 UTC] MERC_ADMIN_RESUMEN - shipments_count=7
[23-Apr-2026 23:49:34 UTC] ═══════════════════════════════════════════════════════════
[23-Apr-2026 23:49:34 UTC] 🔍 MERC_ADMIN_DEBUG - INICIANDO CÁLCULOS DEL PANEL
[23-Apr-2026 23:49:34 UTC] ═══════════════════════════════════════════════════════════
[23-Apr-2026 23:49:34 UTC] 
[23-Apr-2026 23:49:34 UTC] ────────────────────────────────────────────────────────
[23-Apr-2026 23:49:34 UTC] 📦 SHIPMENT #6669
[23-Apr-2026 23:49:34 UTC]    Costo Envío: S/. 0.00
[23-Apr-2026 23:49:34 UTC]    Costo Producto: S/. 0.00
[23-Apr-2026 23:49:34 UTC]    Estado Motorizado: pendiente
[23-Apr-2026 23:49:34 UTC]    Estado Remitente (liquidado): VACÍO
[23-Apr-2026 23:49:34 UTC]    Quién Paga: remitente
[23-Apr-2026 23:49:34 UTC]    Estado Entrega: PENDIENTE
[23-Apr-2026 23:49:34 UTC]    ❌ NO ENTREGADO aún (estado: PENDIENTE)
[23-Apr-2026 23:49:34 UTC]    ¿Liquidado? NO
[23-Apr-2026 23:49:34 UTC]    ❌ NO SUMADO a ingresos envíos (aún no liquidado)
[23-Apr-2026 23:49:34 UTC]    Cliente 3 - ¿Liquidación verificada? NO
[23-Apr-2026 23:49:34 UTC]    TOTALES ACUMULADOS: pago_merc=S/. 0.00, pos=S/. 0.00, pago_marca=S/. 0.00, servicio=S/. 0.00
[23-Apr-2026 23:49:34 UTC]    GET_PAYMENT_TOTALS: efectivo=S/. 0.00, pago_merc=S/. 0.00, pos=S/. 0.00, pago_marca=S/. 0.00, total=S/. 0.00
[23-Apr-2026 23:49:34 UTC]    Efectivo Total acumulado: S/. 0.00
[23-Apr-2026 23:49:34 UTC]    ✅ SUMADO A RECAUDADO_MERC: S/. 0.00 (Total: S/. 0.00)
[23-Apr-2026 23:49:34 UTC]    ✅ SUMADO A RECAUDADO_MARCA: S/. 0.00 (Total: S/. 0.00)
[23-Apr-2026 23:49:34 UTC]    ✅ SUMADO A POS_RECAUDADO: S/. 0.00 (Total: S/. 0.00)
[23-Apr-2026 23:49:34 UTC] 
[23-Apr-2026 23:49:34 UTC] ────────────────────────────────────────────────────────
[23-Apr-2026 23:49:34 UTC] 📦 SHIPMENT #6670
[23-Apr-2026 23:49:34 UTC]    Costo Envío: S/. 0.00
[23-Apr-2026 23:49:34 UTC]    Costo Producto: S/. 0.00
[23-Apr-2026 23:49:34 UTC]    Estado Motorizado: pendiente
[23-Apr-2026 23:49:34 UTC]    Estado Remitente (liquidado): VACÍO
[23-Apr-2026 23:49:34 UTC]    Quién Paga: remitente
[23-Apr-2026 23:49:34 UTC]    Estado Entrega: PENDIENTE
[23-Apr-2026 23:49:34 UTC]    ❌ NO ENTREGADO aún (estado: PENDIENTE)
[23-Apr-2026 23:49:34 UTC]    ¿Liquidado? NO
[23-Apr-2026 23:49:34 UTC]    ❌ NO SUMADO a ingresos envíos (aún no liquidado)
[23-Apr-2026 23:49:34 UTC]    Cliente 3 - ¿Liquidación verificada? NO
[23-Apr-2026 23:49:34 UTC]    TOTALES ACUMULADOS: pago_merc=S/. 0.00, pos=S/. 0.00, pago_marca=S/. 0.00, servicio=S/. 0.00
[23-Apr-2026 23:49:34 UTC]    GET_PAYMENT_TOTALS: efectivo=S/. 0.00, pago_merc=S/. 0.00, pos=S/. 0.00, pago_marca=S/. 0.00, total=S/. 0.00
[23-Apr-2026 23:49:34 UTC]    Efectivo Total acumulado: S/. 0.00
[23-Apr-2026 23:49:34 UTC]    ✅ SUMADO A RECAUDADO_MERC: S/. 0.00 (Total: S/. 0.00)
[23-Apr-2026 23:49:34 UTC]    ✅ SUMADO A RECAUDADO_MARCA: S/. 0.00 (Total: S/. 0.00)
[23-Apr-2026 23:49:34 UTC]    ✅ SUMADO A POS_RECAUDADO: S/. 0.00 (Total: S/. 0.00)
[23-Apr-2026 23:49:34 UTC] 
[23-Apr-2026 23:49:34 UTC] ────────────────────────────────────────────────────────
[23-Apr-2026 23:49:34 UTC] 📦 SHIPMENT #6671
[23-Apr-2026 23:49:34 UTC]    Costo Envío: S/. 10.00
[23-Apr-2026 23:49:34 UTC]    Costo Producto: S/. 0.00
[23-Apr-2026 23:49:34 UTC]    Estado Motorizado: pendiente
[23-Apr-2026 23:49:34 UTC]    Estado Remitente (liquidado): VACÍO
[23-Apr-2026 23:49:34 UTC]    Quién Paga: remitente
[23-Apr-2026 23:49:34 UTC]    Estado Entrega: PENDIENTE
[23-Apr-2026 23:49:34 UTC]    ❌ NO ENTREGADO aún (estado: PENDIENTE)
[23-Apr-2026 23:49:34 UTC]    ¿Liquidado? NO
[23-Apr-2026 23:49:34 UTC]    ❌ NO SUMADO a ingresos envíos (aún no liquidado)
[23-Apr-2026 23:49:34 UTC]    Cliente 3 - ¿Liquidación verificada? NO
[23-Apr-2026 23:49:34 UTC]    TOTALES ACUMULADOS: pago_merc=S/. 0.00, pos=S/. 0.00, pago_marca=S/. 0.00, servicio=S/. 10.00
[23-Apr-2026 23:49:34 UTC]    GET_PAYMENT_TOTALS: efectivo=S/. 0.00, pago_merc=S/. 0.00, pos=S/. 0.00, pago_marca=S/. 0.00, total=S/. 0.00
[23-Apr-2026 23:49:34 UTC]    Efectivo Total acumulado: S/. 0.00
[23-Apr-2026 23:49:34 UTC]    ✅ SUMADO A RECAUDADO_MERC: S/. 0.00 (Total: S/. 0.00)
[23-Apr-2026 23:49:34 UTC]    ✅ SUMADO A RECAUDADO_MARCA: S/. 0.00 (Total: S/. 0.00)
[23-Apr-2026 23:49:34 UTC]    ✅ SUMADO A POS_RECAUDADO: S/. 0.00 (Total: S/. 0.00)
[23-Apr-2026 23:49:34 UTC] 
[23-Apr-2026 23:49:34 UTC] ────────────────────────────────────────────────────────
[23-Apr-2026 23:49:34 UTC] 📦 SHIPMENT #6672
[23-Apr-2026 23:49:34 UTC]    Costo Envío: S/. 0.00
[23-Apr-2026 23:49:34 UTC]    Costo Producto: S/. 0.00
[23-Apr-2026 23:49:34 UTC]    Estado Motorizado: pendiente
[23-Apr-2026 23:49:34 UTC]    Estado Remitente (liquidado): VACÍO
[23-Apr-2026 23:49:34 UTC]    Quién Paga: remitente
[23-Apr-2026 23:49:34 UTC]    Estado Entrega: PENDIENTE
[23-Apr-2026 23:49:34 UTC]    ❌ NO ENTREGADO aún (estado: PENDIENTE)
[23-Apr-2026 23:49:34 UTC]    ¿Liquidado? NO
[23-Apr-2026 23:49:34 UTC]    ❌ NO SUMADO a ingresos envíos (aún no liquidado)
[23-Apr-2026 23:49:34 UTC]    Cliente 3 - ¿Liquidación verificada? NO
[23-Apr-2026 23:49:34 UTC]    TOTALES ACUMULADOS: pago_merc=S/. 0.00, pos=S/. 0.00, pago_marca=S/. 0.00, servicio=S/. 10.00
[23-Apr-2026 23:49:34 UTC]    GET_PAYMENT_TOTALS: efectivo=S/. 0.00, pago_merc=S/. 0.00, pos=S/. 0.00, pago_marca=S/. 0.00, total=S/. 0.00
[23-Apr-2026 23:49:34 UTC]    Efectivo Total acumulado: S/. 0.00
[23-Apr-2026 23:49:34 UTC]    ✅ SUMADO A RECAUDADO_MERC: S/. 0.00 (Total: S/. 0.00)
[23-Apr-2026 23:49:34 UTC]    ✅ SUMADO A RECAUDADO_MARCA: S/. 0.00 (Total: S/. 0.00)
[23-Apr-2026 23:49:34 UTC]    ✅ SUMADO A POS_RECAUDADO: S/. 0.00 (Total: S/. 0.00)
[23-Apr-2026 23:49:34 UTC] 
[23-Apr-2026 23:49:34 UTC] ────────────────────────────────────────────────────────
[23-Apr-2026 23:49:34 UTC] 📦 SHIPMENT #6673
[23-Apr-2026 23:49:34 UTC]    Costo Envío: S/. 0.00
[23-Apr-2026 23:49:34 UTC]    Costo Producto: S/. 0.00
[23-Apr-2026 23:49:34 UTC]    Estado Motorizado: pendiente
[23-Apr-2026 23:49:34 UTC]    Estado Remitente (liquidado): VACÍO
[23-Apr-2026 23:49:34 UTC]    Quién Paga: remitente
[23-Apr-2026 23:49:34 UTC]    Estado Entrega: PENDIENTE
[23-Apr-2026 23:49:34 UTC]    ❌ NO ENTREGADO aún (estado: PENDIENTE)
[23-Apr-2026 23:49:34 UTC]    ¿Liquidado? NO
[23-Apr-2026 23:49:34 UTC]    ❌ NO SUMADO a ingresos envíos (aún no liquidado)
[23-Apr-2026 23:49:34 UTC]    Cliente 3 - ¿Liquidación verificada? NO
[23-Apr-2026 23:49:34 UTC]    TOTALES ACUMULADOS: pago_merc=S/. 0.00, pos=S/. 0.00, pago_marca=S/. 0.00, servicio=S/. 10.00
[23-Apr-2026 23:49:34 UTC]    GET_PAYMENT_TOTALS: efectivo=S/. 0.00, pago_merc=S/. 0.00, pos=S/. 0.00, pago_marca=S/. 0.00, total=S/. 0.00
[23-Apr-2026 23:49:34 UTC]    Efectivo Total acumulado: S/. 0.00
[23-Apr-2026 23:49:34 UTC]    ✅ SUMADO A RECAUDADO_MERC: S/. 0.00 (Total: S/. 0.00)
[23-Apr-2026 23:49:34 UTC]    ✅ SUMADO A RECAUDADO_MARCA: S/. 0.00 (Total: S/. 0.00)
[23-Apr-2026 23:49:34 UTC]    ✅ SUMADO A POS_RECAUDADO: S/. 0.00 (Total: S/. 0.00)
[23-Apr-2026 23:49:34 UTC] 
[23-Apr-2026 23:49:34 UTC] ────────────────────────────────────────────────────────
[23-Apr-2026 23:49:34 UTC] 📦 SHIPMENT #6674
[23-Apr-2026 23:49:34 UTC]    Costo Envío: S/. 0.00
[23-Apr-2026 23:49:34 UTC]    Costo Producto: S/. 0.00
[23-Apr-2026 23:49:34 UTC]    Estado Motorizado: pendiente
[23-Apr-2026 23:49:34 UTC]    Estado Remitente (liquidado): VACÍO
[23-Apr-2026 23:49:34 UTC]    Quién Paga: remitente
[23-Apr-2026 23:49:34 UTC]    Estado Entrega: PENDIENTE
[23-Apr-2026 23:49:34 UTC]    ❌ NO ENTREGADO aún (estado: PENDIENTE)
[23-Apr-2026 23:49:34 UTC]    ¿Liquidado? NO
[23-Apr-2026 23:49:34 UTC]    ❌ NO SUMADO a ingresos envíos (aún no liquidado)
[23-Apr-2026 23:49:34 UTC]    Cliente 1 - ¿Liquidación verificada? NO
[23-Apr-2026 23:49:34 UTC]    TOTALES ACUMULADOS: pago_merc=S/. 0.00, pos=S/. 0.00, pago_marca=S/. 0.00, servicio=S/. 0.00
[23-Apr-2026 23:49:34 UTC]    GET_PAYMENT_TOTALS: efectivo=S/. 0.00, pago_merc=S/. 0.00, pos=S/. 0.00, pago_marca=S/. 0.00, total=S/. 0.00
[23-Apr-2026 23:49:34 UTC]    Efectivo Total acumulado: S/. 0.00
[23-Apr-2026 23:49:34 UTC]    ✅ SUMADO A RECAUDADO_MERC: S/. 0.00 (Total: S/. 0.00)
[23-Apr-2026 23:49:34 UTC]    ✅ SUMADO A RECAUDADO_MARCA: S/. 0.00 (Total: S/. 0.00)
[23-Apr-2026 23:49:34 UTC]    ✅ SUMADO A POS_RECAUDADO: S/. 0.00 (Total: S/. 0.00)
[23-Apr-2026 23:49:34 UTC] 
[23-Apr-2026 23:49:34 UTC] ────────────────────────────────────────────────────────
[23-Apr-2026 23:49:34 UTC] 📦 SHIPMENT #6675
[23-Apr-2026 23:49:34 UTC]    Costo Envío: S/. 0.00
[23-Apr-2026 23:49:34 UTC]    Costo Producto: S/. 0.00
[23-Apr-2026 23:49:34 UTC]    Estado Motorizado: pendiente
[23-Apr-2026 23:49:34 UTC]    Estado Remitente (liquidado): VACÍO
[23-Apr-2026 23:49:34 UTC]    Quién Paga: remitente
[23-Apr-2026 23:49:34 UTC]    Estado Entrega: PENDIENTE
[23-Apr-2026 23:49:34 UTC]    ❌ NO ENTREGADO aún (estado: PENDIENTE)
[23-Apr-2026 23:49:34 UTC]    ¿Liquidado? NO
[23-Apr-2026 23:49:34 UTC]    ❌ NO SUMADO a ingresos envíos (aún no liquidado)
[23-Apr-2026 23:49:34 UTC]    Cliente 3 - ¿Liquidación verificada? NO
[23-Apr-2026 23:49:34 UTC]    TOTALES ACUMULADOS: pago_merc=S/. 0.00, pos=S/. 0.00, pago_marca=S/. 0.00, servicio=S/. 10.00
[23-Apr-2026 23:49:34 UTC]    GET_PAYMENT_TOTALS: efectivo=S/. 0.00, pago_merc=S/. 0.00, pos=S/. 0.00, pago_marca=S/. 0.00, total=S/. 0.00
[23-Apr-2026 23:49:34 UTC]    Efectivo Total acumulado: S/. 0.00
[23-Apr-2026 23:49:34 UTC]    ✅ SUMADO A RECAUDADO_MERC: S/. 0.00 (Total: S/. 0.00)
[23-Apr-2026 23:49:34 UTC]    ✅ SUMADO A RECAUDADO_MARCA: S/. 0.00 (Total: S/. 0.00)
[23-Apr-2026 23:49:34 UTC]    ✅ SUMADO A POS_RECAUDADO: S/. 0.00 (Total: S/. 0.00)
[23-Apr-2026 23:49:34 UTC] 
[23-Apr-2026 23:49:34 UTC] ═══════════════════════════════════════════════════════════
[23-Apr-2026 23:49:34 UTC] 🔍 CÁLCULO DE SALDOS POR CLIENTE
[23-Apr-2026 23:49:34 UTC] ═══════════════════════════════════════════════════════════
[23-Apr-2026 23:49:34 UTC] 👤 Cliente 3
[23-Apr-2026 23:49:34 UTC]    pago_merc: S/. 0.00
[23-Apr-2026 23:49:34 UTC]    pos: S/. 0.00
[23-Apr-2026 23:49:34 UTC]    pago_marca: S/. 0.00
[23-Apr-2026 23:49:34 UTC]    servicio: S/. 10.00
[23-Apr-2026 23:49:34 UTC]    balance = (pago_merc + pos) - servicio = (0.00 + 0.00) - 10.00 = S/. -10.00
[23-Apr-2026 23:49:34 UTC]    ❌ NO SUMADO (balance ≤ 0)
[23-Apr-2026 23:49:34 UTC] 👤 Cliente 1
[23-Apr-2026 23:49:34 UTC]    pago_merc: S/. 0.00
[23-Apr-2026 23:49:34 UTC]    pos: S/. 0.00
[23-Apr-2026 23:49:34 UTC]    pago_marca: S/. 0.00
[23-Apr-2026 23:49:34 UTC]    servicio: S/. 0.00
[23-Apr-2026 23:49:34 UTC]    balance = (pago_merc + pos) - servicio = (0.00 + 0.00) - 0.00 = S/. 0.00
[23-Apr-2026 23:49:34 UTC]    ❌ NO SUMADO (balance ≤ 0)
[23-Apr-2026 23:49:34 UTC] MERC_DEBUG_CLIENT_BALANCE_SUM - por_pagar_rem=0.00
[23-Apr-2026 23:49:34 UTC] 
[23-Apr-2026 23:49:34 UTC] ═══════════════════════════════════════════════════════════
[23-Apr-2026 23:49:34 UTC] 📊 RESUMEN FINAL DE CÁLCULOS DEL PANEL ADMIN
[23-Apr-2026 23:49:34 UTC] ═══════════════════════════════════════════════════════════
[23-Apr-2026 23:49:34 UTC] Total Entregados: S/. 0.00 (TODOS los envíos entregados)
[23-Apr-2026 23:49:34 UTC] Ingresos por Envíos: S/. 0.00 (solo liquidados)
[23-Apr-2026 23:49:34 UTC] Efectivo Total: S/. 0.00
[23-Apr-2026 23:49:34 UTC] Recaudado por MERC: S/. 0.00
[23-Apr-2026 23:49:34 UTC] Recaudado por MARCA: S/. 0.00
[23-Apr-2026 23:49:34 UTC] Recaudado por POS: S/. 0.00
[23-Apr-2026 23:49:34 UTC] Por Pagar Remitentes: S/. 0.00
[23-Apr-2026 23:49:34 UTC] Penalidades del día: S/. 0.00
[23-Apr-2026 23:49:34 UTC] TOTAL GENERAL (Balance Neto): S/. 0.00
[23-Apr-2026 23:49:34 UTC] ═══════════════════════════════════════════════════════════
[23-Apr-2026 23:49:34 UTC] 
[23-Apr-2026 23:49:34 UTC] 🔍 [MERC_ADMIN_CARDS] drivers_sql: SELECT COALESCE(pm_driver.meta_value, pm_driver_alt.meta_value) AS driver_id, COUNT(DISTINCT p.ID) AS total_entregas FROM wp_posts p LEFT JOIN wp_postmeta pm_driver ON p.ID = pm_driver.post_id AND pm_driver.meta_key = 'wpcargo_driver' LEFT JOIN wp_postmeta pm_driver_alt ON p.ID = pm_driver_alt.post_id AND pm_driver_alt.meta_key = 'wpcargo_motorizo_recojo' WHERE p.post_type = 'wpcargo_shipment' AND p.post_status = 'publish' AND (pm_driver.meta_value IS NOT NULL OR pm_driver_alt.meta_value IS NOT NULL) AND ( EXISTS( SELECT 1 FROM wp_postmeta pm_pickup WHERE pm_pickup.post_id = p.ID AND pm_pickup.meta_key IN ('wpcargo_pickup_date_picker','wpcargo_pickup_date','calendarenvio','wpcargo_fecha_envio') AND ( (STR_TO_DATE(pm_pickup.meta_value, '%%d/%%m/%%Y') >= STR_TO_DATE('2026-04-23', '%%Y-%%m-%%d') AND STR_TO_DATE(pm_pickup.meta_value, '%%d/%%m/%%Y') <= STR_TO_DATE('2026-04-23', '%%Y-%%m-%%d')) OR (STR_TO_DATE(pm_pickup.meta_value, '%%Y-%%m-%%d') >= STR_TO_DATE('2026-04-23', '%%Y-%%m-%%d') AND STR_TO_DATE(pm_pickup.meta_value, '%%Y-%%m-%%d') <= STR_TO_DATE('2026-04-23', '%%Y-%%m-%%d')) OR (pm_pickup.meta_value BETWEEN '2026-04-23' AND '2026-04-23') OR (pm_pickup.meta_value LIKE '2026-04-23%') ) ) OR (p.post_date BETWEEN '2026-04-23 00:00:00' AND '2026-04-23 23:59:59') ) GROUP BY COALESCE(pm_driver.meta_value, pm_driver_alt.meta_value) ORDER BY total_entregas DESC
[23-Apr-2026 23:49:34 UTC] 🔍 [MERC_ADMIN_CARDS] sample_ids_count: 7
[23-Apr-2026 23:49:34 UTC] 🔍 [MERC_ADMIN_CARDS] sample shipment_id=6669 wpcargo_driver='' wpcargo_motorizo_recojo=''
[23-Apr-2026 23:49:34 UTC] 🔍 [MERC_ADMIN_CARDS] sample shipment_id=6670 wpcargo_driver='' wpcargo_motorizo_recojo=''
[23-Apr-2026 23:49:34 UTC] 🔍 [MERC_ADMIN_CARDS] sample shipment_id=6671 wpcargo_driver='' wpcargo_motorizo_recojo=''
[23-Apr-2026 23:49:34 UTC] 🔍 [MERC_ADMIN_CARDS] sample shipment_id=6672 wpcargo_driver='' wpcargo_motorizo_recojo=''
[23-Apr-2026 23:49:34 UTC] 🔍 [MERC_ADMIN_CARDS] sample shipment_id=6673 wpcargo_driver='' wpcargo_motorizo_recojo=''
[23-Apr-2026 23:49:34 UTC] 🔍 [MERC_ADMIN_CARDS] sample shipment_id=6674 wpcargo_driver='' wpcargo_motorizo_recojo=''
[23-Apr-2026 23:49:34 UTC] 🔍 [MERC_ADMIN_CARDS] sample shipment_id=6675 wpcargo_driver='' wpcargo_motorizo_recojo=''
[23-Apr-2026 23:49:34 UTC] 🔍 [MERC_ADMIN_CARDS] drivers_count: 1
[23-Apr-2026 23:49:34 UTC] 🔍 [MERC_ADMIN_CLIENTS] clients_sql: SELECT pm_sender.meta_value AS client_id, COUNT(DISTINCT p.ID) AS total_envios FROM wp_posts p LEFT JOIN wp_postmeta pm_sender ON p.ID = pm_sender.post_id AND pm_sender.meta_key = 'registered_shipper' WHERE p.post_type = 'wpcargo_shipment' AND p.post_status = 'publish' AND pm_sender.meta_value IS NOT NULL AND pm_sender.meta_value != '' AND ( EXISTS( SELECT 1 FROM wp_postmeta pm_pickup WHERE pm_pickup.post_id = p.ID AND pm_pickup.meta_key IN ('wpcargo_pickup_date_picker','wpcargo_pickup_date','calendarenvio','wpcargo_fecha_envio') AND ( (STR_TO_DATE(pm_pickup.meta_value, '%%d/%%m/%%Y') >= STR_TO_DATE('2026-04-23', '%%Y-%%m-%%d') AND STR_TO_DATE(pm_pickup.meta_value, '%%d/%%m/%%Y') <= STR_TO_DATE('2026-04-23', '%%Y-%%m-%%d')) OR (STR_TO_DATE(pm_pickup.meta_value, '%%Y-%%m-%%d') >= STR_TO_DATE('2026-04-23', '%%Y-%%m-%%d') AND STR_TO_DATE(pm_pickup.meta_value, '%%Y-%%m-%%d') <= STR_TO_DATE('2026-04-23', '%%Y-%%m-%%d')) OR (pm_pickup.meta_value BETWEEN '2026-04-23' AND '2026-04-23') OR (pm_pickup.meta_value LIKE '2026-04-23%') ) ) OR (p.post_date BETWEEN '2026-04-23 00:00:00' AND '2026-04-23 23:59:59') ) GROUP BY pm_sender.meta_value ORDER BY total_envios DESC
[23-Apr-2026 23:49:34 UTC] 🔍 [MERC_ADMIN_CLIENTS] clients_count: 2
[23-Apr-2026 23:49:34 UTC] 🔍 [MERC_ADMIN_CLIENTS] sample_ids_count: 7
[23-Apr-2026 23:49:34 UTC] 🔍 [MERC_ADMIN_CLIENTS] sample shipment_id=6669 registered_shipper='3'
[23-Apr-2026 23:49:34 UTC] 🔍 [MERC_ADMIN_CLIENTS] sample shipment_id=6670 registered_shipper='3'
[23-Apr-2026 23:49:34 UTC] 🔍 [MERC_ADMIN_CLIENTS] sample shipment_id=6671 registered_shipper='3'
[23-Apr-2026 23:49:34 UTC] 🔍 [MERC_ADMIN_CLIENTS] sample shipment_id=6672 registered_shipper='3'
[23-Apr-2026 23:49:34 UTC] 🔍 [MERC_ADMIN_CLIENTS] sample shipment_id=6673 registered_shipper='3'
[23-Apr-2026 23:49:34 UTC] 🔍 [MERC_ADMIN_CLIENTS] sample shipment_id=6674 registered_shipper='1'
[23-Apr-2026 23:49:34 UTC] 🔍 [MERC_ADMIN_CLIENTS] sample shipment_id=6675 registered_shipper='3'
